"DESCRIPTION","DURATION IN MS","NAME","PARENT SUITE","START TIME","STATUS","STOP TIME","SUB SUITE","SUITE","TEST CLASS","TEST METHOD"
"","161","Test Solana SDK Test SPL Token Transaction LUNRon","","2026-09-11","passed","2026-09-11","","Test Solana SDK","Test Solana SDK Test SPL Token Transaction LUNRon",""
"","170","Test Solana SDK Test SPL Token Transaction PYPLon","","2026-09-11","passed","2026-09-11","","Test Solana SDK","Test Solana SDK Test SPL Token Transaction PYPLon",""
"","1508","Test ADA SDK Test sign transaction StakeWithdraw with token","","2026-09-11","passed","2026-09-11","","Test ADA SDK","Test ADA SDK Test sign transaction StakeWithdraw with token",""
"","1","Test KAS SDK Test validateTransaction Test transaction with max value","","2026-09-11","passed","2026-09-11","","Test KAS SDK","Test KAS SDK Test validateTransaction Test transaction with max value",""
"","291","Test KSM SDK Test KSM Transfer transfer with address 0","","2026-09-11","passed","2026-09-11","","Test DOT SDK","Test KSM SDK Test KSM Transfer transfer with address 0",""
"","0","assertTokenTransferSupported rejects a token amount above uint64 max (2^64)","","2026-09-11","passed","2026-09-11","","getTokenInfoArgument: official token payloads","assertTokenTransferSupported rejects a token amount above uint64 max (2^64)",""
"","1","Test KAS SDK Test validateOutputs Test normal output","","2026-09-11","passed","2026-09-11","","Test KAS SDK","Test KAS SDK Test validateOutputs Test normal output",""
"","160","Test Solana SDK Test SPL Token Transaction WCCon","","2026-09-11","passed","2026-09-11","","Test Solana SDK","Test Solana SDK Test SPL Token Transaction WCCon",""
"","163","Test Solana SDK Test SPL Token Transaction FIGon","","2026-09-11","passed","2026-09-11","","Test Solana SDK","Test Solana SDK Test SPL Token Transaction FIGon",""
"","162","Test Solana SDK Test SPL Token Transaction HIIon","","2026-09-11","passed","2026-09-11","","Test Solana SDK","Test Solana SDK Test SPL Token Transaction HIIon",""
"","162","Test Solana SDK Test SPL Token Transaction FXIon","","2026-09-11","passed","2026-09-11","","Test Solana SDK","Test Solana SDK Test SPL Token Transaction FXIon",""
"","163","Test Solana SDK Test SPL Token Transaction EWYon","","2026-09-11","passed","2026-09-11","","Test Solana SDK","Test Solana SDK Test SPL Token Transaction EWYon",""
"","164","Test Solana SDK Test SPL Token Transaction EFVon","","2026-09-11","passed","2026-09-11","","Test Solana SDK","Test Solana SDK Test SPL Token Transaction EFVon",""
"","0","assertTokenTransferSupported rejects a token amount passed as an unsafe JS number","","2026-09-11","passed","2026-09-11","","getTokenInfoArgument: official token payloads","assertTokenTransferSupported rejects a token amount passed as an unsafe JS number",""
"","219","Test Solana SDK Test Normal Transfer","","2026-09-11","passed","2026-09-11","","Test Solana SDK","Test Solana SDK Test Normal Transfer",""
"","160","Test Solana SDK Test SPL Token Transaction UNHon","","2026-09-11","passed","2026-09-11","","Test Solana SDK","Test Solana SDK Test SPL Token Transaction UNHon",""
"","173","Test Solana SDK Test SPL Token Transaction BBAIon","","2026-09-11","passed","2026-09-11","","Test Solana SDK","Test Solana SDK Test SPL Token Transaction BBAIon",""
"","1","isBase58Format rejects a 64-char hex pubkey that happens to contain no ""0"" (CW-29159)","","2026-09-11","passed","2026-09-11","","isBase58Format","isBase58Format rejects a 64-char hex pubkey that happens to contain no ""0"" (CW-29159)",""
"","165","Test Solana SDK Test SPL Token Transaction AIPon","","2026-09-11","passed","2026-09-11","","Test Solana SDK","Test Solana SDK Test SPL Token Transaction AIPon",""
"","1","Test Sui SDK Test Sign Coin Transfer Test Coin Transfer Transaction Failed With Empty String As Gas Price","","2026-09-11","passed","2026-09-11","","Test Sui SDK","Test Sui SDK Test Sign Coin Transfer Test Coin Transfer Transaction Failed With Empty String As Gas Price",""
"","166","Test Solana SDK Test SPL Token Transaction AVGOon","","2026-09-11","passed","2026-09-11","","Test Solana SDK","Test Solana SDK Test SPL Token Transaction AVGOon",""
"","1","Test scriptUtil.getXXXArguments function getSignVersionedArguments","","2026-09-11","passed","2026-09-11","","Test scriptUtil.getXXXArguments function","Test scriptUtil.getXXXArguments function getSignVersionedArguments",""
"","125","Test ICX SDK get address","","2026-09-11","passed","2026-09-11","","Test ICX SDK","Test ICX SDK get address",""
"","92","Test ZEC SDK Test Get Address P2PKH","","2026-09-11","passed","2026-09-11","","Test ZEC SDK","Test ZEC SDK Test Get Address P2PKH",""
"","161","Test Solana SDK Test SPL Token Transaction HYGWon","","2026-09-11","passed","2026-09-11","","Test Solana SDK","Test Solana SDK Test SPL Token Transaction HYGWon",""
"","163","Test Solana SDK Test SPL Token Transaction COINon","","2026-09-11","passed","2026-09-11","","Test Solana SDK","Test Solana SDK Test SPL Token Transaction COINon",""
"","164","Test Solana SDK Test SPL Token Transaction ADBEon","","2026-09-11","passed","2026-09-11","","Test Solana SDK","Test Solana SDK Test SPL Token Transaction ADBEon",""
"","163","Test Solana SDK Test SPL Token Transaction SPGIon","","2026-09-11","passed","2026-09-11","","Test Solana SDK","Test Solana SDK Test SPL Token Transaction SPGIon",""
"","0","Test Sui SDK Test Sign Token Transfer Transaction Test Token Transfer Transaction Failed With Empty Gas Payment","","2026-09-11","passed","2026-09-11","","Test Sui SDK","Test Sui SDK Test Sign Token Transfer Transaction Test Token Transfer Transaction Failed With Empty Gas Payment",""
"","424","Test DOGE SDK Test Get index 0 address","","2026-09-11","passed","2026-09-11","","Test DOGE SDK","Test DOGE SDK Test Get index 0 address",""
"","166","Test Solana SDK Test SPL Token Transaction APOon","","2026-09-11","passed","2026-09-11","","Test Solana SDK","Test Solana SDK Test SPL Token Transaction APOon",""
"","162","Test Solana SDK Test SPL Token Transaction MRNAon","","2026-09-11","passed","2026-09-11","","Test Solana SDK","Test Solana SDK Test SPL Token Transaction MRNAon",""
"","167","Test Solana SDK Test SPL Token Transaction ABNBon","","2026-09-11","passed","2026-09-11","","Test Solana SDK","Test Solana SDK Test SPL Token Transaction ABNBon",""
"","166","Test Solana SDK Test SPL Token Transaction BABAon","","2026-09-11","passed","2026-09-11","","Test Solana SDK","Test Solana SDK Test SPL Token Transaction BABAon",""
"","166","Test Solana SDK Test SPL Token Transaction AXPon","","2026-09-11","passed","2026-09-11","","Test Solana SDK","Test Solana SDK Test SPL Token Transaction AXPon",""
"","159","Test Solana SDK Test SPL Token Transaction TMUSon","","2026-09-11","passed","2026-09-11","","Test Solana SDK","Test Solana SDK Test SPL Token Transaction TMUSon",""
"","164","Test Solana SDK Test SPL Token Transaction NETon","","2026-09-11","passed","2026-09-11","","Test Solana SDK","Test Solana SDK Test SPL Token Transaction NETon",""
"","1","assertTokenTransferSupported accepts a large token amount passed as a string (up to uint64)","","2026-09-11","passed","2026-09-11","","getTokenInfoArgument: official token payloads","assertTokenTransferSupported accepts a large token amount passed as a string (up to uint64)",""
"","411","Test Sui SDK Test Sign Coin Transfer Test Coin Transfer Transaction Success With 99999999 SUI","","2026-09-11","passed","2026-09-11","","Test Sui SDK","Test Sui SDK Test Sign Coin Transfer Test Coin Transfer Transaction Success With 99999999 SUI",""
"","2","Test Sui SDK Test Sign Coin Transfer Test Coin Transfer Transaction Failed With 0 SUI","","2026-09-11","passed","2026-09-11","","Test Sui SDK","Test Sui SDK Test Sign Coin Transfer Test Coin Transfer Transaction Failed With 0 SUI",""
"","162","Test Solana SDK Test SPL Token Transaction METAon","","2026-09-11","passed","2026-09-11","","Test Solana SDK","Test Solana SDK Test SPL Token Transaction METAon",""
"","164","Test Solana SDK Test SPL Token Transaction CATon","","2026-09-11","passed","2026-09-11","","Test Solana SDK","Test Solana SDK Test SPL Token Transaction CATon",""
"","163","Test Solana SDK Test SPL Token Transaction MEIon","","2026-09-11","passed","2026-09-11","","Test Solana SDK","Test Solana SDK Test SPL Token Transaction MEIon",""
"","162","Test Solana SDK Test SPL Token Transaction TTMIon","","2026-09-11","passed","2026-09-11","","Test Solana SDK","Test Solana SDK Test SPL Token Transaction TTMIon",""
"","162","Test Solana SDK Test SPL Token Transaction SYSBon","","2026-09-11","passed","2026-09-11","","Test Solana SDK","Test Solana SDK Test SPL Token Transaction SYSBon",""
"","0","Test KAS SDK Test validateOutputs Test without outputs","","2026-09-11","passed","2026-09-11","","Test KAS SDK","Test KAS SDK Test validateOutputs Test without outputs",""
"","163","Test Solana SDK Test SPL Token Transaction INCEon","","2026-09-11","passed","2026-09-11","","Test Solana SDK","Test Solana SDK Test SPL Token Transaction INCEon",""
"","163","Test Solana SDK Test SPL Token Transaction BEon","","2026-09-11","passed","2026-09-11","","Test Solana SDK","Test Solana SDK Test SPL Token Transaction BEon",""
"","1","isBase58Format accepts a valid 43-char base58 pubkey","","2026-09-11","passed","2026-09-11","","isBase58Format","isBase58Format accepts a valid 43-char base58 pubkey",""
"","164","Test Solana SDK Test SPL Token Transaction COROon","","2026-09-11","passed","2026-09-11","","Test Solana SDK","Test Solana SDK Test SPL Token Transaction COROon",""
"","162","Test Solana SDK Test SPL Token Transaction NVOon","","2026-09-11","passed","2026-09-11","","Test Solana SDK","Test Solana SDK Test SPL Token Transaction NVOon",""
"","341","Test ICX SDK sign tx","","2026-09-11","passed","2026-09-11","","Test ICX SDK","Test ICX SDK sign tx",""
"","160","Test Solana SDK Test SPL Token Transaction XOMon","","2026-09-11","passed","2026-09-11","","Test Solana SDK","Test Solana SDK Test SPL Token Transaction XOMon",""
"","192","Test KAS SDK Test signing a transaction with 2 outputs, where one output is 0.2 KAS with the version 0 address","","2026-09-11","passed","2026-09-11","","Test KAS SDK","Test KAS SDK Test signing a transaction with 2 outputs, where one output is 0.2 KAS with the version 0 address",""
"","161","Test Solana SDK Test SPL Token Transaction EXTRon","","2026-09-11","passed","2026-09-11","","Test Solana SDK","Test Solana SDK Test SPL Token Transaction EXTRon",""
"","161","Test BTC SDK Sign Transfer Tx with explicit nSequence P2SH_P2WPKH: version=2 + sequence=0xfffffffd（signal RBF）的簽章驗得過","","2026-09-11","passed","2026-09-11","","Test BTC SDK","Test BTC SDK Sign Transfer Tx with explicit nSequence P2SH_P2WPKH: version=2 + sequence=0xfffffffd（signal RBF）的簽章驗得過",""
"","165","Test Solana SDK Test SPL Token Transaction BOTZon","","2026-09-11","passed","2026-09-11","","Test Solana SDK","Test Solana SDK Test SPL Token Transaction BOTZon",""
"","0","Test Sui SDK Test Sign Token Transfer Transaction Test Token Transfer Transaction Failed With Empty String As Gas Budget","","2026-09-11","passed","2026-09-11","","Test Sui SDK","Test Sui SDK Test Sign Token Transfer Transaction Test Token Transfer Transaction Failed With Empty String As Gas Budget",""
"","502","Test TRX SDK Sign Transfer Tx sign for transfer 1 TRX","","2026-09-11","passed","2026-09-11","","Test TRX SDK","Test TRX SDK Sign Transfer Tx sign for transfer 1 TRX",""
"","161","Test Solana SDK Test SPL Token Transaction COFon","","2026-09-11","passed","2026-09-11","","Test Solana SDK","Test Solana SDK Test SPL Token Transaction COFon",""
"","164","Test Solana SDK Test SPL Token Transaction EFAon","","2026-09-11","passed","2026-09-11","","Test Solana SDK","Test Solana SDK Test SPL Token Transaction EFAon",""
"","170","Test Solana SDK Test SPL Token Transaction ACLSon","","2026-09-11","passed","2026-09-11","","Test Solana SDK","Test Solana SDK Test SPL Token Transaction ACLSon",""
"","165","Test Solana SDK Test SPL Token Transaction AMCon","","2026-09-11","passed","2026-09-11","","Test Solana SDK","Test Solana SDK Test SPL Token Transaction AMCon",""
"","160","Test Solana SDK Test SPL Token Transaction PDDon","","2026-09-11","passed","2026-09-11","","Test Solana SDK","Test Solana SDK Test SPL Token Transaction PDDon",""
"","1","Test KAS SDK Test getTransferArgument with v1 output address","","2026-09-11","passed","2026-09-11","","Test KAS SDK","Test KAS SDK Test getTransferArgument with v1 output address",""
"","0","TRX signature assembly is always 65 bytes for normal r value","","2026-09-11","passed","2026-09-11","","TRX signature assembly","TRX signature assembly is always 65 bytes for normal r value",""
"","163","Test Solana SDK Test SPL Token Transaction UNGon","","2026-09-11","passed","2026-09-11","","Test Solana SDK","Test Solana SDK Test SPL Token Transaction UNGon",""
"","170","Test Solana SDK Test SPL Token Transaction APPon","","2026-09-11","passed","2026-09-11","","Test Solana SDK","Test Solana SDK Test SPL Token Transaction APPon",""
"","0","genCROSigFromSESig signature is always 64 bytes when s has a leading-zero byte","","2026-09-11","passed","2026-09-11","","genCROSigFromSESig","genCROSigFromSESig signature is always 64 bytes when s has a leading-zero byte",""
"","165","Test Solana SDK Test SPL Token Transaction SOXSon","","2026-09-11","passed","2026-09-11","","Test Solana SDK","Test Solana SDK Test SPL Token Transaction SOXSon",""
"","161","Test Solana SDK Test SPL Token Transaction MBLYon","","2026-09-11","passed","2026-09-11","","Test Solana SDK","Test Solana SDK Test SPL Token Transaction MBLYon",""
"","1","Test KAS SDK Test getAddressByPublicKey with version 0","","2026-09-11","passed","2026-09-11","","Test KAS SDK","Test KAS SDK Test getAddressByPublicKey with version 0",""
"","162","Test Solana SDK Test SPL Token Transaction HALon","","2026-09-11","passed","2026-09-11","","Test Solana SDK","Test Solana SDK Test SPL Token Transaction HALon",""
"","162","Test Solana SDK Test SPL Token Transaction TELon","","2026-09-11","passed","2026-09-11","","Test Solana SDK","Test Solana SDK Test SPL Token Transaction TELon",""
"","161","Test Solana SDK Test SPL Token Transaction TASKon","","2026-09-11","passed","2026-09-11","","Test Solana SDK","Test Solana SDK Test SPL Token Transaction TASKon",""
"","159","Test Solana SDK Test SPL Token Transaction SAPon","","2026-09-11","passed","2026-09-11","","Test Solana SDK","Test Solana SDK Test SPL Token Transaction SAPon",""
"","162","Test Solana SDK Test SPL Token Transaction POWLon","","2026-09-11","passed","2026-09-11","","Test Solana SDK","Test Solana SDK Test SPL Token Transaction POWLon",""
"","80","Test Sui SDK Test Sign Smart Transaction Test Smart Transaction Failed With Different Sender","","2026-09-11","passed","2026-09-11","","Test Sui SDK","Test Sui SDK Test Sign Smart Transaction Test Smart Transaction Failed With Different Sender",""
"","162","Test Solana SDK Test SPL Token Transaction TMon","","2026-09-11","passed","2026-09-11","","Test Solana SDK","Test Solana SDK Test SPL Token Transaction TMon",""
"","160","Test Solana SDK Test SPL Token Transaction ONDSon","","2026-09-11","passed","2026-09-11","","Test Solana SDK","Test Solana SDK Test SPL Token Transaction ONDSon",""
"","1","Test KAS SDK Test validateChange Test transaction with invalid change","","2026-09-11","passed","2026-09-11","","Test KAS SDK","Test KAS SDK Test validateChange Test transaction with invalid change",""
"","443","Test BSC SDK Test Get Address index 0 address","","2026-09-11","passed","2026-09-11","","Test BSC SDK","Test BSC SDK Test Get Address index 0 address",""
"","165","Test Solana SDK Test SPL Token Transaction CIFRon","","2026-09-11","passed","2026-09-11","","Test Solana SDK","Test Solana SDK Test SPL Token Transaction CIFRon",""
"","163","Test Solana SDK Test SPL Token Transaction ENPHon","","2026-09-11","passed","2026-09-11","","Test Solana SDK","Test Solana SDK Test SPL Token Transaction ENPHon",""
"","160","Test Solana SDK Test SPL Token Transaction XYLDon","","2026-09-11","passed","2026-09-11","","Test Solana SDK","Test Solana SDK Test SPL Token Transaction XYLDon",""
"","0","Test Sui SDK Test Sign Token Transfer Transaction Test Token Transfer Transaction Failed With Invalid String As Gas Budget","","2026-09-11","passed","2026-09-11","","Test Sui SDK","Test Sui SDK Test Sign Token Transfer Transaction Test Token Transfer Transaction Failed With Invalid String As Gas Budget",""
"","170","Test Solana SDK Test SPL Token Transaction ACNon","","2026-09-11","passed","2026-09-11","","Test Solana SDK","Test Solana SDK Test SPL Token Transaction ACNon",""
"","82","Test XLM SDK Test KAU CoinType Test Get index 0 address","","2026-09-11","passed","2026-09-11","","Test XLM SDK","Test XLM SDK Test KAU CoinType Test Get index 0 address",""
"","162","Test Solana SDK Test SPL Token Transaction SBUXon","","2026-09-11","passed","2026-09-11","","Test Solana SDK","Test Solana SDK Test SPL Token Transaction SBUXon",""
"","162","Test Solana SDK Test SPL Token Transaction NOKon","","2026-09-11","passed","2026-09-11","","Test Solana SDK","Test Solana SDK Test SPL Token Transaction NOKon",""
"","395","Test Sui SDK Test Sign Token Transfer Transaction Test Token Transfer Transaction Success With 99999999 USDC","","2026-09-11","passed","2026-09-11","","Test Sui SDK","Test Sui SDK Test Sign Token Transfer Transaction Test Token Transfer Transaction Success With 99999999 USDC",""
"","162","Test Solana SDK Test SPL Token Transaction HIVEon","","2026-09-11","passed","2026-09-11","","Test Solana SDK","Test Solana SDK Test SPL Token Transaction HIVEon",""
"","165","Test Solana SDK Test SPL Token Transaction AIQon","","2026-09-11","passed","2026-09-11","","Test Solana SDK","Test Solana SDK Test SPL Token Transaction AIQon",""
"","161","Test Solana SDK Test SPL Token Transaction USFRon","","2026-09-11","passed","2026-09-11","","Test Solana SDK","Test Solana SDK Test SPL Token Transaction USFRon",""
"","160","Test Solana SDK Test Normal Transfer With SignTransferTransaction","","2026-09-11","passed","2026-09-11","","Test Solana SDK","Test Solana SDK Test Normal Transfer With SignTransferTransaction",""
"","165","Test Solana SDK Test SPL Token Transaction BINCon","","2026-09-11","passed","2026-09-11","","Test Solana SDK","Test Solana SDK Test SPL Token Transaction BINCon",""
"","159","Test Solana SDK Test SPL Token Transaction WMBon","","2026-09-11","passed","2026-09-11","","Test Solana SDK","Test Solana SDK Test SPL Token Transaction WMBon",""
"","161","Test Solana SDK Test SPL Token Transaction SNAPon","","2026-09-11","passed","2026-09-11","","Test Solana SDK","Test Solana SDK Test SPL Token Transaction SNAPon",""
"","160","Test Solana SDK Test SPL Token Transaction QQQon","","2026-09-11","passed","2026-09-11","","Test Solana SDK","Test Solana SDK Test SPL Token Transaction QQQon",""
"","162","Test Solana SDK Test SPL Token Transaction URAon","","2026-09-11","passed","2026-09-11","","Test Solana SDK","Test Solana SDK Test SPL Token Transaction URAon",""
"","164","Test Solana SDK Test SPL Token Transaction MSFTon","","2026-09-11","passed","2026-09-11","","Test Solana SDK","Test Solana SDK Test SPL Token Transaction MSFTon",""
"","161","Test Solana SDK Test SPL Token Transaction KEYSon","","2026-09-11","passed","2026-09-11","","Test Solana SDK","Test Solana SDK Test SPL Token Transaction KEYSon",""
"","163","Test Solana SDK Test SPL Token Transaction AOSLon","","2026-09-11","passed","2026-09-11","","Test Solana SDK","Test Solana SDK Test SPL Token Transaction AOSLon",""
"","162","Test Solana SDK Test SPL Token Transaction MARAon","","2026-09-11","passed","2026-09-11","","Test Solana SDK","Test Solana SDK Test SPL Token Transaction MARAon",""
"","163","Test Solana SDK Test SPL Token Transaction ECOon","","2026-09-11","passed","2026-09-11","","Test Solana SDK","Test Solana SDK Test SPL Token Transaction ECOon",""
"","162","Test Solana SDK Test SPL Token Transaction FNon","","2026-09-11","passed","2026-09-11","","Test Solana SDK","Test Solana SDK Test SPL Token Transaction FNon",""
"","167","Test Solana SDK Test SPL Token Transaction CPNGon","","2026-09-11","passed","2026-09-11","","Test Solana SDK","Test Solana SDK Test SPL Token Transaction CPNGon",""
"","1","Test KAS SDK Test decodeAddress throws error if address with unknown version","","2026-09-11","passed","2026-09-11","","Test KAS SDK","Test KAS SDK Test decodeAddress throws error if address with unknown version",""
"","161","Test Solana SDK Test SPL Token Transaction REMXon","","2026-09-11","passed","2026-09-11","","Test Solana SDK","Test Solana SDK Test SPL Token Transaction REMXon",""
"","0","Test Sui SDK Test Sign Coin Transfer Test Coin Transfer Transaction Failed With Empty Gas Payment","","2026-09-11","passed","2026-09-11","","Test Sui SDK","Test Sui SDK Test Sign Coin Transfer Test Coin Transfer Transaction Failed With Empty Gas Payment",""
"","163","Test Solana SDK Test SPL Token Transaction IAUon","","2026-09-11","passed","2026-09-11","","Test Solana SDK","Test Solana SDK Test SPL Token Transaction IAUon",""
"","160","Test Solana SDK Test SPL Token Transaction MELIon","","2026-09-11","passed","2026-09-11","","Test Solana SDK","Test Solana SDK Test SPL Token Transaction MELIon",""
"","1","Test KAS SDK Test before sign schnorr","","2026-09-11","passed","2026-09-11","","Test KAS SDK","Test KAS SDK Test before sign schnorr",""
"","160","Test Solana SDK Test SPL Token Transaction SKHYon","","2026-09-11","passed","2026-09-11","","Test Solana SDK","Test Solana SDK Test SPL Token Transaction SKHYon",""
"","165","Test Solana SDK Test SPL Token Transaction BZon","","2026-09-11","passed","2026-09-11","","Test Solana SDK","Test Solana SDK Test SPL Token Transaction BZon",""
"","167","Test Solana SDK Test SPL Token Transaction UECon","","2026-09-11","passed","2026-09-11","","Test Solana SDK","Test Solana SDK Test SPL Token Transaction UECon",""
"","1514","Test ADA SDK Test sign transaction StakeRegister without token","","2026-09-11","passed","2026-09-11","","Test ADA SDK","Test ADA SDK Test sign transaction StakeRegister without token",""
"","163","Test Solana SDK Test SPL Token Transaction ARGTon","","2026-09-11","passed","2026-09-11","","Test Solana SDK","Test Solana SDK Test SPL Token Transaction ARGTon",""
"","845","Test ADA SDK Test sign transaction TokenTransfer receiver is an enterprise address","","2026-09-11","passed","2026-09-11","","Test ADA SDK","Test ADA SDK Test sign transaction TokenTransfer receiver is an enterprise address",""
"","436","Test TRX SDK Test Get Address Address","","2026-09-11","passed","2026-09-11","","Test TRX SDK","Test TRX SDK Test Get Address Address",""
"","159","Test Solana SDK Test SPL Token Transaction SOXLon","","2026-09-11","passed","2026-09-11","","Test Solana SDK","Test Solana SDK Test SPL Token Transaction SOXLon",""
"","3","Test BTC SDK Test Get Address P2SH_P2WPKH","","2026-09-11","passed","2026-09-11","","Test BTC SDK","Test BTC SDK Test Get Address P2SH_P2WPKH",""
"","165","Test Solana SDK Test SPL Token Transaction BLKon","","2026-09-11","passed","2026-09-11","","Test Solana SDK","Test Solana SDK Test SPL Token Transaction BLKon",""
"","221","Test BCH SDK BCH signTransaction to address starts with 3","","2026-09-11","passed","2026-09-11","","Test BCH SDK","Test BCH SDK BCH signTransaction to address starts with 3",""
"","164","Test Solana SDK Test SPL Token Transaction PURRon","","2026-09-11","passed","2026-09-11","","Test Solana SDK","Test Solana SDK Test SPL Token Transaction PURRon",""
"","160","Test Solana SDK Test SPL Token Transaction INTCon","","2026-09-11","passed","2026-09-11","","Test Solana SDK","Test Solana SDK Test SPL Token Transaction INTCon",""
"","107","Test XRP SDK Test IOU Transfer RLUSD iou transfer with RLUSD token and amount 0","","2026-09-11","passed","2026-09-11","","Test XRP SDK","Test XRP SDK Test IOU Transfer RLUSD iou transfer with RLUSD token and amount 0",""
"","105","Test XLM SDK Test KAU CoinType Test Sign Transfer KAG Transaction for protocol BIP44","","2026-09-11","passed","2026-09-11","","Test XLM SDK","Test XLM SDK Test KAU CoinType Test Sign Transfer KAG Transaction for protocol BIP44",""
"","160","Test Solana SDK Test SPL Token Transaction OIHon","","2026-09-11","passed","2026-09-11","","Test Solana SDK","Test Solana SDK Test SPL Token Transaction OIHon",""
"","840","Test ADA SDK Test sign transaction TokenTransfer long asset name (2-byte CBOR header)","","2026-09-11","passed","2026-09-11","","Test ADA SDK","Test ADA SDK Test sign transaction TokenTransfer long asset name (2-byte CBOR header)",""
"","162","Test Solana SDK Test SPL Token Transaction EXODon","","2026-09-11","passed","2026-09-11","","Test Solana SDK","Test Solana SDK Test SPL Token Transaction EXODon",""
"","162","Test Solana SDK Test SPL Token Transaction WDCon","","2026-09-11","passed","2026-09-11","","Test Solana SDK","Test Solana SDK Test SPL Token Transaction WDCon",""
"","844","Test ADA SDK Test sign transaction TokenTransfer change carrying many leftover tokens (enlarged change slot)","","2026-09-11","passed","2026-09-11","","Test ADA SDK","Test ADA SDK Test sign transaction TokenTransfer change carrying many leftover tokens (enlarged change slot)",""
"","154","Test KAS SDK Test signing a transaction with 2 outputs, where one output is 0.2 KAS with the version 8 address","","2026-09-11","passed","2026-09-11","","Test KAS SDK","Test KAS SDK Test signing a transaction with 2 outputs, where one output is 0.2 KAS with the version 8 address",""
"","160","Test Solana SDK Test SPL Token Transaction UBERon","","2026-09-11","passed","2026-09-11","","Test Solana SDK","Test Solana SDK Test SPL Token Transaction UBERon",""
"","160","Test Solana SDK Test SPL Token Transaction NTESon","","2026-09-11","passed","2026-09-11","","Test Solana SDK","Test Solana SDK Test SPL Token Transaction NTESon",""
"","170","Test Solana SDK Test SPL Token Transaction BMNRon","","2026-09-11","passed","2026-09-11","","Test Solana SDK","Test Solana SDK Test SPL Token Transaction BMNRon",""
"","97","Test XLM SDK Test XLM CoinType Test Get index 1 address","","2026-09-11","passed","2026-09-11","","Test XLM SDK","Test XLM SDK Test XLM CoinType Test Get index 1 address",""
"","163","Test Solana SDK Test SPL Token Transaction BLCRon","","2026-09-11","passed","2026-09-11","","Test Solana SDK","Test Solana SDK Test SPL Token Transaction BLCRon",""
"","0","genCROSigFromSESig signature is always 64 bytes when both r and s have leading-zero bytes","","2026-09-11","passed","2026-09-11","","genCROSigFromSESig","genCROSigFromSESig signature is always 64 bytes when both r and s have leading-zero bytes",""
"","161","Test Solana SDK Test SPL Token Transaction VRTXon","","2026-09-11","passed","2026-09-11","","Test Solana SDK","Test Solana SDK Test SPL Token Transaction VRTXon",""
"","286","Test DOT SDK Test DOT BondExtra bond extra with address 0","","2026-09-11","passed","2026-09-11","","Test DOT SDK","Test DOT SDK Test DOT BondExtra bond extra with address 0",""
"","0","getTokenInfoArgument: official token payloads SNEK: stored payload equals the SDK-built token-info union","","2026-09-11","passed","2026-09-11","","getTokenInfoArgument: official token payloads","getTokenInfoArgument: official token payloads SNEK: stored payload equals the SDK-built token-info union",""
"","0","getTokenInfoArgument: official token payloads HOSKY: stored payload equals the SDK-built token-info union","","2026-09-11","passed","2026-09-11","","getTokenInfoArgument: official token payloads","getTokenInfoArgument: official token payloads HOSKY: stored payload equals the SDK-built token-info union",""
"","849","Test ADA SDK Test sign transaction TokenTransfer small token amount embedded in the CBOR prefix","","2026-09-11","passed","2026-09-11","","Test ADA SDK","Test ADA SDK Test sign transaction TokenTransfer small token amount embedded in the CBOR prefix",""
"","162","Test Solana SDK Test SPL Token Transaction NUEon","","2026-09-11","passed","2026-09-11","","Test Solana SDK","Test Solana SDK Test SPL Token Transaction NUEon",""
"","1","Test KAS SDK Test validateAmountCanDisplayOnProCard Test normal transfer amount","","2026-09-11","passed","2026-09-11","","Test KAS SDK","Test KAS SDK Test validateAmountCanDisplayOnProCard Test normal transfer amount",""
"","171","Test Solana SDK Test SPL Token Transaction GRT","","2026-09-11","passed","2026-09-11","","Test Solana SDK","Test Solana SDK Test SPL Token Transaction GRT",""
"","162","Test Solana SDK Test SPL Token Transaction MTZon","","2026-09-11","passed","2026-09-11","","Test Solana SDK","Test Solana SDK Test SPL Token Transaction MTZon",""
"","295","Test DOT SDK Test DOT Nominate nominate with address 0 and double hash","","2026-09-11","passed","2026-09-11","","Test DOT SDK","Test DOT SDK Test DOT Nominate nominate with address 0 and double hash",""
"","163","Test Solana SDK Test SPL Token Transaction SCHWon","","2026-09-11","passed","2026-09-11","","Test Solana SDK","Test Solana SDK Test SPL Token Transaction SCHWon",""
"","162","Test Solana SDK Test SPL Token Transaction PRIMon","","2026-09-11","passed","2026-09-11","","Test Solana SDK","Test Solana SDK Test SPL Token Transaction PRIMon",""
"","159","Test Solana SDK Test SPL Token Transaction STRCon","","2026-09-11","passed","2026-09-11","","Test Solana SDK","Test Solana SDK Test SPL Token Transaction STRCon",""
"","161","Test Solana SDK Test SPL Token Transaction ITOTon","","2026-09-11","passed","2026-09-11","","Test Solana SDK","Test Solana SDK Test SPL Token Transaction ITOTon",""
"","116","Test XLM SDK Test XLM CoinType Test Sign Transfer XLM Transaction for protocol BIP44","","2026-09-11","passed","2026-09-11","","Test XLM SDK","Test XLM SDK Test XLM CoinType Test Sign Transfer XLM Transaction for protocol BIP44",""
"","160","Test Solana SDK Test SPL Token Transaction XYZon","","2026-09-11","passed","2026-09-11","","Test Solana SDK","Test Solana SDK Test SPL Token Transaction XYZon",""
"","163","Test Solana SDK Test SPL Token Transaction CVNAon","","2026-09-11","passed","2026-09-11","","Test Solana SDK","Test Solana SDK Test SPL Token Transaction CVNAon",""
"","160","Test Solana SDK Test SPL Token Transaction RDWon","","2026-09-11","passed","2026-09-11","","Test Solana SDK","Test Solana SDK Test SPL Token Transaction RDWon",""
"","162","Test Solana SDK Test SPL Token Transaction VSHon","","2026-09-11","passed","2026-09-11","","Test Solana SDK","Test Solana SDK Test SPL Token Transaction VSHon",""
"","161","Test Solana SDK Test SPL Token Transaction TENon","","2026-09-11","passed","2026-09-11","","Test Solana SDK","Test Solana SDK Test SPL Token Transaction TENon",""
"","0","getTokenInfoArgument: official token payloads USDM: stored payload equals the SDK-built token-info union","","2026-09-11","passed","2026-09-11","","getTokenInfoArgument: official token payloads","getTokenInfoArgument: official token payloads USDM: stored payload equals the SDK-built token-info union",""
"","163","Test Solana SDK Test SPL Token Transaction HUBBon","","2026-09-11","passed","2026-09-11","","Test Solana SDK","Test Solana SDK Test SPL Token Transaction HUBBon",""
"","287","Test DOT SDK Test DOT Withdraw withdraw with address 0","","2026-09-11","passed","2026-09-11","","Test DOT SDK","Test DOT SDK Test DOT Withdraw withdraw with address 0",""
"","165","Test Solana SDK Test SPL Token Transaction BTGon","","2026-09-11","passed","2026-09-11","","Test Solana SDK","Test Solana SDK Test SPL Token Transaction BTGon",""
"","168","Test Solana SDK Test SPL Token Transaction FGDLon","","2026-09-11","passed","2026-09-11","","Test Solana SDK","Test Solana SDK Test SPL Token Transaction FGDLon",""
"","2","Test scriptUtil.getXXXArguments function getDelegateAndCreateAccountArguments with compute budget","","2026-09-11","passed","2026-09-11","","Test scriptUtil.getXXXArguments function","Test scriptUtil.getXXXArguments function getDelegateAndCreateAccountArguments with compute budget",""
"","161","Test Solana SDK Test SPL Token Transaction ORCLon","","2026-09-11","passed","2026-09-11","","Test Solana SDK","Test Solana SDK Test SPL Token Transaction ORCLon",""
"","161","Test Solana SDK Test SPL Token Transaction NIOon","","2026-09-11","passed","2026-09-11","","Test Solana SDK","Test Solana SDK Test SPL Token Transaction NIOon",""
"","161","Test Solana SDK Test SPL Token Transaction UCTTon","","2026-09-11","passed","2026-09-11","","Test Solana SDK","Test Solana SDK Test SPL Token Transaction UCTTon",""
"","160","Test Solana SDK Test SPL Token Transaction TIPon","","2026-09-11","passed","2026-09-11","","Test Solana SDK","Test Solana SDK Test SPL Token Transaction TIPon",""
"","886","Test ADA SDK Test sign transaction TokenTransfer sends official token MIN (verified symbol once signed, otherwise @MIN)","","2026-09-11","passed","2026-09-11","","Test ADA SDK","Test ADA SDK Test sign transaction TokenTransfer sends official token MIN (verified symbol once signed, otherwise @MIN)",""
"","162","Test Solana SDK Test SPL Token Transaction ICHRon","","2026-09-11","passed","2026-09-11","","Test Solana SDK","Test Solana SDK Test SPL Token Transaction ICHRon",""
"","1","Test Sui SDK Test Sign Coin Transfer Test Coin Transfer Transaction Failed With Invalid Gas Payment Object Id","","2026-09-11","passed","2026-09-11","","Test Sui SDK","Test Sui SDK Test Sign Coin Transfer Test Coin Transfer Transaction Failed With Invalid Gas Payment Object Id",""
"","164","Test Solana SDK Test SPL Token Transaction MYRGon","","2026-09-11","passed","2026-09-11","","Test Solana SDK","Test Solana SDK Test SPL Token Transaction MYRGon",""
"","166","Test Solana SDK Test SPL Token Transaction ALBon","","2026-09-11","passed","2026-09-11","","Test Solana SDK","Test Solana SDK Test SPL Token Transaction ALBon",""
"","160","Test Solana SDK Test SPL Token Transaction UUUUon","","2026-09-11","passed","2026-09-11","","Test Solana SDK","Test Solana SDK Test SPL Token Transaction UUUUon",""
"","165","Test Solana SDK Test SPL Token Transaction COHUon","","2026-09-11","passed","2026-09-11","","Test Solana SDK","Test Solana SDK Test SPL Token Transaction COHUon",""
"","164","Test Solana SDK Test SPL Token Transaction FSOLon","","2026-09-11","passed","2026-09-11","","Test Solana SDK","Test Solana SDK Test SPL Token Transaction FSOLon",""
"","164","Test Solana SDK Test SPL Token Transaction TMOon","","2026-09-11","passed","2026-09-11","","Test Solana SDK","Test Solana SDK Test SPL Token Transaction TMOon",""
"","162","Test Solana SDK Test SPL Token Transaction SQQQon","","2026-09-11","passed","2026-09-11","","Test Solana SDK","Test Solana SDK Test SPL Token Transaction SQQQon",""
"","1","Test KAS SDK Test validateDustThreshold with 600 dust Test transfer 546 sompi","","2026-09-11","passed","2026-09-11","","Test KAS SDK","Test KAS SDK Test validateDustThreshold with 600 dust Test transfer 546 sompi",""
"","164","Test Solana SDK Test SPL Token Transaction IWMon","","2026-09-11","passed","2026-09-11","","Test Solana SDK","Test Solana SDK Test SPL Token Transaction IWMon",""
"","276","Test KSM SDK Test KSM Unbond unbond with address 0","","2026-09-11","passed","2026-09-11","","Test DOT SDK","Test KSM SDK Test KSM Unbond unbond with address 0",""
"","160","Test Solana SDK Test SPL Token Transaction NVMIon","","2026-09-11","passed","2026-09-11","","Test Solana SDK","Test Solana SDK Test SPL Token Transaction NVMIon",""
"","1513","Test ADA SDK Test sign transaction StakeRegisterAndDelegate with token","","2026-09-11","passed","2026-09-11","","Test ADA SDK","Test ADA SDK Test sign transaction StakeRegisterAndDelegate with token",""
"","164","Test Solana SDK Test SPL Token Transaction CPERon","","2026-09-11","passed","2026-09-11","","Test Solana SDK","Test Solana SDK Test SPL Token Transaction CPERon",""
"","162","Test Solana SDK Test SPL Token Transaction LEMBon","","2026-09-11","passed","2026-09-11","","Test Solana SDK","Test Solana SDK Test SPL Token Transaction LEMBon",""
"","162","Test Solana SDK Test SPL Token Transaction EQTon","","2026-09-11","passed","2026-09-11","","Test Solana SDK","Test Solana SDK Test SPL Token Transaction EQTon",""
"","1","Test Sui SDK Test Sign Token Transfer Transaction Test Token Transfer Transaction Failed With Invalid Coin Objects Id","","2026-09-11","passed","2026-09-11","","Test Sui SDK","Test Sui SDK Test Sign Token Transfer Transaction Test Token Transfer Transaction Failed With Invalid Coin Objects Id",""
"","162","Test Solana SDK Test SPL Token Transaction JAAAon","","2026-09-11","passed","2026-09-11","","Test Solana SDK","Test Solana SDK Test SPL Token Transaction JAAAon",""
"","162","Test Solana SDK Test SPL Token Transaction IRENon","","2026-09-11","passed","2026-09-11","","Test Solana SDK","Test Solana SDK Test SPL Token Transaction IRENon",""
"","1","assertTokenTransferSupported rejects an empty symbol (the card symbol-length slot is 1..7)","","2026-09-11","passed","2026-09-11","","getTokenInfoArgument: official token payloads","assertTokenTransferSupported rejects an empty symbol (the card symbol-length slot is 1..7)",""
"","1","Test Sui SDK Test Sign Coin Transfer Test Coin Transfer Transaction Failed With Invalid String As Gas Price","","2026-09-11","passed","2026-09-11","","Test Sui SDK","Test Sui SDK Test Sign Coin Transfer Test Coin Transfer Transaction Failed With Invalid String As Gas Price",""
"","0","isBase58Format accepts a valid 44-char base58 pubkey","","2026-09-11","passed","2026-09-11","","isBase58Format","isBase58Format accepts a valid 44-char base58 pubkey",""
"","164","Test Solana SDK Test SPL Token Transaction AGon","","2026-09-11","passed","2026-09-11","","Test Solana SDK","Test Solana SDK Test SPL Token Transaction AGon",""
"","1","Test scriptUtil.getXXXArguments function getUndelegateArguments","","2026-09-11","passed","2026-09-11","","Test scriptUtil.getXXXArguments function","Test scriptUtil.getXXXArguments function getUndelegateArguments",""
"","1508","Test ADA SDK Test sign transaction StakeRegisterAndDelegate without token","","2026-09-11","passed","2026-09-11","","Test ADA SDK","Test ADA SDK Test sign transaction StakeRegisterAndDelegate without token",""
"","0","getTokenInfoArgument: official token payloads STRIKE: stored payload equals the SDK-built token-info union","","2026-09-11","passed","2026-09-11","","getTokenInfoArgument: official token payloads","getTokenInfoArgument: official token payloads STRIKE: stored payload equals the SDK-built token-info union",""
"","0","Test KAS SDK Test validateInputs Test without inputs","","2026-09-11","passed","2026-09-11","","Test KAS SDK","Test KAS SDK Test validateInputs Test without inputs",""
"","160","Test Solana SDK Test SPL Token Transaction SOXXon","","2026-09-11","passed","2026-09-11","","Test Solana SDK","Test Solana SDK Test SPL Token Transaction SOXXon",""
"","465","Test KSM SDK Test KSM Transfer transfer with address 0 and metadatahash","","2026-09-11","passed","2026-09-11","","Test DOT SDK","Test KSM SDK Test KSM Transfer transfer with address 0 and metadatahash",""
"","169","Test Solana SDK Test SPL Token Transaction APLDon","","2026-09-11","passed","2026-09-11","","Test Solana SDK","Test Solana SDK Test SPL Token Transaction APLDon",""
"","166","Test Solana SDK Test SPL Token Transaction GGOVon","","2026-09-11","passed","2026-09-11","","Test Solana SDK","Test Solana SDK Test SPL Token Transaction GGOVon",""
"","103","Test XRP SDK Test Trust Set RLUSD trust set with RLUSD token","","2026-09-11","passed","2026-09-11","","Test XRP SDK","Test XRP SDK Test Trust Set RLUSD trust set with RLUSD token",""
"","167","Test Solana SDK Test SPL Token Transaction ALOYon","","2026-09-11","passed","2026-09-11","","Test Solana SDK","Test Solana SDK Test SPL Token Transaction ALOYon",""
"","141","Test BCH SDK BCH signTransaction to address starts with 3 and no changes","","2026-09-11","passed","2026-09-11","","Test BCH SDK","Test BCH SDK BCH signTransaction to address starts with 3 and no changes",""
"","865","Test ADA SDK Test sign transaction TokenTransfer sends official token STRIKE (verified symbol once signed, otherwise @STRIKE)","","2026-09-11","passed","2026-09-11","","Test ADA SDK","Test ADA SDK Test sign transaction TokenTransfer sends official token STRIKE (verified symbol once signed, otherwise @STRIKE)",""
"","160","Test Solana SDK Test SPL Token Transaction JNJon","","2026-09-11","passed","2026-09-11","","Test Solana SDK","Test Solana SDK Test SPL Token Transaction JNJon",""
"","333","Test BSC SDK Test Sign Typed Data","","2026-09-11","passed","2026-09-11","","Test BSC SDK","Test BSC SDK Test Sign Typed Data",""
"","162","Test Solana SDK Test SPL Token Transaction VDEon","","2026-09-11","passed","2026-09-11","","Test Solana SDK","Test Solana SDK Test SPL Token Transaction VDEon",""
"","83","Test XLM SDK Test KAU CoinType Test Get index 1 address","","2026-09-11","passed","2026-09-11","","Test XLM SDK","Test XLM SDK Test KAU CoinType Test Get index 1 address",""
"","160","Test Solana SDK Test SPL Token Transaction RTXon","","2026-09-11","passed","2026-09-11","","Test Solana SDK","Test Solana SDK Test SPL Token Transaction RTXon",""
"","161","Test Solana SDK Test SPL Token Transaction NKEon","","2026-09-11","passed","2026-09-11","","Test Solana SDK","Test Solana SDK Test SPL Token Transaction NKEon",""
"","0","assertTokenTransferSupported accepts a normal token transfer output","","2026-09-11","passed","2026-09-11","","getTokenInfoArgument: official token payloads","assertTokenTransferSupported accepts a normal token transfer output",""
"","161","Test Solana SDK Test SPL Token Transaction CRWDon","","2026-09-11","passed","2026-09-11","","Test Solana SDK","Test Solana SDK Test SPL Token Transaction CRWDon",""
"","72","Test Sui SDK Test Sign Smart Transaction Test Smart Transaction Failed With Empty Gas Payment","","2026-09-11","passed","2026-09-11","","Test Sui SDK","Test Sui SDK Test Sign Smart Transaction Test Smart Transaction Failed With Empty Gas Payment",""
"","160","Test Solana SDK Test SPL Token Transaction RGTIon","","2026-09-11","passed","2026-09-11","","Test Solana SDK","Test Solana SDK Test SPL Token Transaction RGTIon",""
"","160","Test Solana SDK Test SPL Token Transaction URNMon","","2026-09-11","passed","2026-09-11","","Test Solana SDK","Test Solana SDK Test SPL Token Transaction URNMon",""
"","160","Test Solana SDK Test SPL Token Transaction LINon","","2026-09-11","passed","2026-09-11","","Test Solana SDK","Test Solana SDK Test SPL Token Transaction LINon",""
"","164","Test Solana SDK Test SPL Token Transaction IEMGon","","2026-09-11","passed","2026-09-11","","Test Solana SDK","Test Solana SDK Test SPL Token Transaction IEMGon",""
"","162","Test Solana SDK Test SPL Token Transaction FFOGon","","2026-09-11","passed","2026-09-11","","Test Solana SDK","Test Solana SDK Test SPL Token Transaction FFOGon",""
"","164","Test Solana SDK Test SPL Token Transaction KWEBon","","2026-09-11","passed","2026-09-11","","Test Solana SDK","Test Solana SDK Test SPL Token Transaction KWEBon",""
"","103","Test XLM SDK Test KAU CoinType Test Sign Transfer KAG Transaction for protocol SLIP0010","","2026-09-11","passed","2026-09-11","","Test XLM SDK","Test XLM SDK Test KAU CoinType Test Sign Transfer KAG Transaction for protocol SLIP0010",""
"","882","Test ADA SDK Test sign transaction TokenTransfer with ADA-only change","","2026-09-11","passed","2026-09-11","","Test ADA SDK","Test ADA SDK Test sign transaction TokenTransfer with ADA-only change",""
"","330","Test Sui SDK Test Sign Smart Transaction Test Smart Transaction Success With 0.1 SUI","","2026-09-11","passed","2026-09-11","","Test Sui SDK","Test Sui SDK Test Sign Smart Transaction Test Smart Transaction Success With 0.1 SUI",""
"","1","Test scriptUtil.getXXXArguments function getSignInArguments","","2026-09-11","passed","2026-09-11","","Test scriptUtil.getXXXArguments function","Test scriptUtil.getXXXArguments function getSignInArguments",""
"","162","Test Solana SDK Test SPL Token Transaction BTGOon","","2026-09-11","passed","2026-09-11","","Test Solana SDK","Test Solana SDK Test SPL Token Transaction BTGOon",""
"","161","Test Solana SDK Test SPL Token Transaction NVTSon","","2026-09-11","passed","2026-09-11","","Test Solana SDK","Test Solana SDK Test SPL Token Transaction NVTSon",""
"","116","Test CRO SDK Sign Transfer Tx CRO test sign transaction","","2026-09-11","passed","2026-09-11","","Test CRO SDK","Test CRO SDK Sign Transfer Tx CRO test sign transaction",""
"","161","Test Solana SDK Test SPL Token Transaction IGEBon","","2026-09-11","passed","2026-09-11","","Test Solana SDK","Test Solana SDK Test SPL Token Transaction IGEBon",""
"","163","Test Solana SDK Test SPL Token Transaction IGVon","","2026-09-11","passed","2026-09-11","","Test Solana SDK","Test Solana SDK Test SPL Token Transaction IGVon",""
"","0","getTokenInfoArgument: official token payloads MIN: stored payload equals the SDK-built token-info union","","2026-09-11","passed","2026-09-11","","getTokenInfoArgument: official token payloads","getTokenInfoArgument: official token payloads MIN: stored payload equals the SDK-built token-info union",""
"","1","Test KAS SDK Test getTransferArgument for max","","2026-09-11","passed","2026-09-11","","Test KAS SDK","Test KAS SDK Test getTransferArgument for max",""
"","11","Test BTC SDK Test Get Address P2TR","","2026-09-11","passed","2026-09-11","","Test BTC SDK","Test BTC SDK Test Get Address P2TR",""
"","421","Test XRP SDK Test Get Address index 0 address","","2026-09-11","passed","2026-09-11","","Test XRP SDK","Test XRP SDK Test Get Address index 0 address",""
"","166","Test Solana SDK Test SPL Token Transaction BOTon","","2026-09-11","passed","2026-09-11","","Test Solana SDK","Test Solana SDK Test SPL Token Transaction BOTon",""
"","162","Test Solana SDK Test SPL Token Transaction APHon","","2026-09-11","passed","2026-09-11","","Test Solana SDK","Test Solana SDK Test SPL Token Transaction APHon",""
"","164","Test Solana SDK Test SPL Token Transaction ASMLon","","2026-09-11","passed","2026-09-11","","Test Solana SDK","Test Solana SDK Test SPL Token Transaction ASMLon",""
"","161","Test Solana SDK Test SPL Token Transaction PALLon","","2026-09-11","passed","2026-09-11","","Test Solana SDK","Test Solana SDK Test SPL Token Transaction PALLon",""
"","162","Test Solana SDK Test SPL Token Transaction FIGRon","","2026-09-11","passed","2026-09-11","","Test Solana SDK","Test Solana SDK Test SPL Token Transaction FIGRon",""
"","162","Test Solana SDK Test SPL Token Transaction GEMIon","","2026-09-11","passed","2026-09-11","","Test Solana SDK","Test Solana SDK Test SPL Token Transaction GEMIon",""
"","160","Test Solana SDK Test SPL Token Transaction ROKon","","2026-09-11","passed","2026-09-11","","Test Solana SDK","Test Solana SDK Test SPL Token Transaction ROKon",""
"","2","buildMultiAssetCbor canonical ordering produces the same bytes regardless of input order (canonicalizes)","","2026-09-11","passed","2026-09-11","","buildMultiAssetCbor canonical ordering","buildMultiAssetCbor canonical ordering produces the same bytes regardless of input order (canonicalizes)",""
"","163","Test Solana SDK Test SPL Token Transaction CCJon","","2026-09-11","passed","2026-09-11","","Test Solana SDK","Test Solana SDK Test SPL Token Transaction CCJon",""
"","164","Test Solana SDK Test SPL Token Transaction CLSon","","2026-09-11","passed","2026-09-11","","Test Solana SDK","Test Solana SDK Test SPL Token Transaction CLSon",""
"","161","Test Solana SDK Test SPL Token Transaction WMon","","2026-09-11","passed","2026-09-11","","Test Solana SDK","Test Solana SDK Test SPL Token Transaction WMon",""
"","191","Test DOGE SDK Test Sign Transfer Doge Transaction","","2026-09-11","passed","2026-09-11","","Test DOGE SDK","Test DOGE SDK Test Sign Transfer Doge Transaction",""
"","161","Test Solana SDK Test SPL Token Transaction UAMYon","","2026-09-11","passed","2026-09-11","","Test Solana SDK","Test Solana SDK Test SPL Token Transaction UAMYon",""
"","1","TRX signature assembly is always 65 bytes when r has a leading-zero byte","","2026-09-11","passed","2026-09-11","","TRX signature assembly","TRX signature assembly is always 65 bytes when r has a leading-zero byte",""
"","1","Test Sui SDK Test Sign Coin Transfer Test Coin Transfer Transaction Failed With Empty String As Gas Budget","","2026-09-11","passed","2026-09-11","","Test Sui SDK","Test Sui SDK Test Sign Coin Transfer Test Coin Transfer Transaction Failed With Empty String As Gas Budget",""
"","160","Test Solana SDK Test SPL Token Transaction WFCon","","2026-09-11","passed","2026-09-11","","Test Solana SDK","Test Solana SDK Test SPL Token Transaction WFCon",""
"","292","Test DOT SDK Test DOT Nominate nominate with address 0 and single hash","","2026-09-11","passed","2026-09-11","","Test DOT SDK","Test DOT SDK Test DOT Nominate nominate with address 0 and single hash",""
"","0","Test KAS SDK Test validateOutputs Test output with invalid address","","2026-09-11","passed","2026-09-11","","Test KAS SDK","Test KAS SDK Test validateOutputs Test output with invalid address",""
"","125","Test XTZ SDK XTZ: get address 0","","2026-09-11","passed","2026-09-11","","Test XTZ SDK","Test XTZ SDK XTZ: get address 0",""
"","161","Test Solana SDK Test Undelegate","","2026-09-11","passed","2026-09-11","","Test Solana SDK","Test Solana SDK Test Undelegate",""
"","7","Test Solana SDK Test Get Token Address","","2026-09-11","passed","2026-09-11","","Test Solana SDK","Test Solana SDK Test Get Token Address",""
"","165","Test Solana SDK Test SPL Token Transaction AMATon","","2026-09-11","passed","2026-09-11","","Test Solana SDK","Test Solana SDK Test SPL Token Transaction AMATon",""
"","161","Test Solana SDK Test SPL Token Transaction HYGon","","2026-09-11","passed","2026-09-11","","Test Solana SDK","Test Solana SDK Test SPL Token Transaction HYGon",""
"","115","Test XRP SDK Test Transfer XRP transfer with address 0","","2026-09-11","passed","2026-09-11","","Test XRP SDK","Test XRP SDK Test Transfer XRP transfer with address 0",""
"","164","Test Solana SDK Test SPL Token Transaction SECUon","","2026-09-11","passed","2026-09-11","","Test Solana SDK","Test Solana SDK Test SPL Token Transaction SECUon",""
"","161","Test Solana SDK Test SPL Token Transaction OPRAon","","2026-09-11","passed","2026-09-11","","Test Solana SDK","Test Solana SDK Test SPL Token Transaction OPRAon",""
"","80","Test XLM SDK Test KAG CoinType Test Get index 0 address","","2026-09-11","passed","2026-09-11","","Test XLM SDK","Test XLM SDK Test KAG CoinType Test Get index 0 address",""
"","160","Test Solana SDK Test SPL Token Transaction VZon","","2026-09-11","passed","2026-09-11","","Test Solana SDK","Test Solana SDK Test SPL Token Transaction VZon",""
"","165","Test Solana SDK Test SPL Token Transaction BAon","","2026-09-11","passed","2026-09-11","","Test Solana SDK","Test Solana SDK Test SPL Token Transaction BAon",""
"","160","Test Solana SDK Test SPL Token Transaction WOLFon","","2026-09-11","passed","2026-09-11","","Test Solana SDK","Test Solana SDK Test SPL Token Transaction WOLFon",""
"","161","Test Solana SDK Test SPL Token Transaction IVVon","","2026-09-11","passed","2026-09-11","","Test Solana SDK","Test Solana SDK Test SPL Token Transaction IVVon",""
"","163","Test Solana SDK Test SPL Token Transaction LRCXon","","2026-09-11","passed","2026-09-11","","Test Solana SDK","Test Solana SDK Test SPL Token Transaction LRCXon",""
"","0","Test KAS SDK Test validateDustThreshold with 600 dust Test normal transfer amount","","2026-09-11","passed","2026-09-11","","Test KAS SDK","Test KAS SDK Test validateDustThreshold with 600 dust Test normal transfer amount",""
"","165","Test Solana SDK Test SPL Token Transaction FORMon","","2026-09-11","passed","2026-09-11","","Test Solana SDK","Test Solana SDK Test SPL Token Transaction FORMon",""
"","115","Test XRP SDK Test Transfer XRP with new script transfer without flags and destination tag","","2026-09-11","passed","2026-09-11","","Test XRP SDK","Test XRP SDK Test Transfer XRP with new script transfer without flags and destination tag",""
"","160","Test Solana SDK Test SPL Token Transaction MCDon","","2026-09-11","passed","2026-09-11","","Test Solana SDK","Test Solana SDK Test SPL Token Transaction MCDon",""
"","1536","Test ADA SDK Test sign transaction StakeDelegate with token","","2026-09-11","passed","2026-09-11","","Test ADA SDK","Test ADA SDK Test sign transaction StakeDelegate with token",""
"","165","Test Solana SDK Test SPL Token Transaction ACMRon","","2026-09-11","passed","2026-09-11","","Test Solana SDK","Test Solana SDK Test SPL Token Transaction ACMRon",""
"","160","Test Solana SDK Test SPL Token Transaction LMTon","","2026-09-11","passed","2026-09-11","","Test Solana SDK","Test Solana SDK Test SPL Token Transaction LMTon",""
"","165","Test Solana SDK Test SPL Token Transaction CLOAon","","2026-09-11","passed","2026-09-11","","Test Solana SDK","Test Solana SDK Test SPL Token Transaction CLOAon",""
"","165","Test Solana SDK Test SPL Token Transaction CRMon","","2026-09-11","passed","2026-09-11","","Test Solana SDK","Test Solana SDK Test SPL Token Transaction CRMon",""
"","1","buildMultiAssetCbor canonical ordering orders policies by decoded byte value, not by hex-string case","","2026-09-11","passed","2026-09-11","","buildMultiAssetCbor canonical ordering","buildMultiAssetCbor canonical ordering orders policies by decoded byte value, not by hex-string case",""
"","90","Test BTC SDK Test Get Address P2PKH","","2026-09-11","passed","2026-09-11","","Test BTC SDK","Test BTC SDK Test Get Address P2PKH",""
"","161","Test Solana SDK Test SPL Token Transaction IBMon","","2026-09-11","passed","2026-09-11","","Test Solana SDK","Test Solana SDK Test SPL Token Transaction IBMon",""
"","2","Test KAS SDK Test getTransferArgument with v0 output address","","2026-09-11","passed","2026-09-11","","Test KAS SDK","Test KAS SDK Test getTransferArgument with v0 output address",""
"","162","Test Solana SDK Test SPL Token Transaction LLYon","","2026-09-11","passed","2026-09-11","","Test Solana SDK","Test Solana SDK Test SPL Token Transaction LLYon",""
"","164","Test Solana SDK Test SPL Token Transaction CEGon","","2026-09-11","passed","2026-09-11","","Test Solana SDK","Test Solana SDK Test SPL Token Transaction CEGon",""
"","163","Test Solana SDK Test SPL Token Transaction DGRWon","","2026-09-11","passed","2026-09-11","","Test Solana SDK","Test Solana SDK Test SPL Token Transaction DGRWon",""
"","25","getChangeArgument: change value size limit throws when the change value exceeds 2048 bytes","","2026-09-11","passed","2026-09-11","","getTokenInfoArgument: official token payloads","getChangeArgument: change value size limit throws when the change value exceeds 2048 bytes",""
"","160","Test Solana SDK Test SPL Token Transaction NFLXon","","2026-09-11","passed","2026-09-11","","Test Solana SDK","Test Solana SDK Test SPL Token Transaction NFLXon",""
"","166","Test Solana SDK Test SPL Token Transaction AURon","","2026-09-11","passed","2026-09-11","","Test Solana SDK","Test Solana SDK Test SPL Token Transaction AURon",""
"","292","Test DOT SDK Test DOT Bond bond with address 0","","2026-09-11","passed","2026-09-11","","Test DOT SDK","Test DOT SDK Test DOT Bond bond with address 0",""
"","176","Test Solana SDK Test SPL Token Transaction ASTSon","","2026-09-11","passed","2026-09-11","","Test Solana SDK","Test Solana SDK Test SPL Token Transaction ASTSon",""
"","161","Test Solana SDK Test SPL Token Transaction CLFon","","2026-09-11","passed","2026-09-11","","Test Solana SDK","Test Solana SDK Test SPL Token Transaction CLFon",""
"","1","DOT signature assembly is always 65 bytes when r has a leading-zero byte","","2026-09-11","passed","2026-09-11","","DOT signature assembly","DOT signature assembly is always 65 bytes when r has a leading-zero byte",""
"","162","Test Solana SDK Test SPL Token Transaction IYWon","","2026-09-11","passed","2026-09-11","","Test Solana SDK","Test Solana SDK Test SPL Token Transaction IYWon",""
"","1","Test Sui SDK Test Sign Token Transfer Transaction Test Token Transfer Transaction Failed With 0 As Gas Price","","2026-09-11","passed","2026-09-11","","Test Sui SDK","Test Sui SDK Test Sign Token Transfer Transaction Test Token Transfer Transaction Failed With 0 As Gas Price",""
"","162","Test Solana SDK Test SPL Token Transaction CIBRon","","2026-09-11","passed","2026-09-11","","Test Solana SDK","Test Solana SDK Test SPL Token Transaction CIBRon",""
"","1","Test KAS SDK Test retrieving the address at index 0 of the P2SH script type.","","2026-09-11","passed","2026-09-11","","Test KAS SDK","Test KAS SDK Test retrieving the address at index 0 of the P2SH script type.",""
"","163","Test Solana SDK Test SPL Token Transaction BRHYon","","2026-09-11","passed","2026-09-11","","Test Solana SDK","Test Solana SDK Test SPL Token Transaction BRHYon",""
"","282","Test KSM SDK Test KSM BondExtra bond extra with address 0","","2026-09-11","passed","2026-09-11","","Test DOT SDK","Test KSM SDK Test KSM BondExtra bond extra with address 0",""
"","1","Test Sui SDK Test Sign Coin Transfer Test Coin Transfer Transaction Failed With 0 As Gas Price","","2026-09-11","passed","2026-09-11","","Test Sui SDK","Test Sui SDK Test Sign Coin Transfer Test Coin Transfer Transaction Failed With 0 As Gas Price",""
"","160","Test Solana SDK Test SPL Token Transaction PCGon","","2026-09-11","passed","2026-09-11","","Test Solana SDK","Test Solana SDK Test SPL Token Transaction PCGon",""
"","161","Test Solana SDK Test SPL Token Transaction ETHAon","","2026-09-11","passed","2026-09-11","","Test Solana SDK","Test Solana SDK Test SPL Token Transaction ETHAon",""
"","0","Test Sui SDK Test Sign Coin Transfer Test Coin Transfer Transaction Failed With 0 As Gas Budget","","2026-09-11","passed","2026-09-11","","Test Sui SDK","Test Sui SDK Test Sign Coin Transfer Test Coin Transfer Transaction Failed With 0 As Gas Budget",""
"","163","Test Solana SDK Test SPL Token Transaction SOFIon","","2026-09-11","passed","2026-09-11","","Test Solana SDK","Test Solana SDK Test SPL Token Transaction SOFIon",""
"","161","Test Solana SDK Test SPL Token Transaction PANWon","","2026-09-11","passed","2026-09-11","","Test Solana SDK","Test Solana SDK Test SPL Token Transaction PANWon",""
"","857","Test ADA SDK Test sign transaction TokenTransfer sends official token HOSKY (verified symbol once signed, otherwise @HOSKY)","","2026-09-11","passed","2026-09-11","","Test ADA SDK","Test ADA SDK Test sign transaction TokenTransfer sends official token HOSKY (verified symbol once signed, otherwise @HOSKY)",""
"","164","Test Solana SDK Test SPL Token Transaction CORZon","","2026-09-11","passed","2026-09-11","","Test Solana SDK","Test Solana SDK Test SPL Token Transaction CORZon",""
"","1505","Test ADA SDK Test sign transaction StakeDeregister without token","","2026-09-11","passed","2026-09-11","","Test ADA SDK","Test ADA SDK Test sign transaction StakeDeregister without token",""
"","161","Test Solana SDK Test SPL Token Transaction ONTOon","","2026-09-11","passed","2026-09-11","","Test Solana SDK","Test Solana SDK Test SPL Token Transaction ONTOon",""
"","290","Test KSM SDK Test KSM Nominate nominate with address 0 and single hash","","2026-09-11","passed","2026-09-11","","Test DOT SDK","Test KSM SDK Test KSM Nominate nominate with address 0 and single hash",""
"","164","Test Solana SDK Test SPL Token Transaction KOPNon","","2026-09-11","passed","2026-09-11","","Test Solana SDK","Test Solana SDK Test SPL Token Transaction KOPNon",""
"","0","Test KAS SDK Test validateInputs Test input without 0 value","","2026-09-11","passed","2026-09-11","","Test KAS SDK","Test KAS SDK Test validateInputs Test input without 0 value",""
"","167","Test Solana SDK Test SPL Token Transaction SRM","","2026-09-11","passed","2026-09-11","","Test Solana SDK","Test Solana SDK Test SPL Token Transaction SRM",""
"","161","Test Solana SDK Test SPL Token Transaction NVDAon","","2026-09-11","passed","2026-09-11","","Test Solana SDK","Test Solana SDK Test SPL Token Transaction NVDAon",""
"","164","Test Solana SDK Test SPL Token Transaction GEVon","","2026-09-11","passed","2026-09-11","","Test Solana SDK","Test Solana SDK Test SPL Token Transaction GEVon",""
"","161","Test Solana SDK Test SPL Token Transaction OXYon","","2026-09-11","passed","2026-09-11","","Test Solana SDK","Test Solana SDK Test SPL Token Transaction OXYon",""
"","1","assertTokenTransferSupported rejects decimals above 20, or >= 256 (which would overflow the 1-byte field)","","2026-09-11","passed","2026-09-11","","getTokenInfoArgument: official token payloads","assertTokenTransferSupported rejects decimals above 20, or >= 256 (which would overflow the 1-byte field)",""
"","162","Test Solana SDK Test SPL Token Transaction IWFon","","2026-09-11","passed","2026-09-11","","Test Solana SDK","Test Solana SDK Test SPL Token Transaction IWFon",""
"","3","Test scriptUtil.getXXXArguments function getSplTokenTransferArguments preserves the token symbol case","","2026-09-11","passed","2026-09-11","","Test scriptUtil.getXXXArguments function","Test scriptUtil.getXXXArguments function getSplTokenTransferArguments preserves the token symbol case",""
"","166","Test Solana SDK Test SPL Token Transaction NNEon","","2026-09-11","passed","2026-09-11","","Test Solana SDK","Test Solana SDK Test SPL Token Transaction NNEon",""
"","164","Test Solana SDK Test SPL Token Transaction PGon","","2026-09-11","passed","2026-09-11","","Test Solana SDK","Test Solana SDK Test SPL Token Transaction PGon",""
"","1","Test KAS SDK Test getAddressByPublicKey with version 1","","2026-09-11","passed","2026-09-11","","Test KAS SDK","Test KAS SDK Test getAddressByPublicKey with version 1",""
"","166","Test Solana SDK Test SPL Token Transaction AGGon","","2026-09-11","passed","2026-09-11","","Test Solana SDK","Test Solana SDK Test SPL Token Transaction AGGon",""
"","1","Test Sui SDK Test Sign Token Transfer Transaction Test Token Transfer Transaction Failed With Invalid Gas Payment Object Id","","2026-09-11","passed","2026-09-11","","Test Sui SDK","Test Sui SDK Test Sign Token Transfer Transaction Test Token Transfer Transaction Failed With Invalid Gas Payment Object Id",""
"","163","Test Solana SDK Test SPL Token Transaction BTDRon","","2026-09-11","passed","2026-09-11","","Test Solana SDK","Test Solana SDK Test SPL Token Transaction BTDRon",""
"","159","Test Solana SDK Test SPL Token Transaction SWKSon","","2026-09-11","passed","2026-09-11","","Test Solana SDK","Test Solana SDK Test SPL Token Transaction SWKSon",""
"","279","Test KSM SDK Test KSM Chill chill with address 0","","2026-09-11","passed","2026-09-11","","Test DOT SDK","Test KSM SDK Test KSM Chill chill with address 0",""
"","538","Test LTC SDK Test Sign Transfer LTC Transaction","","2026-09-11","passed","2026-09-11","","Test LTC SDK","Test LTC SDK Test Sign Transfer LTC Transaction",""
"","159","Test Solana SDK Test SPL Token Transaction OSCRon","","2026-09-11","passed","2026-09-11","","Test Solana SDK","Test Solana SDK Test SPL Token Transaction OSCRon",""
"","0","Test Sui SDK Test Sign Token Transfer Transaction Test Token Transfer Transaction Failed With Invalid To Address","","2026-09-11","passed","2026-09-11","","Test Sui SDK","Test Sui SDK Test Sign Token Transfer Transaction Test Token Transfer Transaction Failed With Invalid To Address",""
"","50","Test KAS SDK Test validateTransaction Test transaction with too large mass","","2026-09-11","passed","2026-09-11","","Test KAS SDK","Test KAS SDK Test validateTransaction Test transaction with too large mass",""
"","930","Test ADA SDK Test sign transaction Transfer without token","","2026-09-11","passed","2026-09-11","","Test ADA SDK","Test ADA SDK Test sign transaction Transfer without token",""
"","165","Test Solana SDK Test SPL Token Transaction AXTIon","","2026-09-11","passed","2026-09-11","","Test Solana SDK","Test Solana SDK Test SPL Token Transaction AXTIon",""
"","401","Test Sui SDK Test Sign Token Transfer Transaction Test Token Transfer Transaction Success With 0.001 USDC","","2026-09-11","passed","2026-09-11","","Test Sui SDK","Test Sui SDK Test Sign Token Transfer Transaction Test Token Transfer Transaction Success With 0.001 USDC",""
"","0","isBase58Format rejects a base58-charset string that decodes to more than 32 bytes","","2026-09-11","passed","2026-09-11","","isBase58Format","isBase58Format rejects a base58-charset string that decodes to more than 32 bytes",""
"","162","Test Solana SDK Test SPL Token Transaction SHVon","","2026-09-11","passed","2026-09-11","","Test Solana SDK","Test Solana SDK Test SPL Token Transaction SHVon",""
"","0","Test KAS SDK Test validateInputs Test input with invalid public key","","2026-09-11","passed","2026-09-11","","Test KAS SDK","Test KAS SDK Test validateInputs Test input with invalid public key",""
"","1","Test KAS SDK Test validateInputs Test normal input","","2026-09-11","passed","2026-09-11","","Test KAS SDK","Test KAS SDK Test validateInputs Test normal input",""
"","165","Test Solana SDK Test SPL Token Transaction ISRGon","","2026-09-11","passed","2026-09-11","","Test Solana SDK","Test Solana SDK Test SPL Token Transaction ISRGon",""
"","283","Test DOT SDK Test DOT Chill chill with address 0","","2026-09-11","passed","2026-09-11","","Test DOT SDK","Test DOT SDK Test DOT Chill chill with address 0",""
"","164","Test Solana SDK Test SPL Token Transaction ARQQon","","2026-09-11","passed","2026-09-11","","Test Solana SDK","Test Solana SDK Test SPL Token Transaction ARQQon",""
"","165","Test Solana SDK Test SPL Token Transaction ARMon","","2026-09-11","passed","2026-09-11","","Test Solana SDK","Test Solana SDK Test SPL Token Transaction ARMon",""
"","160","Test Solana SDK Test SPL Token Transaction TTon","","2026-09-11","passed","2026-09-11","","Test Solana SDK","Test Solana SDK Test SPL Token Transaction TTon",""
"","159","Test Solana SDK Test Staking Withdraw with Same toPubkey","","2026-09-11","passed","2026-09-11","","Test Solana SDK","Test Solana SDK Test Staking Withdraw with Same toPubkey",""
"","166","Test Solana SDK Test SPL Token Transaction INSWon","","2026-09-11","passed","2026-09-11","","Test Solana SDK","Test Solana SDK Test SPL Token Transaction INSWon",""
"","164","Test Solana SDK Test SPL Token Transaction HIMXon","","2026-09-11","passed","2026-09-11","","Test Solana SDK","Test Solana SDK Test SPL Token Transaction HIMXon",""
"","161","Test Solana SDK Test SPL Token Transaction COHRon","","2026-09-11","passed","2026-09-11","","Test Solana SDK","Test Solana SDK Test SPL Token Transaction COHRon",""
"","161","Test Solana SDK Test SPL Token Transaction DISon","","2026-09-11","passed","2026-09-11","","Test Solana SDK","Test Solana SDK Test SPL Token Transaction DISon",""
"","1","Test KAS SDK Test addressToOutScript with P2PK_SCHNORR script address","","2026-09-11","passed","2026-09-11","","Test KAS SDK","Test KAS SDK Test addressToOutScript with P2PK_SCHNORR script address",""
"","163","Test Solana SDK Test SPL Token Transaction FLEXon","","2026-09-11","passed","2026-09-11","","Test Solana SDK","Test Solana SDK Test SPL Token Transaction FLEXon",""
"","1","Test KAS SDK Test validateTransaction Test normal transaction","","2026-09-11","passed","2026-09-11","","Test KAS SDK","Test KAS SDK Test validateTransaction Test normal transaction",""
"","163","Test Solana SDK Test SPL Token Transaction SLVon","","2026-09-11","passed","2026-09-11","","Test Solana SDK","Test Solana SDK Test SPL Token Transaction SLVon",""
"","110","Test XRP SDK Test IOU Transfer RLUSD iou transfer with RLUSD token","","2026-09-11","passed","2026-09-11","","Test XRP SDK","Test XRP SDK Test IOU Transfer RLUSD iou transfer with RLUSD token",""
"","160","Test Solana SDK Test SPL Token Transaction SCCOon","","2026-09-11","passed","2026-09-11","","Test Solana SDK","Test Solana SDK Test SPL Token Transaction SCCOon",""
"","160","Test Solana SDK Test SPL Token Transaction WULFon","","2026-09-11","passed","2026-09-11","","Test Solana SDK","Test Solana SDK Test SPL Token Transaction WULFon",""
"","170","Test Solana SDK Test SPL Token Transaction AAOIon","","2026-09-11","passed","2026-09-11","","Test Solana SDK","Test Solana SDK Test SPL Token Transaction AAOIon",""
"","163","Test Solana SDK Test SPL Token Transaction WLKon","","2026-09-11","passed","2026-09-11","","Test Solana SDK","Test Solana SDK Test SPL Token Transaction WLKon",""
"","162","Test Solana SDK Test SPL Token Transaction CLOIon","","2026-09-11","passed","2026-09-11","","Test Solana SDK","Test Solana SDK Test SPL Token Transaction CLOIon",""
"","472","Test LTC SDK Test Get index 0 address","","2026-09-11","passed","2026-09-11","","Test LTC SDK","Test LTC SDK Test Get index 0 address",""
"","162","Test Solana SDK Test SPL Token Transaction GFSon","","2026-09-11","passed","2026-09-11","","Test Solana SDK","Test Solana SDK Test SPL Token Transaction GFSon",""
"","92","Test KAS SDK Test retrieving the address at index 0 of the P2PK_SCHNORR script type.","","2026-09-11","passed","2026-09-11","","Test KAS SDK","Test KAS SDK Test retrieving the address at index 0 of the P2PK_SCHNORR script type.",""
"","165","Test Solana SDK Test SPL Token Transaction CEVAon","","2026-09-11","passed","2026-09-11","","Test Solana SDK","Test Solana SDK Test SPL Token Transaction CEVAon",""
"","164","Test Solana SDK Test SPL Token Transaction KEELon","","2026-09-11","passed","2026-09-11","","Test Solana SDK","Test Solana SDK Test SPL Token Transaction KEELon",""
"","162","Test Solana SDK Test SPL Token Transaction JDon","","2026-09-11","passed","2026-09-11","","Test Solana SDK","Test Solana SDK Test SPL Token Transaction JDon",""
"","163","Test Solana SDK Test SPL Token Transaction HUTon","","2026-09-11","passed","2026-09-11","","Test Solana SDK","Test Solana SDK Test SPL Token Transaction HUTon",""
"","1","Test KAS SDK Test getTransferArgument with v8 output address","","2026-09-11","passed","2026-09-11","","Test KAS SDK","Test KAS SDK Test getTransferArgument with v8 output address",""
"","0","Test scriptUtil.getXXXArguments function getUndelegateArguments with compute budget","","2026-09-11","passed","2026-09-11","","Test scriptUtil.getXXXArguments function","Test scriptUtil.getXXXArguments function getUndelegateArguments with compute budget",""
"","162","Test Solana SDK Test SPL Token Transaction FPSon","","2026-09-11","passed","2026-09-11","","Test Solana SDK","Test Solana SDK Test SPL Token Transaction FPSon",""
"","168","Test Solana SDK Test SPL Token Transaction BRTRon","","2026-09-11","passed","2026-09-11","","Test Solana SDK","Test Solana SDK Test SPL Token Transaction BRTRon",""
"","0","getTokenInfoArgument: official token payloads NIGHT: stored payload equals the SDK-built token-info union","","2026-09-11","passed","2026-09-11","","getTokenInfoArgument: official token payloads","getTokenInfoArgument: official token payloads NIGHT: stored payload equals the SDK-built token-info union",""
"","160","Test Solana SDK Test SPL Token Transaction PLTRon","","2026-09-11","passed","2026-09-11","","Test Solana SDK","Test Solana SDK Test SPL Token Transaction PLTRon",""
"","164","Test Solana SDK Test SPL Token Transaction IDEFon","","2026-09-11","passed","2026-09-11","","Test Solana SDK","Test Solana SDK Test SPL Token Transaction IDEFon",""
"","169","Test Solana SDK Test SPL Token Transaction UMCon","","2026-09-11","passed","2026-09-11","","Test Solana SDK","Test Solana SDK Test SPL Token Transaction UMCon",""
"","159","Test Solana SDK Test SPL Token Transaction PDBCon","","2026-09-11","passed","2026-09-11","","Test Solana SDK","Test Solana SDK Test SPL Token Transaction PDBCon",""
"","163","Test Solana SDK Test SPL Token Transaction SOon","","2026-09-11","passed","2026-09-11","","Test Solana SDK","Test Solana SDK Test SPL Token Transaction SOon",""
"","98","Test XTZ SDK XTZ: sign delegation","","2026-09-11","passed","2026-09-11","","Test XTZ SDK","Test XTZ SDK XTZ: sign delegation",""
"","1506","Test ADA SDK Test sign transaction StakeWithdraw without token","","2026-09-11","passed","2026-09-11","","Test ADA SDK","Test ADA SDK Test sign transaction StakeWithdraw without token",""
"","161","Test Solana SDK Test SPL Token Transaction PWRon","","2026-09-11","passed","2026-09-11","","Test Solana SDK","Test Solana SDK Test SPL Token Transaction PWRon",""
"","0","Test Sui SDK Test Sign Coin Transfer Test Coin Transfer Transaction Failed With 100000000 SUI","","2026-09-11","passed","2026-09-11","","Test Sui SDK","Test Sui SDK Test Sign Coin Transfer Test Coin Transfer Transaction Failed With 100000000 SUI",""
"","159","Test Solana SDK Test SPL Token Transaction SYMon","","2026-09-11","passed","2026-09-11","","Test Solana SDK","Test Solana SDK Test SPL Token Transaction SYMon",""
"","164","Test Solana SDK Test SPL Token Transaction FLHYon","","2026-09-11","passed","2026-09-11","","Test Solana SDK","Test Solana SDK Test SPL Token Transaction FLHYon",""
"","1","Test KAS SDK Test retrieving the address at index 0 of the P2PK_ECDSA script type.","","2026-09-11","passed","2026-09-11","","Test KAS SDK","Test KAS SDK Test retrieving the address at index 0 of the P2PK_ECDSA script type.",""
"","162","Test Solana SDK Test SPL Token Transaction COPXon","","2026-09-11","passed","2026-09-11","","Test Solana SDK","Test Solana SDK Test SPL Token Transaction COPXon",""
"","1","Test TRX SDK Test Get Address returns chainCode and publicKey","","2026-09-11","passed","2026-09-11","","Test TRX SDK","Test TRX SDK Test Get Address returns chainCode and publicKey",""
"","171","Test Solana SDK Test SPL Token Transaction EURC","","2026-09-11","passed","2026-09-11","","Test Solana SDK","Test Solana SDK Test SPL Token Transaction EURC",""
"","161","Test Solana SDK Test SPL Token Transaction WYFIon","","2026-09-11","passed","2026-09-11","","Test Solana SDK","Test Solana SDK Test SPL Token Transaction WYFIon",""
"","166","Test Solana SDK Test SPL Token Transaction CAPRon","","2026-09-11","passed","2026-09-11","","Test Solana SDK","Test Solana SDK Test SPL Token Transaction CAPRon",""
"","1","Test KAS SDK Test pubkeyOrScriptHashToPayment with script P2PK_ECDSA","","2026-09-11","passed","2026-09-11","","Test KAS SDK","Test KAS SDK Test pubkeyOrScriptHashToPayment with script P2PK_ECDSA",""
"","160","Test Solana SDK Test SPL Token Transaction SMCIon","","2026-09-11","passed","2026-09-11","","Test Solana SDK","Test Solana SDK Test SPL Token Transaction SMCIon",""
"","163","Test Solana SDK Test SPL Token Transaction Con","","2026-09-11","passed","2026-09-11","","Test Solana SDK","Test Solana SDK Test SPL Token Transaction Con",""
"","162","Test Solana SDK Test SPL Token Transaction IBITon","","2026-09-11","passed","2026-09-11","","Test Solana SDK","Test Solana SDK Test SPL Token Transaction IBITon",""
"","849","Test ADA SDK Test sign transaction TokenTransfer no change output","","2026-09-11","passed","2026-09-11","","Test ADA SDK","Test ADA SDK Test sign transaction TokenTransfer no change output",""
"","165","Test Solana SDK Test SPL Token Transaction SPCXon","","2026-09-11","passed","2026-09-11","","Test Solana SDK","Test Solana SDK Test SPL Token Transaction SPCXon",""
"","164","Test BTC SDK Sign Transfer Tx with explicit nSequence P2SH_P2WPKH: version=2 + sequence=0xffffffff 的簽章驗得過","","2026-09-11","passed","2026-09-11","","Test BTC SDK","Test BTC SDK Sign Transfer Tx with explicit nSequence P2SH_P2WPKH: version=2 + sequence=0xffffffff 的簽章驗得過",""
"","503","Test BCH SDK BCH test get address 0","","2026-09-11","passed","2026-09-11","","Test BCH SDK","Test BCH SDK BCH test get address 0",""
"","162","Test Solana SDK Test SPL Token Transaction TSEMon","","2026-09-11","passed","2026-09-11","","Test Solana SDK","Test Solana SDK Test SPL Token Transaction TSEMon",""
"","164","Test Solana SDK Test SPL Token Transaction CSCOon","","2026-09-11","passed","2026-09-11","","Test Solana SDK","Test Solana SDK Test SPL Token Transaction CSCOon",""
"","287","Test ICX SDK sign tx: from address starts with 0","","2026-09-11","passed","2026-09-11","","Test ICX SDK","Test ICX SDK sign tx: from address starts with 0",""
"","161","Test Solana SDK Test SPL Token Transaction IALTon","","2026-09-11","passed","2026-09-11","","Test Solana SDK","Test Solana SDK Test SPL Token Transaction IALTon",""
"","163","Test Solana SDK Test SPL Token Transaction RMBSon","","2026-09-11","passed","2026-09-11","","Test Solana SDK","Test Solana SDK Test SPL Token Transaction RMBSon",""
"","0","Test scriptUtil.getXXXArguments function getSignMessageArguments","","2026-09-11","passed","2026-09-11","","Test scriptUtil.getXXXArguments function","Test scriptUtil.getXXXArguments function getSignMessageArguments",""
"","159","Test Solana SDK Test SPL Token Transaction STLDon","","2026-09-11","passed","2026-09-11","","Test Solana SDK","Test Solana SDK Test SPL Token Transaction STLDon",""
"","163","Test Solana SDK Test SPL Token Transaction BAIon","","2026-09-11","passed","2026-09-11","","Test Solana SDK","Test Solana SDK Test SPL Token Transaction BAIon",""
"","159","Test Solana SDK Test SPL Token Transaction TERon","","2026-09-11","passed","2026-09-11","","Test Solana SDK","Test Solana SDK Test SPL Token Transaction TERon",""
"","161","Test Solana SDK Test SPL Token Transaction MKSIon","","2026-09-11","passed","2026-09-11","","Test Solana SDK","Test Solana SDK Test SPL Token Transaction MKSIon",""
"","162","Test Solana SDK Test SPL Token Transaction EWZon","","2026-09-11","passed","2026-09-11","","Test Solana SDK","Test Solana SDK Test SPL Token Transaction EWZon",""
"","162","Test Solana SDK Test SPL Token Transaction JBLon","","2026-09-11","passed","2026-09-11","","Test Solana SDK","Test Solana SDK Test SPL Token Transaction JBLon",""
"","163","Test Solana SDK Test SPL Token Transaction FCXon","","2026-09-11","passed","2026-09-11","","Test Solana SDK","Test Solana SDK Test SPL Token Transaction FCXon",""
"","0","Test KAS SDK Test validateOutputs Test output without 0 value","","2026-09-11","passed","2026-09-11","","Test KAS SDK","Test KAS SDK Test validateOutputs Test output without 0 value",""
"","859","Test ADA SDK Test sign transaction TokenTransfer sends official token USDA (verified symbol once signed, otherwise @USDA)","","2026-09-11","passed","2026-09-11","","Test ADA SDK","Test ADA SDK Test sign transaction TokenTransfer sends official token USDA (verified symbol once signed, otherwise @USDA)",""
"","165","Test Solana SDK Test SPL Token Transaction DRAMon","","2026-09-11","passed","2026-09-11","","Test Solana SDK","Test Solana SDK Test SPL Token Transaction DRAMon",""
"","160","Test Solana SDK Test SPL Token Transaction LWLGon","","2026-09-11","passed","2026-09-11","","Test Solana SDK","Test Solana SDK Test SPL Token Transaction LWLGon",""
"","161","Test Solana SDK Test SPL Token Transaction TQQQon","","2026-09-11","passed","2026-09-11","","Test Solana SDK","Test Solana SDK Test SPL Token Transaction TQQQon",""
"","161","Test Solana SDK Test SPL Token Transaction GLDon","","2026-09-11","passed","2026-09-11","","Test Solana SDK","Test Solana SDK Test SPL Token Transaction GLDon",""
"","363","Test DOT SDK Test DOT Transfer test transfer with address 0","","2026-09-11","passed","2026-09-11","","Test DOT SDK","Test DOT SDK Test DOT Transfer test transfer with address 0",""
"","1","Test scriptUtil.getXXXArguments function getWithdrawArguments with compute budget","","2026-09-11","passed","2026-09-11","","Test scriptUtil.getXXXArguments function","Test scriptUtil.getXXXArguments function getWithdrawArguments with compute budget",""
"","168","Test Solana SDK Test SPL Token Transaction USDS","","2026-09-11","passed","2026-09-11","","Test Solana SDK","Test Solana SDK Test SPL Token Transaction USDS",""
"","164","Test Solana SDK Test SPL Token Transaction USARon","","2026-09-11","passed","2026-09-11","","Test Solana SDK","Test Solana SDK Test SPL Token Transaction USARon",""
"","164","Test Solana SDK Test SPL Token Transaction MSTRon","","2026-09-11","passed","2026-09-11","","Test Solana SDK","Test Solana SDK Test SPL Token Transaction MSTRon",""
"","175","Test Solana SDK Test SPL Token Transaction LINK","","2026-09-11","passed","2026-09-11","","Test Solana SDK","Test Solana SDK Test SPL Token Transaction LINK",""
"","165","Test Solana SDK Test SPL Token Transaction COPon","","2026-09-11","passed","2026-09-11","","Test Solana SDK","Test Solana SDK Test SPL Token Transaction COPon",""
"","160","Test Solana SDK Test SPL Token Transaction SPYon","","2026-09-11","passed","2026-09-11","","Test Solana SDK","Test Solana SDK Test SPL Token Transaction SPYon",""
"","163","Test Solana SDK Test SPL Token Transaction ENLVon","","2026-09-11","passed","2026-09-11","","Test Solana SDK","Test Solana SDK Test SPL Token Transaction ENLVon",""
"","884","Test ADA SDK Test sign transaction Transfer with token","","2026-09-11","passed","2026-09-11","","Test ADA SDK","Test ADA SDK Test sign transaction Transfer with token",""
"","29","Test TRX SDK Test Get Address returns address from address publicKey","","2026-09-11","passed","2026-09-11","","Test TRX SDK","Test TRX SDK Test Get Address returns address from address publicKey",""
"","167","Test Solana SDK Test SPL Token Transaction DGXXon","","2026-09-11","passed","2026-09-11","","Test Solana SDK","Test Solana SDK Test SPL Token Transaction DGXXon",""
"","164","Test Solana SDK Test SPL Token Transaction MUon","","2026-09-11","passed","2026-09-11","","Test Solana SDK","Test Solana SDK Test SPL Token Transaction MUon",""
"","0","Test Sui SDK Test Sign Token Transfer Transaction Test Token Transfer Transaction Failed With 0 USDC","","2026-09-11","passed","2026-09-11","","Test Sui SDK","Test Sui SDK Test Sign Token Transfer Transaction Test Token Transfer Transaction Failed With 0 USDC",""
"","163","Test Solana SDK Test SPL Token Transaction DELLon","","2026-09-11","passed","2026-09-11","","Test Solana SDK","Test Solana SDK Test SPL Token Transaction DELLon",""
"","162","Test Solana SDK Test SPL Token Transaction INODon","","2026-09-11","passed","2026-09-11","","Test Solana SDK","Test Solana SDK Test SPL Token Transaction INODon",""
"","164","Test Solana SDK Test SPL Token Transaction QUBTon","","2026-09-11","passed","2026-09-11","","Test Solana SDK","Test Solana SDK Test SPL Token Transaction QUBTon",""
"","162","Test Solana SDK Test SPL Token Transaction TNKon","","2026-09-11","passed","2026-09-11","","Test Solana SDK","Test Solana SDK Test SPL Token Transaction TNKon",""
"","162","Test Solana SDK Test SPL Token Transaction IEFAon","","2026-09-11","passed","2026-09-11","","Test Solana SDK","Test Solana SDK Test SPL Token Transaction IEFAon",""
"","163","Test Solana SDK Test SPL Token Transaction GMEon","","2026-09-11","passed","2026-09-11","","Test Solana SDK","Test Solana SDK Test SPL Token Transaction GMEon",""
"","161","Test Solana SDK Test SPL Token Transaction SHYon","","2026-09-11","passed","2026-09-11","","Test Solana SDK","Test Solana SDK Test SPL Token Transaction SHYon",""
"","160","Test Solana SDK Test SPL Token Transaction SHOPon","","2026-09-11","passed","2026-09-11","","Test Solana SDK","Test Solana SDK Test SPL Token Transaction SHOPon",""
"","161","Test Solana SDK Test SPL Token Transaction YEARon","","2026-09-11","passed","2026-09-11","","Test Solana SDK","Test Solana SDK Test SPL Token Transaction YEARon",""
"","0","assertTokenTransferSupported rejects an assetName longer than 32 bytes","","2026-09-11","passed","2026-09-11","","getTokenInfoArgument: official token payloads","assertTokenTransferSupported rejects an assetName longer than 32 bytes",""
"","292","Test KSM SDK Test KSM Withdraw withdraw with address 0","","2026-09-11","passed","2026-09-11","","Test DOT SDK","Test KSM SDK Test KSM Withdraw withdraw with address 0",""
"","71","Test KSM SDK Test Get KSM Address test get index 0 address","","2026-09-11","passed","2026-09-11","","Test DOT SDK","Test KSM SDK Test Get KSM Address test get index 0 address",""
"","165","Test Solana SDK Test SPL Token Transaction BIDUon","","2026-09-11","passed","2026-09-11","","Test Solana SDK","Test Solana SDK Test SPL Token Transaction BIDUon",""
"","160","Test Solana SDK Test SPL Token Transaction PINSon","","2026-09-11","passed","2026-09-11","","Test Solana SDK","Test Solana SDK Test SPL Token Transaction PINSon",""
"","163","Test Solana SDK Test SPL Token Transaction GRNDon","","2026-09-11","passed","2026-09-11","","Test Solana SDK","Test Solana SDK Test SPL Token Transaction GRNDon",""
"","161","Test Solana SDK Test SPL Token Transaction VNQon","","2026-09-11","passed","2026-09-11","","Test Solana SDK","Test Solana SDK Test SPL Token Transaction VNQon",""
"","110","Test XTZ SDK XTZ: sign reveal","","2026-09-11","passed","2026-09-11","","Test XTZ SDK","Test XTZ SDK XTZ: sign reveal",""
"","161","Test Solana SDK Test SPL Token Transaction WSon","","2026-09-11","passed","2026-09-11","","Test Solana SDK","Test Solana SDK Test SPL Token Transaction WSon",""
"","166","Test Solana SDK Test SPL Token Transaction IEIon","","2026-09-11","passed","2026-09-11","","Test Solana SDK","Test Solana SDK Test SPL Token Transaction IEIon",""
"","0","genCROSigFromSESig signature is always 64 bytes for normal r and s values","","2026-09-11","passed","2026-09-11","","genCROSigFromSESig","genCROSigFromSESig signature is always 64 bytes for normal r and s values",""
"","163","Test Solana SDK Test SPL Token Transaction EEMon","","2026-09-11","passed","2026-09-11","","Test Solana SDK","Test Solana SDK Test SPL Token Transaction EEMon",""
"","0","buildMultiAssetCbor canonical ordering pins the exact canonical bytes for a two-policy bundle","","2026-09-11","passed","2026-09-11","","buildMultiAssetCbor canonical ordering","buildMultiAssetCbor canonical ordering pins the exact canonical bytes for a two-policy bundle",""
"","334","Test BSC SDK Test Sign Transfer BSC Transaction","","2026-09-11","passed","2026-09-11","","Test BSC SDK","Test BSC SDK Test Sign Transfer BSC Transaction",""
"","160","Test Solana SDK Test SPL Token Transaction SPOTon","","2026-09-11","passed","2026-09-11","","Test Solana SDK","Test Solana SDK Test SPL Token Transaction SPOTon",""
"","175","Test Solana SDK Test SPL Token Transaction AAONon","","2026-09-11","passed","2026-09-11","","Test Solana SDK","Test Solana SDK Test SPL Token Transaction AAONon",""
"","149","Test KAS SDK Test signing a transaction with 1 output, where the output is below 0.2 KAS","","2026-09-11","passed","2026-09-11","","Test KAS SDK","Test KAS SDK Test signing a transaction with 1 output, where the output is below 0.2 KAS",""
"","162","Test Solana SDK Test SPL Token Transaction GLWon","","2026-09-11","passed","2026-09-11","","Test Solana SDK","Test Solana SDK Test SPL Token Transaction GLWon",""
"","163","Test Solana SDK Test SPL Token Transaction SHLDon","","2026-09-11","passed","2026-09-11","","Test Solana SDK","Test Solana SDK Test SPL Token Transaction SHLDon",""
"","163","Test Solana SDK Test SPL Token Transaction EWJon","","2026-09-11","passed","2026-09-11","","Test Solana SDK","Test Solana SDK Test SPL Token Transaction EWJon",""
"","169","Test Solana SDK Test Create Token Account and SPL Token Transfer","","2026-09-11","passed","2026-09-11","","Test Solana SDK","Test Solana SDK Test Create Token Account and SPL Token Transfer",""
"","163","Test Solana SDK Test SPL Token Transaction CAMTon","","2026-09-11","passed","2026-09-11","","Test Solana SDK","Test Solana SDK Test SPL Token Transaction CAMTon",""
"","165","Test Solana SDK Test SPL Token Transaction NEEon","","2026-09-11","passed","2026-09-11","","Test Solana SDK","Test Solana SDK Test SPL Token Transaction NEEon",""
"","168","Test Solana SDK Test SPL Token Transaction AAPLon","","2026-09-11","passed","2026-09-11","","Test Solana SDK","Test Solana SDK Test SPL Token Transaction AAPLon",""
"","98","Test XRP SDK Test sign message sign Hello XRP","","2026-09-11","passed","2026-09-11","","Test XRP SDK","Test XRP SDK Test sign message sign Hello XRP",""
"","1506","Test ADA SDK Test sign transaction StakeDeregister with token","","2026-09-11","passed","2026-09-11","","Test ADA SDK","Test ADA SDK Test sign transaction StakeDeregister with token",""
"","168","Test Solana SDK Test SPL Token Transaction AEHRon","","2026-09-11","passed","2026-09-11","","Test Solana SDK","Test Solana SDK Test SPL Token Transaction AEHRon",""
"","159","Test Solana SDK Test SPL Token Transaction MPon","","2026-09-11","passed","2026-09-11","","Test Solana SDK","Test Solana SDK Test SPL Token Transaction MPon",""
"","1","Test KAS SDK Test validateInputs Test input without tx id","","2026-09-11","passed","2026-09-11","","Test KAS SDK","Test KAS SDK Test validateInputs Test input without tx id",""
"","163","Test Solana SDK Test SPL Token Transaction CIENon","","2026-09-11","passed","2026-09-11","","Test Solana SDK","Test Solana SDK Test SPL Token Transaction CIENon",""
"","0","Test KAS SDK Test validateChange Test normal change","","2026-09-11","passed","2026-09-11","","Test KAS SDK","Test KAS SDK Test validateChange Test normal change",""
"","104","Test XLM SDK Test KAG CoinType Test Sign Transfer KAG Transaction for protocol SLIP0010","","2026-09-11","passed","2026-09-11","","Test XLM SDK","Test XLM SDK Test KAG CoinType Test Sign Transfer KAG Transaction for protocol SLIP0010",""
"","162","Test Solana SDK Test SPL Token Transaction IONQon","","2026-09-11","passed","2026-09-11","","Test Solana SDK","Test Solana SDK Test SPL Token Transaction IONQon",""
"","162","Test Solana SDK Test SPL Token Transaction SOUNon","","2026-09-11","passed","2026-09-11","","Test Solana SDK","Test Solana SDK Test SPL Token Transaction SOUNon",""
"","21","Test BTC SDK Sign Transfer Tx with explicit nSequence P2SH_P2WPKH: 各 input 的 sequence 不一致時應拋錯","","2026-09-11","passed","2026-09-11","","Test BTC SDK","Test BTC SDK Sign Transfer Tx with explicit nSequence P2SH_P2WPKH: 各 input 的 sequence 不一致時應拋錯",""
"","159","Test Solana SDK Test SPL Token Transaction PENGon","","2026-09-11","passed","2026-09-11","","Test Solana SDK","Test Solana SDK Test SPL Token Transaction PENGon",""
"","162","Test Solana SDK Test SPL Token Transaction GLTRon","","2026-09-11","passed","2026-09-11","","Test Solana SDK","Test Solana SDK Test SPL Token Transaction GLTRon",""
"","0","encodeOutputValue encodes an ADA-only value as a bare uint","","2026-09-11","passed","2026-09-11","","buildMultiAssetCbor canonical ordering","encodeOutputValue encodes an ADA-only value as a bare uint",""
"","170","Test Solana SDK Test SPL Token Transaction USDC","","2026-09-11","passed","2026-09-11","","Test Solana SDK","Test Solana SDK Test SPL Token Transaction USDC",""
"","160","Test Solana SDK Test SPL Token Transaction LASRon","","2026-09-11","passed","2026-09-11","","Test Solana SDK","Test Solana SDK Test SPL Token Transaction LASRon",""
"","163","Test Solana SDK Test SPL Token Transaction BKCHon","","2026-09-11","passed","2026-09-11","","Test Solana SDK","Test Solana SDK Test SPL Token Transaction BKCHon",""
"","174","Test Solana SDK Test SPL Token Transaction AALon","","2026-09-11","passed","2026-09-11","","Test Solana SDK","Test Solana SDK Test SPL Token Transaction AALon",""
"","161","Test Solana SDK Test SPL Token Transaction NVTon","","2026-09-11","passed","2026-09-11","","Test Solana SDK","Test Solana SDK Test SPL Token Transaction NVTon",""
"","161","Test Solana SDK Test SPL Token Transaction SNDKon","","2026-09-11","passed","2026-09-11","","Test Solana SDK","Test Solana SDK Test SPL Token Transaction SNDKon",""
"","163","Test Solana SDK Test SPL Token Transaction INDAon","","2026-09-11","passed","2026-09-11","","Test Solana SDK","Test Solana SDK Test SPL Token Transaction INDAon",""
"","161","Test Solana SDK Test SPL Token Transaction DBCon","","2026-09-11","passed","2026-09-11","","Test Solana SDK","Test Solana SDK Test SPL Token Transaction DBCon",""
"","865","Test ADA SDK Test sign transaction TokenTransfer sends a custom (unofficial) token, shown unverified with @","","2026-09-11","passed","2026-09-11","","Test ADA SDK","Test ADA SDK Test sign transaction TokenTransfer sends a custom (unofficial) token, shown unverified with @",""
"","174","Test Solana SDK Test SPL Token Transaction EUHYon","","2026-09-11","passed","2026-09-11","","Test Solana SDK","Test Solana SDK Test SPL Token Transaction EUHYon",""
"","0","isBase58Format accepts the System Program ID, whose leading zero bytes shrink it to 32 chars","","2026-09-11","passed","2026-09-11","","isBase58Format","isBase58Format accepts the System Program ID, whose leading zero bytes shrink it to 32 chars",""
"","95","Test CRO SDK Test Get Address CRO test get address 0","","2026-09-11","passed","2026-09-11","","Test CRO SDK","Test CRO SDK Test Get Address CRO test get address 0",""
"","166","Test Solana SDK Test SPL Token Transaction ABBVon","","2026-09-11","passed","2026-09-11","","Test Solana SDK","Test Solana SDK Test SPL Token Transaction ABBVon",""
"","875","Test ADA SDK Test sign transaction TokenTransfer sends official token SNEK (verified symbol once signed, otherwise @SNEK)","","2026-09-11","passed","2026-09-11","","Test ADA SDK","Test ADA SDK Test sign transaction TokenTransfer sends official token SNEK (verified symbol once signed, otherwise @SNEK)",""
"","162","Test Solana SDK Test SPL Token Transaction VRSNon","","2026-09-11","passed","2026-09-11","","Test Solana SDK","Test Solana SDK Test SPL Token Transaction VRSNon",""
"","162","Test Solana SDK Test SPL Token Transaction LIon","","2026-09-11","passed","2026-09-11","","Test Solana SDK","Test Solana SDK Test SPL Token Transaction LIon",""
"","161","Test Solana SDK Test SPL Token Transaction PPLTon","","2026-09-11","passed","2026-09-11","","Test Solana SDK","Test Solana SDK Test SPL Token Transaction PPLTon",""
"","161","Test Solana SDK Test SPL Token Transaction NOWon","","2026-09-11","passed","2026-09-11","","Test Solana SDK","Test Solana SDK Test SPL Token Transaction NOWon",""
"","170","Test KAS SDK Test signing a transaction with 2 outputs, where one output is 0.2 KAS with the version 1 address","","2026-09-11","passed","2026-09-11","","Test KAS SDK","Test KAS SDK Test signing a transaction with 2 outputs, where one output is 0.2 KAS with the version 1 address",""
"","160","Test Solana SDK Test SPL Token Transaction PFEon","","2026-09-11","passed","2026-09-11","","Test Solana SDK","Test Solana SDK Test SPL Token Transaction PFEon",""
"","883","Test ADA SDK Test sign transaction TokenTransfer with token change (leftover tokens ride back in change)","","2026-09-11","passed","2026-09-11","","Test ADA SDK","Test ADA SDK Test sign transaction TokenTransfer with token change (leftover tokens ride back in change)",""
"","0","Test Sui SDK Test Sign Token Transfer Transaction Test Token Transfer Transaction Failed With Empty String As Gas Price","","2026-09-11","passed","2026-09-11","","Test Sui SDK","Test Sui SDK Test Sign Token Transfer Transaction Test Token Transfer Transaction Failed With Empty String As Gas Price",""
"","164","Test Solana SDK Test SPL Token Transaction HYSon","","2026-09-11","passed","2026-09-11","","Test Solana SDK","Test Solana SDK Test SPL Token Transaction HYSon",""
"","165","Test Solana SDK Test SPL Token Transaction ATKRon","","2026-09-11","passed","2026-09-11","","Test Solana SDK","Test Solana SDK Test SPL Token Transaction ATKRon",""
"","173","Test Solana SDK Test SPL Token Transaction ORDER","","2026-09-11","passed","2026-09-11","","Test Solana SDK","Test Solana SDK Test SPL Token Transaction ORDER",""
"","71","Test Sui SDK Test Sign Smart Transaction Test Smart Transaction Failed With 0 As Gas Budget","","2026-09-11","passed","2026-09-11","","Test Sui SDK","Test Sui SDK Test Sign Smart Transaction Test Smart Transaction Failed With 0 As Gas Budget",""
"","164","Test Solana SDK Test SPL Token Transaction KLACon","","2026-09-11","passed","2026-09-11","","Test Solana SDK","Test Solana SDK Test SPL Token Transaction KLACon",""
"","1","Test KAS SDK Test addressToOutScript with unsupported version address","","2026-09-11","passed","2026-09-11","","Test KAS SDK","Test KAS SDK Test addressToOutScript with unsupported version address",""
"","163","Test Solana SDK Test SPL Token Transaction DTCRon","","2026-09-11","passed","2026-09-11","","Test Solana SDK","Test Solana SDK Test SPL Token Transaction DTCRon",""
"","159","Test Solana SDK Test SPL Token Transaction SMRon","","2026-09-11","passed","2026-09-11","","Test Solana SDK","Test Solana SDK Test SPL Token Transaction SMRon",""
"","70","Test Sui SDK Test Sign Smart Transaction Test Smart Transaction Failed With 0 As Gas Price","","2026-09-11","passed","2026-09-11","","Test Sui SDK","Test Sui SDK Test Sign Smart Transaction Test Smart Transaction Failed With 0 As Gas Price",""
"","164","Test Solana SDK Test SPL Token Transaction FLQLon","","2026-09-11","passed","2026-09-11","","Test Solana SDK","Test Solana SDK Test SPL Token Transaction FLQLon",""
"","161","Test Solana SDK Test SPL Token Transaction LPTHon","","2026-09-11","passed","2026-09-11","","Test Solana SDK","Test Solana SDK Test SPL Token Transaction LPTHon",""
"","161","Test Solana SDK Test SPL Token Transaction PBRon","","2026-09-11","passed","2026-09-11","","Test Solana SDK","Test Solana SDK Test SPL Token Transaction PBRon",""
"","161","Test Solana SDK Test SPL Token Transaction HPEon","","2026-09-11","passed","2026-09-11","","Test Solana SDK","Test Solana SDK Test SPL Token Transaction HPEon",""
"","159","Test Solana SDK Test SPL Token Transaction NBISon","","2026-09-11","passed","2026-09-11","","Test Solana SDK","Test Solana SDK Test SPL Token Transaction NBISon",""
"","165","Test Solana SDK Test SPL Token Transaction GOOGLon","","2026-09-11","passed","2026-09-11","","Test Solana SDK","Test Solana SDK Test SPL Token Transaction GOOGLon",""
"","1","assertTokenTransferSupported rejects a policyId that is not 28 bytes hex","","2026-09-11","passed","2026-09-11","","getTokenInfoArgument: official token payloads","assertTokenTransferSupported rejects a policyId that is not 28 bytes hex",""
"","165","Test Solana SDK Test SPL Token Transaction INROon","","2026-09-11","passed","2026-09-11","","Test Solana SDK","Test Solana SDK Test SPL Token Transaction INROon",""
"","162","Test Solana SDK Test SPL Token Transaction FLNCon","","2026-09-11","passed","2026-09-11","","Test Solana SDK","Test Solana SDK Test SPL Token Transaction FLNCon",""
"","163","Test Solana SDK Test SPL Token Transaction CBRSon","","2026-09-11","passed","2026-09-11","","Test Solana SDK","Test Solana SDK Test SPL Token Transaction CBRSon",""
"","161","Test Solana SDK Test SPL Token Transaction IJHon","","2026-09-11","passed","2026-09-11","","Test Solana SDK","Test Solana SDK Test SPL Token Transaction IJHon",""
"","192","Test Solana SDK Test SPL Token Transaction GDon","","2026-09-11","passed","2026-09-11","","Test Solana SDK","Test Solana SDK Test SPL Token Transaction GDon",""
"","164","Test Solana SDK Test SPL Token Transaction IJSon","","2026-09-11","passed","2026-09-11","","Test Solana SDK","Test Solana SDK Test SPL Token Transaction IJSon",""
"","165","Test Solana SDK Test SPL Token Transaction ADIon","","2026-09-11","passed","2026-09-11","","Test Solana SDK","Test Solana SDK Test SPL Token Transaction ADIon",""
"","163","Test Solana SDK Test SPL Token Transaction LITEon","","2026-09-11","passed","2026-09-11","","Test Solana SDK","Test Solana SDK Test SPL Token Transaction LITEon",""
"","1507","Test ADA SDK Test sign transaction StakeRegister with token","","2026-09-11","passed","2026-09-11","","Test ADA SDK","Test ADA SDK Test sign transaction StakeRegister with token",""
"","161","Test Solana SDK Test SPL Token Transaction PSQon","","2026-09-11","passed","2026-09-11","","Test Solana SDK","Test Solana SDK Test SPL Token Transaction PSQon",""
"","167","Test Solana SDK Test SPL Token Transaction HOODon","","2026-09-11","passed","2026-09-11","","Test Solana SDK","Test Solana SDK Test SPL Token Transaction HOODon",""
"","161","Test Solana SDK Test SPL Token Transaction OIIon","","2026-09-11","passed","2026-09-11","","Test Solana SDK","Test Solana SDK Test SPL Token Transaction OIIon",""
"","642","Test ADA SDK Test Get Address index 0 address","","2026-09-11","passed","2026-09-11","","Test ADA SDK","Test ADA SDK Test Get Address index 0 address",""
"","163","Test Solana SDK Test SPL Token Transaction CRDOon","","2026-09-11","passed","2026-09-11","","Test Solana SDK","Test Solana SDK Test SPL Token Transaction CRDOon",""
"","165","Test Solana SDK Test SPL Token Transaction GSon","","2026-09-11","passed","2026-09-11","","Test Solana SDK","Test Solana SDK Test SPL Token Transaction GSon",""
"","160","Test Solana SDK Test SPL Token Transaction VSTon","","2026-09-11","passed","2026-09-11","","Test Solana SDK","Test Solana SDK Test SPL Token Transaction VSTon",""
"","161","Test Solana SDK Test SPL Token Transaction Ton","","2026-09-11","passed","2026-09-11","","Test Solana SDK","Test Solana SDK Test SPL Token Transaction Ton",""
"","161","Test Solana SDK Test SPL Token Transaction NOCon","","2026-09-11","passed","2026-09-11","","Test Solana SDK","Test Solana SDK Test SPL Token Transaction NOCon",""
"","159","Test Solana SDK Test SPL Token Transaction UNPon","","2026-09-11","passed","2026-09-11","","Test Solana SDK","Test Solana SDK Test SPL Token Transaction UNPon",""
"","165","Test Solana SDK Test SPL Token Transaction AMZNon","","2026-09-11","passed","2026-09-11","","Test Solana SDK","Test Solana SDK Test SPL Token Transaction AMZNon",""
"","0","Test Sui SDK Test Sign Coin Transfer Test Coin Transfer Transaction Failed With Invalid String As Gas Budget","","2026-09-11","passed","2026-09-11","","Test Sui SDK","Test Sui SDK Test Sign Coin Transfer Test Coin Transfer Transaction Failed With Invalid String As Gas Budget",""
"","1","Test scriptUtil.getXXXArguments function getDelegateAndCreateAccountArguments","","2026-09-11","passed","2026-09-11","","Test scriptUtil.getXXXArguments function","Test scriptUtil.getXXXArguments function getDelegateAndCreateAccountArguments",""
"","1511","Test ADA SDK Test sign transaction Abstain without token","","2026-09-11","passed","2026-09-11","","Test ADA SDK","Test ADA SDK Test sign transaction Abstain without token",""
"","889","Test ADA SDK Test sign transaction TokenTransfer empty asset name","","2026-09-11","passed","2026-09-11","","Test ADA SDK","Test ADA SDK Test sign transaction TokenTransfer empty asset name",""
"","161","Test Solana SDK Test SPL Token Transaction TSMon","","2026-09-11","passed","2026-09-11","","Test Solana SDK","Test Solana SDK Test SPL Token Transaction TSMon",""
"","0","Test Sui SDK Test Sign Coin Transfer Test Coin Transfer Transaction Failed With Invalid To Address","","2026-09-11","passed","2026-09-11","","Test Sui SDK","Test Sui SDK Test Sign Coin Transfer Test Coin Transfer Transaction Failed With Invalid To Address",""
"","108","Test XRP SDK Test Transfer XRP with new script transfer with memo","","2026-09-11","passed","2026-09-11","","Test XRP SDK","Test XRP SDK Test Transfer XRP with new script transfer with memo",""
"","1","Test KAS SDK Test validateTransaction Test transaction with insufficient fee","","2026-09-11","passed","2026-09-11","","Test KAS SDK","Test KAS SDK Test validateTransaction Test transaction with insufficient fee",""
"","166","Test Solana SDK Test SPL Token Transaction CMGon","","2026-09-11","passed","2026-09-11","","Test Solana SDK","Test Solana SDK Test SPL Token Transaction CMGon",""
"","174","Test Solana SDK Test SPL Token Transaction PLon","","2026-09-11","passed","2026-09-11","","Test Solana SDK","Test Solana SDK Test SPL Token Transaction PLon",""
"","161","Test Solana SDK Test SPL Token Transaction STNGon","","2026-09-11","passed","2026-09-11","","Test Solana SDK","Test Solana SDK Test SPL Token Transaction STNGon",""
"","104","Test APTOS SDK Test Get Address index 0 address","","2026-09-11","passed","2026-09-11","","Test APTOS SDK","Test APTOS SDK Test Get Address index 0 address",""
"","163","Test Solana SDK Test SPL Token Transaction DYNFon","","2026-09-11","passed","2026-09-11","","Test Solana SDK","Test Solana SDK Test SPL Token Transaction DYNFon",""
"","162","Test Solana SDK Test SPL Token Transaction MRVLon","","2026-09-11","passed","2026-09-11","","Test Solana SDK","Test Solana SDK Test SPL Token Transaction MRVLon",""
"","164","Test Solana SDK Test SPL Token Transaction AMDon","","2026-09-11","passed","2026-09-11","","Test Solana SDK","Test Solana SDK Test SPL Token Transaction AMDon",""
"","0","assertTokenTransferSupported accepts decimals at the on-card upper bound (20)","","2026-09-11","passed","2026-09-11","","getTokenInfoArgument: official token payloads","assertTokenTransferSupported accepts decimals at the on-card upper bound (20)",""
"","0","isBase58Format rejects empty or undefined input","","2026-09-11","passed","2026-09-11","","isBase58Format","isBase58Format rejects empty or undefined input",""
"","165","Test Solana SDK Test SPL Token Transaction LITon","","2026-09-11","passed","2026-09-11","","Test Solana SDK","Test Solana SDK Test SPL Token Transaction LITon",""
"","171","Test Solana SDK Test SPL Token Transaction BNOon","","2026-09-11","passed","2026-09-11","","Test Solana SDK","Test Solana SDK Test SPL Token Transaction BNOon",""
"","165","Test Solana SDK Test SPL Token Transaction AMEon","","2026-09-11","passed","2026-09-11","","Test Solana SDK","Test Solana SDK Test SPL Token Transaction AMEon",""
"","183","Test Solana SDK Test SPL Token Transaction USDT","","2026-09-11","passed","2026-09-11","","Test Solana SDK","Test Solana SDK Test SPL Token Transaction USDT",""
"","161","Test Solana SDK Test SPL Token Transaction SEDGon","","2026-09-11","passed","2026-09-11","","Test Solana SDK","Test Solana SDK Test SPL Token Transaction SEDGon",""
"","95","Test DOT SDK Test Get DOT Address test get index 0 address","","2026-09-11","passed","2026-09-11","","Test DOT SDK","Test DOT SDK Test Get DOT Address test get index 0 address",""
"","3","Test scriptUtil.getXXXArguments function getTransferArguments","","2026-09-11","passed","2026-09-11","","Test scriptUtil.getXXXArguments function","Test scriptUtil.getXXXArguments function getTransferArguments",""
"","83","Test XTZ SDK XTZ: sign undelegation","","2026-09-11","passed","2026-09-11","","Test XTZ SDK","Test XTZ SDK XTZ: sign undelegation",""
"","161","Test Solana SDK Test SPL Token Transaction GEon","","2026-09-11","passed","2026-09-11","","Test Solana SDK","Test Solana SDK Test SPL Token Transaction GEon",""
"","162","Test Solana SDK Test SPL Token Transaction BWETon","","2026-09-11","passed","2026-09-11","","Test Solana SDK","Test Solana SDK Test SPL Token Transaction BWETon",""
"","3","Test scriptUtil.getXXXArguments function getSplTokenTransferArguments","","2026-09-11","passed","2026-09-11","","Test scriptUtil.getXXXArguments function","Test scriptUtil.getXXXArguments function getSplTokenTransferArguments",""
"","162","Test Solana SDK Test SPL Token Transaction GRABon","","2026-09-11","passed","2026-09-11","","Test Solana SDK","Test Solana SDK Test SPL Token Transaction GRABon",""
"","161","Test Solana SDK Test SPL Token Transaction TCOMon","","2026-09-11","passed","2026-09-11","","Test Solana SDK","Test Solana SDK Test SPL Token Transaction TCOMon",""
"","167","Test Solana SDK Test SPL Token Transaction BILon","","2026-09-11","passed","2026-09-11","","Test Solana SDK","Test Solana SDK Test SPL Token Transaction BILon",""
"","852","Test ADA SDK Test sign transaction TokenTransfer blind-signs when the displayed amount reaches 1e8 (shows SMART)","","2026-09-11","passed","2026-09-11","","Test ADA SDK","Test ADA SDK Test sign transaction TokenTransfer blind-signs when the displayed amount reaches 1e8 (shows SMART)",""
"","159","Test Solana SDK Test SPL Token Transaction VRTon","","2026-09-11","passed","2026-09-11","","Test Solana SDK","Test Solana SDK Test SPL Token Transaction VRTon",""
"","161","Test Solana SDK Test SPL Token Transaction HSAIon","","2026-09-11","passed","2026-09-11","","Test Solana SDK","Test Solana SDK Test SPL Token Transaction HSAIon",""
"","162","Test Solana SDK Test SPL Token Transaction DASHon","","2026-09-11","passed","2026-09-11","","Test Solana SDK","Test Solana SDK Test SPL Token Transaction DASHon",""
"","161","Test Solana SDK Test SPL Token Transaction FUTUon","","2026-09-11","passed","2026-09-11","","Test Solana SDK","Test Solana SDK Test SPL Token Transaction FUTUon",""
"","160","Test Solana SDK Test SPL Token Transaction SILon","","2026-09-11","passed","2026-09-11","","Test Solana SDK","Test Solana SDK Test SPL Token Transaction SILon",""
"","160","Test Solana SDK Test SPL Token Transaction POWIon","","2026-09-11","passed","2026-09-11","","Test Solana SDK","Test Solana SDK Test SPL Token Transaction POWIon",""
"","0","ICX signature assembly is always 65 bytes when both r and s have leading-zero bytes","","2026-09-11","passed","2026-09-11","","ICX signature assembly","ICX signature assembly is always 65 bytes when both r and s have leading-zero bytes",""
"","164","Test Solana SDK Test SPL Token Transaction LOWon","","2026-09-11","passed","2026-09-11","","Test Solana SDK","Test Solana SDK Test SPL Token Transaction LOWon",""
"","163","Test Solana SDK Test SPL Token Transaction PLUGon","","2026-09-11","passed","2026-09-11","","Test Solana SDK","Test Solana SDK Test SPL Token Transaction PLUGon",""
"","169","Test Solana SDK Test SPL Token Transaction INTUon","","2026-09-11","passed","2026-09-11","","Test Solana SDK","Test Solana SDK Test SPL Token Transaction INTUon",""
"","162","Test Solana SDK Test SPL Token Transaction GLXYon","","2026-09-11","passed","2026-09-11","","Test Solana SDK","Test Solana SDK Test SPL Token Transaction GLXYon",""
"","0","getTokenInfoArgument: official token payloads USDA: stored payload equals the SDK-built token-info union","","2026-09-11","passed","2026-09-11","","getTokenInfoArgument: official token payloads","getTokenInfoArgument: official token payloads USDA: stored payload equals the SDK-built token-info union",""
"","160","Test Solana SDK Test SPL Token Transaction STMon","","2026-09-11","passed","2026-09-11","","Test Solana SDK","Test Solana SDK Test SPL Token Transaction STMon",""
"","160","Test Solana SDK Test SPL Token Transaction IRDMon","","2026-09-11","passed","2026-09-11","","Test Solana SDK","Test Solana SDK Test SPL Token Transaction IRDMon",""
"","0","getTokenInfoArgument: asset name encoding encodes a 32-byte asset name with a 2-byte CBOR header, filling the slot exactly","","2026-09-11","passed","2026-09-11","","getTokenInfoArgument: official token payloads","getTokenInfoArgument: asset name encoding encodes a 32-byte asset name with a 2-byte CBOR header, filling the slot exactly",""
"","864","Test ADA SDK Test sign transaction TokenTransfer sends official token USDM (verified symbol once signed, otherwise @USDM)","","2026-09-11","passed","2026-09-11","","Test ADA SDK","Test ADA SDK Test sign transaction TokenTransfer sends official token USDM (verified symbol once signed, otherwise @USDM)",""
"","164","Test Solana SDK Test SPL Token Transaction CRWVon","","2026-09-11","passed","2026-09-11","","Test Solana SDK","Test Solana SDK Test SPL Token Transaction CRWVon",""
"","169","Test BTC SDK Sign Transfer Tx P2SH_P2WPKH(Custom Segwit)","","2026-09-11","passed","2026-09-11","","Test BTC SDK","Test BTC SDK Sign Transfer Tx P2SH_P2WPKH(Custom Segwit)",""
"","160","Test Solana SDK Test SPL Token Transaction KOon","","2026-09-11","passed","2026-09-11","","Test Solana SDK","Test Solana SDK Test SPL Token Transaction KOon",""
"","181","Test Solana SDK Test SPL Token Transaction BACon","","2026-09-11","passed","2026-09-11","","Test Solana SDK","Test Solana SDK Test SPL Token Transaction BACon",""
"","169","Test Solana SDK Test SPL Token Transaction ACHRon","","2026-09-11","passed","2026-09-11","","Test Solana SDK","Test Solana SDK Test SPL Token Transaction ACHRon",""
"","0","genCROSigFromSESig signature is always 64 bytes when r has a leading-zero byte","","2026-09-11","passed","2026-09-11","","genCROSigFromSESig","genCROSigFromSESig signature is always 64 bytes when r has a leading-zero byte",""
"","161","Test Solana SDK Test Staking Withdraw with different toPubkey","","2026-09-11","passed","2026-09-11","","Test Solana SDK","Test Solana SDK Test Staking Withdraw with different toPubkey",""
"","461","Test DOT SDK Test DOT Unbond unbond with address 0","","2026-09-11","passed","2026-09-11","","Test DOT SDK","Test DOT SDK Test DOT Unbond unbond with address 0",""
"","105","Test XLM SDK Test XLM CoinType Test Get index 0 address","","2026-09-11","passed","2026-09-11","","Test XLM SDK","Test XLM SDK Test XLM CoinType Test Get index 0 address",""
"","159","Test Solana SDK Test SPL Token Transaction TSLAon","","2026-09-11","passed","2026-09-11","","Test Solana SDK","Test Solana SDK Test SPL Token Transaction TSLAon",""
"","167","Test Solana SDK Test SPL Token Transaction DRSon","","2026-09-11","passed","2026-09-11","","Test Solana SDK","Test Solana SDK Test SPL Token Transaction DRSon",""
"","168","Test Solana SDK Test SPL Token Transaction AMKRon","","2026-09-11","passed","2026-09-11","","Test Solana SDK","Test Solana SDK Test SPL Token Transaction AMKRon",""
"","160","Test Solana SDK Test SPL Token Transaction SNOWon","","2026-09-11","passed","2026-09-11","","Test Solana SDK","Test Solana SDK Test SPL Token Transaction SNOWon",""
"","103","Test XLM SDK Test KAG CoinType Test Sign Transfer KAG Transaction for protocol BIP44","","2026-09-11","passed","2026-09-11","","Test XLM SDK","Test XLM SDK Test KAG CoinType Test Sign Transfer KAG Transaction for protocol BIP44",""
"","90","Test XLM SDK Test KAG CoinType Test Get index 1 address","","2026-09-11","passed","2026-09-11","","Test XLM SDK","Test XLM SDK Test KAG CoinType Test Get index 1 address",""
"","162","Test Solana SDK Test SPL Token Transaction ETNon","","2026-09-11","passed","2026-09-11","","Test Solana SDK","Test Solana SDK Test SPL Token Transaction ETNon",""
"","162","Test Solana SDK Test SPL Token Transaction ONon","","2026-09-11","passed","2026-09-11","","Test Solana SDK","Test Solana SDK Test SPL Token Transaction ONon",""
"","167","Test Solana SDK Test SPL Token Transaction AMGNon","","2026-09-11","passed","2026-09-11","","Test Solana SDK","Test Solana SDK Test SPL Token Transaction AMGNon",""
"","183","Test ZEC SDK Test Sign Transfer Tx P2PKH","","2026-09-11","passed","2026-09-11","","Test ZEC SDK","Test ZEC SDK Test Sign Transfer Tx P2PKH",""
"","1500","Test ADA SDK Test sign transaction StakeDelegate without token","","2026-09-11","passed","2026-09-11","","Test ADA SDK","Test ADA SDK Test sign transaction StakeDelegate without token",""
"","341","Test ADA SDK Test sign message signMessage with stake account","","2026-09-11","passed","2026-09-11","","Test ADA SDK","Test ADA SDK Test sign message signMessage with stake account",""
"","0","Test Sui SDK Test Sign Token Transfer Transaction Test Token Transfer Transaction Failed With 0 As Gas Budget","","2026-09-11","passed","2026-09-11","","Test Sui SDK","Test Sui SDK Test Sign Token Transfer Transaction Test Token Transfer Transaction Failed With 0 As Gas Budget",""
"","162","Test Solana SDK Test SPL Token Transaction OUSTon","","2026-09-11","passed","2026-09-11","","Test Solana SDK","Test Solana SDK Test SPL Token Transaction OUSTon",""
"","161","Test Solana SDK Test SPL Token Transaction FTGCon","","2026-09-11","passed","2026-09-11","","Test Solana SDK","Test Solana SDK Test SPL Token Transaction FTGCon",""
"","163","Test Solana SDK Test SPL Token Transaction BILIon","","2026-09-11","passed","2026-09-11","","Test Solana SDK","Test Solana SDK Test SPL Token Transaction BILIon",""
"","160","Test Solana SDK Test SPL Token Transaction VFSon","","2026-09-11","passed","2026-09-11","","Test Solana SDK","Test Solana SDK Test SPL Token Transaction VFSon",""
"","161","Test Solana SDK Test SPL Token Transaction MTSIon","","2026-09-11","passed","2026-09-11","","Test Solana SDK","Test Solana SDK Test SPL Token Transaction MTSIon",""
"","161","Test Solana SDK Test SPL Token Transaction SGOVon","","2026-09-11","passed","2026-09-11","","Test Solana SDK","Test Solana SDK Test SPL Token Transaction SGOVon",""
"","172","Test Solana SDK Test SPL Token Transaction MXLon","","2026-09-11","passed","2026-09-11","","Test Solana SDK","Test Solana SDK Test SPL Token Transaction MXLon",""
"","0","encodeOutputValue wraps [coin, multiasset] when assets are present","","2026-09-11","passed","2026-09-11","","buildMultiAssetCbor canonical ordering","encodeOutputValue wraps [coin, multiasset] when assets are present",""
"","161","Test Solana SDK Test SPL Token Transaction LECOon","","2026-09-11","passed","2026-09-11","","Test Solana SDK","Test Solana SDK Test SPL Token Transaction LECOon",""
"","161","Test Solana SDK Test SPL Token Transaction ORBXon","","2026-09-11","passed","2026-09-11","","Test Solana SDK","Test Solana SDK Test SPL Token Transaction ORBXon",""
"","0","Test KAS SDK Test pubkeyOrScriptHashToPayment with script P2PK_SCHNORR","","2026-09-11","passed","2026-09-11","","Test KAS SDK","Test KAS SDK Test pubkeyOrScriptHashToPayment with script P2PK_SCHNORR",""
"","92","Test Sui SDK Test Get Address Test retrieving the address at index 0.","","2026-09-11","passed","2026-09-11","","Test Sui SDK","Test Sui SDK Test Get Address Test retrieving the address at index 0.",""
"","215","Test BTC SDK Sign Transfer Tx P2TR(Taproot)","","2026-09-11","passed","2026-09-11","","Test BTC SDK","Test BTC SDK Sign Transfer Tx P2TR(Taproot)",""
"","160","Test Solana SDK Test SPL Token Transaction VPGon","","2026-09-11","passed","2026-09-11","","Test Solana SDK","Test Solana SDK Test SPL Token Transaction VPGon",""
"","0","Test KAS SDK Test pubkeyOrScriptHashToPayment with script P2SH","","2026-09-11","passed","2026-09-11","","Test KAS SDK","Test KAS SDK Test pubkeyOrScriptHashToPayment with script P2SH",""
"","161","Test Solana SDK Test SPL Token Transaction QTUMon","","2026-09-11","passed","2026-09-11","","Test Solana SDK","Test Solana SDK Test SPL Token Transaction QTUMon",""
"","8","getChangeArgument: change value size limit accepts a change carrying ~50 distinct-policy tokens","","2026-09-11","passed","2026-09-11","","getTokenInfoArgument: official token payloads","getChangeArgument: change value size limit accepts a change carrying ~50 distinct-policy tokens",""
"","164","Test Solana SDK Test SPL Token Transaction COSTon","","2026-09-11","passed","2026-09-11","","Test Solana SDK","Test Solana SDK Test SPL Token Transaction COSTon",""
"","171","Test Solana SDK Test SPL Token Transaction CRCLon","","2026-09-11","passed","2026-09-11","","Test Solana SDK","Test Solana SDK Test SPL Token Transaction CRCLon",""
"","160","Test Solana SDK Test SPL Token Transaction SBETon","","2026-09-11","passed","2026-09-11","","Test Solana SDK","Test Solana SDK Test SPL Token Transaction SBETon",""
"","278","Test KSM SDK Test KSM Bond bond with address 0","","2026-09-11","passed","2026-09-11","","Test DOT SDK","Test KSM SDK Test KSM Bond bond with address 0",""
"","170","Test Solana SDK Test Create Token Account and SPL Token Transfer With Compute Budget","","2026-09-11","passed","2026-09-11","","Test Solana SDK","Test Solana SDK Test Create Token Account and SPL Token Transfer With Compute Budget",""
"","162","Test Solana SDK Test SPL Token Transaction RIOTon","","2026-09-11","passed","2026-09-11","","Test Solana SDK","Test Solana SDK Test SPL Token Transaction RIOTon",""
"","162","Test Solana SDK Test SPL Token Transaction LSCCon","","2026-09-11","passed","2026-09-11","","Test Solana SDK","Test Solana SDK Test SPL Token Transaction LSCCon",""
"","160","Test Solana SDK Test SPL Token Transaction Von","","2026-09-11","passed","2026-09-11","","Test Solana SDK","Test Solana SDK Test SPL Token Transaction Von",""
"","268","Test BCH SDK BCH signTransaction to address starts with 1","","2026-09-11","passed","2026-09-11","","Test BCH SDK","Test BCH SDK BCH signTransaction to address starts with 1",""
"","162","Test Solana SDK Test SPL Token Transaction ENBon","","2026-09-11","passed","2026-09-11","","Test Solana SDK","Test Solana SDK Test SPL Token Transaction ENBon",""
"","163","Test Solana SDK Test SPL Token Transaction JPMon","","2026-09-11","passed","2026-09-11","","Test Solana SDK","Test Solana SDK Test SPL Token Transaction JPMon",""
"","161","Test Solana SDK Test SPL Token Transaction TLTon","","2026-09-11","passed","2026-09-11","","Test Solana SDK","Test Solana SDK Test SPL Token Transaction TLTon",""
"","161","Test Solana SDK Test SPL Token Transaction VTIon","","2026-09-11","passed","2026-09-11","","Test Solana SDK","Test Solana SDK Test SPL Token Transaction VTIon",""
"","402","Test Sui SDK Test Sign Token Transfer Transaction Test Token Transfer Transaction Success With 100000000 USDC","","2026-09-11","passed","2026-09-11","","Test Sui SDK","Test Sui SDK Test Sign Token Transfer Transaction Test Token Transfer Transaction Success With 100000000 USDC",""
"","162","Test Solana SDK Test SPL Token Transaction MRKon","","2026-09-11","passed","2026-09-11","","Test Solana SDK","Test Solana SDK Test SPL Token Transaction MRKon",""
"","177","Test Solana SDK Test SPL Token Transaction EQIXon","","2026-09-11","passed","2026-09-11","","Test Solana SDK","Test Solana SDK Test SPL Token Transaction EQIXon",""
"","161","Test Solana SDK Test SPL Token Transaction IEFon","","2026-09-11","passed","2026-09-11","","Test Solana SDK","Test Solana SDK Test SPL Token Transaction IEFon",""
"","162","Test Solana SDK Test SPL Token Transaction RIVNon","","2026-09-11","passed","2026-09-11","","Test Solana SDK","Test Solana SDK Test SPL Token Transaction RIVNon",""
"","163","Test Solana SDK Test SPL Token Transaction VICRon","","2026-09-11","passed","2026-09-11","","Test Solana SDK","Test Solana SDK Test SPL Token Transaction VICRon",""
"","161","Test Solana SDK Test SPL Token Transaction VCXon","","2026-09-11","passed","2026-09-11","","Test Solana SDK","Test Solana SDK Test SPL Token Transaction VCXon",""
"","5","Test scriptUtil.getXXXArguments function getCreateAndTransferSplTokenArguments","","2026-09-11","passed","2026-09-11","","Test scriptUtil.getXXXArguments function","Test scriptUtil.getXXXArguments function getCreateAndTransferSplTokenArguments",""
"","160","Test Solana SDK Test SPL Token Transaction SOXQon","","2026-09-11","passed","2026-09-11","","Test Solana SDK","Test Solana SDK Test SPL Token Transaction SOXQon",""
"","165","Test Solana SDK Test SPL Token Transaction ANETon","","2026-09-11","passed","2026-09-11","","Test Solana SDK","Test Solana SDK Test SPL Token Transaction ANETon",""
"","1","Test KAS SDK Test addressToOutScript with P2PK_ECDSA script address","","2026-09-11","passed","2026-09-11","","Test KAS SDK","Test KAS SDK Test addressToOutScript with P2PK_ECDSA script address",""
"","161","Test Solana SDK Test SPL Token Transaction NIKLon","","2026-09-11","passed","2026-09-11","","Test Solana SDK","Test Solana SDK Test SPL Token Transaction NIKLon",""
"","161","Test Solana SDK Test SPL Token Transaction PAVEon","","2026-09-11","passed","2026-09-11","","Test Solana SDK","Test Solana SDK Test SPL Token Transaction PAVEon",""
"","177","Test Solana SDK Test SPL Token Transaction GMT","","2026-09-11","passed","2026-09-11","","Test Solana SDK","Test Solana SDK Test SPL Token Transaction GMT",""
"","0","Test KAS SDK Test validateAmountCanDisplayOnProCard Test more than 8 bits transfer amount","","2026-09-11","passed","2026-09-11","","Test KAS SDK","Test KAS SDK Test validateAmountCanDisplayOnProCard Test more than 8 bits transfer amount",""
"","460","Test KSM SDK Test KSM Nominate nominate with address 0 and double hash","","2026-09-11","passed","2026-09-11","","Test DOT SDK","Test KSM SDK Test KSM Nominate nominate with address 0 and double hash",""
"","163","Test Solana SDK Test SPL Token Transaction EMRon","","2026-09-11","passed","2026-09-11","","Test Solana SDK","Test Solana SDK Test SPL Token Transaction EMRon",""
"","1518","Test ADA SDK Test sign transaction Abstain with token","","2026-09-11","passed","2026-09-11","","Test ADA SDK","Test ADA SDK Test sign transaction Abstain with token",""
"","160","Test Solana SDK Test SPL Token Transaction QYLDon","","2026-09-11","passed","2026-09-11","","Test Solana SDK","Test Solana SDK Test SPL Token Transaction QYLDon",""
"","165","Test Solana SDK Test SPL Token Transaction ABTon","","2026-09-11","passed","2026-09-11","","Test Solana SDK","Test Solana SDK Test SPL Token Transaction ABTon",""
"","164","Test Solana SDK Test SPL Token Transaction HDon","","2026-09-11","passed","2026-09-11","","Test Solana SDK","Test Solana SDK Test SPL Token Transaction HDon",""
"","1","Test scriptUtil.getXXXArguments function getDelegateAndCreateAccountArguments with base58 hex","","2026-09-11","passed","2026-09-11","","Test scriptUtil.getXXXArguments function","Test scriptUtil.getXXXArguments function getDelegateAndCreateAccountArguments with base58 hex",""
"","868","Test ETC SDK Test transfer ETC transfer with address 0","","2026-09-11","passed","2026-09-11","","Test ETC SDK","Test ETC SDK Test transfer ETC transfer with address 0",""
"","161","Test Solana SDK Test SPL Token Transaction QLTAon","","2026-09-11","passed","2026-09-11","","Test Solana SDK","Test Solana SDK Test SPL Token Transaction QLTAon",""
"","162","Test Solana SDK Test SPL Token Transaction QBTSon","","2026-09-11","passed","2026-09-11","","Test Solana SDK","Test Solana SDK Test SPL Token Transaction QBTSon",""
"","168","Test Solana SDK Test SPL Token Transaction NATon","","2026-09-11","passed","2026-09-11","","Test Solana SDK","Test Solana SDK Test SPL Token Transaction NATon",""
"","102","Test XTZ SDK XTZ: sign transaction","","2026-09-11","passed","2026-09-11","","Test XTZ SDK","Test XTZ SDK XTZ: sign transaction",""
"","0","ICX signature assembly is always 65 bytes for normal r and s values","","2026-09-11","passed","2026-09-11","","ICX signature assembly","ICX signature assembly is always 65 bytes for normal r and s values",""
"","1","Test KAS SDK Test signing 2 outputs transaction, and if the output is less than 0.2 KAS will throw an error","","2026-09-11","passed","2026-09-11","","Test KAS SDK","Test KAS SDK Test signing 2 outputs transaction, and if the output is less than 0.2 KAS will throw an error",""
"","162","Test Solana SDK Test SPL Token Transaction OPENon","","2026-09-11","passed","2026-09-11","","Test Solana SDK","Test Solana SDK Test SPL Token Transaction OPENon",""
"","162","Test Solana SDK Test SPL Token Transaction ALABon","","2026-09-11","passed","2026-09-11","","Test Solana SDK","Test Solana SDK Test SPL Token Transaction ALABon",""
"","163","Test Solana SDK Test SPL Token Transaction Fon","","2026-09-11","passed","2026-09-11","","Test Solana SDK","Test Solana SDK Test SPL Token Transaction Fon",""
"","161","Test Solana SDK Test SPL Token Transaction VTVon","","2026-09-11","passed","2026-09-11","","Test Solana SDK","Test Solana SDK Test SPL Token Transaction VTVon",""
"","1","assertTokenTransferSupported rejects a zero token amount","","2026-09-11","passed","2026-09-11","","getTokenInfoArgument: official token payloads","assertTokenTransferSupported rejects a zero token amount",""
"","0","Test scriptUtil.getXXXArguments function getWithdrawArguments","","2026-09-11","passed","2026-09-11","","Test scriptUtil.getXXXArguments function","Test scriptUtil.getXXXArguments function getWithdrawArguments",""
"","1","Test KAS SDK Test getUtxoArgument","","2026-09-11","passed","2026-09-11","","Test KAS SDK","Test KAS SDK Test getUtxoArgument",""
"","159","Test Solana SDK Test SPL Token Transaction REGNon","","2026-09-11","passed","2026-09-11","","Test Solana SDK","Test Solana SDK Test SPL Token Transaction REGNon",""
"","161","Test Solana SDK Test SPL Token Transaction TLNon","","2026-09-11","passed","2026-09-11","","Test Solana SDK","Test Solana SDK Test SPL Token Transaction TLNon",""
"","187","Test APTOS SDK Test Transfer Aptos transfer with address 0","","2026-09-11","passed","2026-09-11","","Test APTOS SDK","Test APTOS SDK Test Transfer Aptos transfer with address 0",""
"","474","Test DOT SDK Test DOT Transfer transfer with address 0 and metadatahash","","2026-09-11","passed","2026-09-11","","Test DOT SDK","Test DOT SDK Test DOT Transfer transfer with address 0 and metadatahash",""
"","1","Test BTC SDK Test Get Address P2WPKH","","2026-09-11","passed","2026-09-11","","Test BTC SDK","Test BTC SDK Test Get Address P2WPKH",""
"","163","Test Solana SDK Test SPL Token Transaction HIMSon","","2026-09-11","passed","2026-09-11","","Test Solana SDK","Test Solana SDK Test SPL Token Transaction HIMSon",""
"","1","Test KAS SDK Test addressToOutScript with script P2SH address","","2026-09-11","passed","2026-09-11","","Test KAS SDK","Test KAS SDK Test addressToOutScript with script P2SH address",""
"","160","Test Solana SDK Test SPL Token Transaction NEMon","","2026-09-11","passed","2026-09-11","","Test Solana SDK","Test Solana SDK Test SPL Token Transaction NEMon",""
"","163","Test Solana SDK Test SPL Token Transaction FCELon","","2026-09-11","passed","2026-09-11","","Test Solana SDK","Test Solana SDK Test SPL Token Transaction FCELon",""
"","162","Test Solana SDK Test SPL Token Transaction ITAon","","2026-09-11","passed","2026-09-11","","Test Solana SDK","Test Solana SDK Test SPL Token Transaction ITAon",""
"","1","Test Sui SDK Test Sign Token Transfer Transaction Test Token Transfer Transaction Failed With Invalid String As Gas Price","","2026-09-11","passed","2026-09-11","","Test Sui SDK","Test Sui SDK Test Sign Token Transfer Transaction Test Token Transfer Transaction Failed With Invalid String As Gas Price",""
"","164","Test Solana SDK Test SPL Token Transaction ECHon","","2026-09-11","passed","2026-09-11","","Test Solana SDK","Test Solana SDK Test SPL Token Transaction ECHon",""
"","436","Test ETC SDK Test Get Address index 0 address","","2026-09-11","passed","2026-09-11","","Test ETC SDK","Test ETC SDK Test Get Address index 0 address",""
"","496","Test Sui SDK Test Sign Coin Transfer Test Coin Transfer Transaction Success With 0.1 SUI","","2026-09-11","passed","2026-09-11","","Test Sui SDK","Test Sui SDK Test Sign Coin Transfer Test Coin Transfer Transaction Success With 0.1 SUI",""
"","166","Test Solana SDK Test SPL Token Transaction HLITon","","2026-09-11","passed","2026-09-11","","Test Solana SDK","Test Solana SDK Test SPL Token Transaction HLITon",""
"","0","Test KAS SDK Test getAddressByPublicKey with version 8","","2026-09-11","passed","2026-09-11","","Test KAS SDK","Test KAS SDK Test getAddressByPublicKey with version 8",""
"","160","Test Solana SDK Test SPL Token Transaction QCOMon","","2026-09-11","passed","2026-09-11","","Test Solana SDK","Test Solana SDK Test SPL Token Transaction QCOMon",""
"","344","Test ADA SDK Test sign message signMessage with addressIndex 0","","2026-09-11","passed","2026-09-11","","Test ADA SDK","Test ADA SDK Test sign message signMessage with addressIndex 0",""
"","163","Test Solana SDK Test SPL Token Transaction RDDTon","","2026-09-11","passed","2026-09-11","","Test Solana SDK","Test Solana SDK Test SPL Token Transaction RDDTon",""
"","162","Test Solana SDK Test SPL Token Transaction DEon","","2026-09-11","passed","2026-09-11","","Test Solana SDK","Test Solana SDK Test SPL Token Transaction DEon",""
"","160","Test Solana SDK Test SPL Token Transaction SATAon","","2026-09-11","passed","2026-09-11","","Test Solana SDK","Test Solana SDK Test SPL Token Transaction SATAon",""
"","105","Test Solana SDK Test Get Address","","2026-09-11","passed","2026-09-11","","Test Solana SDK","Test Solana SDK Test Get Address",""
"","0","buildMultiAssetCbor canonical ordering orders asset names by byte length first, then bytewise","","2026-09-11","passed","2026-09-11","","buildMultiAssetCbor canonical ordering","buildMultiAssetCbor canonical ordering orders asset names by byte length first, then bytewise",""
"","166","Test Solana SDK Test SPL Token Transaction STXon","","2026-09-11","passed","2026-09-11","","Test Solana SDK","Test Solana SDK Test SPL Token Transaction STXon",""
"","158","Test Solana SDK Test SPL Token Transaction SLBon","","2026-09-11","passed","2026-09-11","","Test Solana SDK","Test Solana SDK Test SPL Token Transaction SLBon",""
"","0","DOT signature assembly is always 65 bytes for normal r value","","2026-09-11","passed","2026-09-11","","DOT signature assembly","DOT signature assembly is always 65 bytes for normal r value",""
"","163","Test Solana SDK Test SPL Token Transaction BLSHon","","2026-09-11","passed","2026-09-11","","Test Solana SDK","Test Solana SDK Test SPL Token Transaction BLSHon",""
"","162","Test Solana SDK Test SPL Token Transaction GNRCon","","2026-09-11","passed","2026-09-11","","Test Solana SDK","Test Solana SDK Test SPL Token Transaction GNRCon",""
"","0","Test Sui SDK Test Sign Token Transfer Transaction Test Token Transfer Transaction Failed With Empty Coin Objects","","2026-09-11","passed","2026-09-11","","Test Sui SDK","Test Sui SDK Test Sign Token Transfer Transaction Test Token Transfer Transaction Failed With Empty Coin Objects",""
"","164","Test Solana SDK Test SPL Token Transaction DNNon","","2026-09-11","passed","2026-09-11","","Test Solana SDK","Test Solana SDK Test SPL Token Transaction DNNon",""
"","162","Test Solana SDK Test SPL Token Transaction MAon","","2026-09-11","passed","2026-09-11","","Test Solana SDK","Test Solana SDK Test SPL Token Transaction MAon",""
"","165","Test Solana SDK Test Delegate And CreateAccountWithSeed","","2026-09-11","passed","2026-09-11","","Test Solana SDK","Test Solana SDK Test Delegate And CreateAccountWithSeed",""
"","131","Test XLM SDK Test XLM CoinType Test Sign Transfer XLM Transaction for protocol SLIP0010","","2026-09-11","passed","2026-09-11","","Test XLM SDK","Test XLM SDK Test XLM CoinType Test Sign Transfer XLM Transaction for protocol SLIP0010",""
"","160","Test Solana SDK Test SPL Token Transaction OKLOon","","2026-09-11","passed","2026-09-11","","Test Solana SDK","Test Solana SDK Test SPL Token Transaction OKLOon",""
"","162","Test Solana SDK Test SPL Token Transaction USOon","","2026-09-11","passed","2026-09-11","","Test Solana SDK","Test Solana SDK Test SPL Token Transaction USOon",""
"","160","Test Solana SDK Test SPL Token Transaction WMTon","","2026-09-11","passed","2026-09-11","","Test Solana SDK","Test Solana SDK Test SPL Token Transaction WMTon",""
"","163","Test Solana SDK Test SPL Token Transaction TXNon","","2026-09-11","passed","2026-09-11","","Test Solana SDK","Test Solana SDK Test SPL Token Transaction TXNon",""
"","167","Test Solana SDK Test SPL Token Transaction RKLBon","","2026-09-11","passed","2026-09-11","","Test Solana SDK","Test Solana SDK Test SPL Token Transaction RKLBon",""
"","163","Test Solana SDK Test SPL Token Transaction BRLNon","","2026-09-11","passed","2026-09-11","","Test Solana SDK","Test Solana SDK Test SPL Token Transaction BRLNon",""
"","177","Test Solana SDK Test SPL Token Transaction ENTGon","","2026-09-11","passed","2026-09-11","","Test Solana SDK","Test Solana SDK Test SPL Token Transaction ENTGon",""
"","1","assertTokenTransferSupported rejects a Byron (legacy) receiver — it cannot hold native tokens","","2026-09-11","passed","2026-09-11","","getTokenInfoArgument: official token payloads","assertTokenTransferSupported rejects a Byron (legacy) receiver — it cannot hold native tokens",""
"","859","Test ADA SDK Test sign transaction TokenTransfer sends official token NIGHT (verified symbol once signed, otherwise @NIGHT)","","2026-09-11","passed","2026-09-11","","Test ADA SDK","Test ADA SDK Test sign transaction TokenTransfer sends official token NIGHT (verified symbol once signed, otherwise @NIGHT)",""
"","163","Test Solana SDK Test SPL Token Transaction CVXon","","2026-09-11","passed","2026-09-11","","Test Solana SDK","Test Solana SDK Test SPL Token Transaction CVXon",""
"","164","Test Solana SDK Test SPL Token Transaction PEPon","","2026-09-11","passed","2026-09-11","","Test Solana SDK","Test Solana SDK Test SPL Token Transaction PEPon",""
"","162","Test Solana SDK Test SPL Token Transaction IWNon","","2026-09-11","passed","2026-09-11","","Test Solana SDK","Test Solana SDK Test SPL Token Transaction IWNon",""
