"DESCRIPTION","DURATION IN MS","NAME","PARENT SUITE","START TIME","STATUS","STOP TIME","SUB SUITE","SUITE","TEST CLASS","TEST METHOD"
"","160","Test Solana SDK Test SPL Token Transaction WCCon","","2026-09-09","passed","2026-09-09","","Test Solana SDK","Test Solana SDK Test SPL Token Transaction WCCon",""
"","162","Test Solana SDK Test SPL Token Transaction OPRAon","","2026-09-09","passed","2026-09-09","","Test Solana SDK","Test Solana SDK Test SPL Token Transaction OPRAon",""
"","182","Test Solana SDK Test SPL Token Transaction GMT","","2026-09-09","passed","2026-09-09","","Test Solana SDK","Test Solana SDK Test SPL Token Transaction GMT",""
"","366","Test ICX SDK sign tx","","2026-09-09","passed","2026-09-09","","Test ICX SDK","Test ICX SDK sign tx",""
"","168","Test Solana SDK Test SPL Token Transaction ALOYon","","2026-09-09","passed","2026-09-09","","Test Solana SDK","Test Solana SDK Test SPL Token Transaction ALOYon",""
"","163","Test Solana SDK Test SPL Token Transaction POWIon","","2026-09-09","passed","2026-09-09","","Test Solana SDK","Test Solana SDK Test SPL Token Transaction POWIon",""
"","163","Test Solana SDK Test SPL Token Transaction CLOAon","","2026-09-09","passed","2026-09-09","","Test Solana SDK","Test Solana SDK Test SPL Token Transaction CLOAon",""
"","7","Test Solana SDK Test Get Token Address","","2026-09-09","passed","2026-09-09","","Test Solana SDK","Test Solana SDK Test Get Token Address",""
"","0","Test KAS SDK Test validateInputs Test input without 0 value","","2026-09-09","passed","2026-09-09","","Test KAS SDK","Test KAS SDK Test validateInputs Test input without 0 value",""
"","303","Test KSM SDK Test KSM Nominate nominate with address 0 and single hash","","2026-09-09","passed","2026-09-09","","Test DOT SDK","Test KSM SDK Test KSM Nominate nominate with address 0 and single hash",""
"","162","Test Solana SDK Test SPL Token Transaction NUEon","","2026-09-09","passed","2026-09-09","","Test Solana SDK","Test Solana SDK Test SPL Token Transaction NUEon",""
"","160","Test Solana SDK Test SPL Token Transaction ONon","","2026-09-09","passed","2026-09-09","","Test Solana SDK","Test Solana SDK Test SPL Token Transaction ONon",""
"","165","Test Solana SDK Test SPL Token Transaction HUBBon","","2026-09-09","passed","2026-09-09","","Test Solana SDK","Test Solana SDK Test SPL Token Transaction HUBBon",""
"","162","Test Solana SDK Test SPL Token Transaction LITEon","","2026-09-09","passed","2026-09-09","","Test Solana SDK","Test Solana SDK Test SPL Token Transaction LITEon",""
"","163","Test Solana SDK Test SPL Token Transaction LEMBon","","2026-09-09","passed","2026-09-09","","Test Solana SDK","Test Solana SDK Test SPL Token Transaction LEMBon",""
"","1","Test KAS SDK Test getTransferArgument with v1 output address","","2026-09-09","passed","2026-09-09","","Test KAS SDK","Test KAS SDK Test getTransferArgument with v1 output address",""
"","165","Test Solana SDK Test SPL Token Transaction CPNGon","","2026-09-09","passed","2026-09-09","","Test Solana SDK","Test Solana SDK Test SPL Token Transaction CPNGon",""
"","361","Test BSC SDK Test Sign Transfer BSC Transaction","","2026-09-09","passed","2026-09-09","","Test BSC SDK","Test BSC SDK Test Sign Transfer BSC Transaction",""
"","164","Test Solana SDK Test SPL Token Transaction COHUon","","2026-09-09","passed","2026-09-09","","Test Solana SDK","Test Solana SDK Test SPL Token Transaction COHUon",""
"","173","Test Solana SDK Test SPL Token Transaction ABNBon","","2026-09-09","passed","2026-09-09","","Test Solana SDK","Test Solana SDK Test SPL Token Transaction ABNBon",""
"","160","Test Solana SDK Test SPL Token Transaction TENon","","2026-09-09","passed","2026-09-09","","Test Solana SDK","Test Solana SDK Test SPL Token Transaction TENon",""
"","163","Test Solana SDK Test SPL Token Transaction QLTAon","","2026-09-09","passed","2026-09-09","","Test Solana SDK","Test Solana SDK Test SPL Token Transaction QLTAon",""
"","161","Test Solana SDK Test SPL Token Transaction GMEon","","2026-09-09","passed","2026-09-09","","Test Solana SDK","Test Solana SDK Test SPL Token Transaction GMEon",""
"","128","Test XTZ SDK XTZ: get address 0","","2026-09-09","passed","2026-09-09","","Test XTZ SDK","Test XTZ SDK XTZ: get address 0",""
"","162","Test Solana SDK Test SPL Token Transaction FLHYon","","2026-09-09","passed","2026-09-09","","Test Solana SDK","Test Solana SDK Test SPL Token Transaction FLHYon",""
"","0","Test KAS SDK Test validateChange Test transaction with invalid change","","2026-09-09","passed","2026-09-09","","Test KAS SDK","Test KAS SDK Test validateChange Test transaction with invalid change",""
"","159","Test Solana SDK Test SPL Token Transaction VPGon","","2026-09-09","passed","2026-09-09","","Test Solana SDK","Test Solana SDK Test SPL Token Transaction VPGon",""
"","878","Test ADA SDK Test sign transaction TokenTransfer sends official token NIGHT (verified symbol once signed, otherwise @NIGHT)","","2026-09-09","passed","2026-09-09","","Test ADA SDK","Test ADA SDK Test sign transaction TokenTransfer sends official token NIGHT (verified symbol once signed, otherwise @NIGHT)",""
"","161","Test Solana SDK Test SPL Token Transaction LASRon","","2026-09-09","passed","2026-09-09","","Test Solana SDK","Test Solana SDK Test SPL Token Transaction LASRon",""
"","1","assertTokenTransferSupported rejects a Byron (legacy) receiver — it cannot hold native tokens","","2026-09-09","passed","2026-09-09","","getTokenInfoArgument: official token payloads","assertTokenTransferSupported rejects a Byron (legacy) receiver — it cannot hold native tokens",""
"","166","Test Solana SDK Test SPL Token Transaction CRWDon","","2026-09-09","passed","2026-09-09","","Test Solana SDK","Test Solana SDK Test SPL Token Transaction CRWDon",""
"","1","Test KAS SDK Test validateChange Test normal change","","2026-09-09","passed","2026-09-09","","Test KAS SDK","Test KAS SDK Test validateChange Test normal change",""
"","160","Test Solana SDK Test SPL Token Transaction NVDAon","","2026-09-09","passed","2026-09-09","","Test Solana SDK","Test Solana SDK Test SPL Token Transaction NVDAon",""
"","165","Test Solana SDK Test SPL Token Transaction COPXon","","2026-09-09","passed","2026-09-09","","Test Solana SDK","Test Solana SDK Test SPL Token Transaction COPXon",""
"","165","Test Solana SDK Test SPL Token Transaction GOOGLon","","2026-09-09","passed","2026-09-09","","Test Solana SDK","Test Solana SDK Test SPL Token Transaction GOOGLon",""
"","1544","Test ADA SDK Test sign transaction StakeDelegate without token","","2026-09-09","passed","2026-09-09","","Test ADA SDK","Test ADA SDK Test sign transaction StakeDelegate without token",""
"","907","Test ADA SDK Test sign transaction Transfer with token","","2026-09-09","passed","2026-09-09","","Test ADA SDK","Test ADA SDK Test sign transaction Transfer with token",""
"","167","Test Solana SDK Test SPL Token Transaction GRNDon","","2026-09-09","passed","2026-09-09","","Test Solana SDK","Test Solana SDK Test SPL Token Transaction GRNDon",""
"","163","Test Solana SDK Test SPL Token Transaction DRAMon","","2026-09-09","passed","2026-09-09","","Test Solana SDK","Test Solana SDK Test SPL Token Transaction DRAMon",""
"","161","Test Solana SDK Test SPL Token Transaction SPOTon","","2026-09-09","passed","2026-09-09","","Test Solana SDK","Test Solana SDK Test SPL Token Transaction SPOTon",""
"","168","Test Solana SDK Test SPL Token Transaction APPon","","2026-09-09","passed","2026-09-09","","Test Solana SDK","Test Solana SDK Test SPL Token Transaction APPon",""
"","1","Test KAS SDK Test getAddressByPublicKey with version 1","","2026-09-09","passed","2026-09-09","","Test KAS SDK","Test KAS SDK Test getAddressByPublicKey with version 1",""
"","162","Test Solana SDK Test SPL Token Transaction TQQQon","","2026-09-09","passed","2026-09-09","","Test Solana SDK","Test Solana SDK Test SPL Token Transaction TQQQon",""
"","187","Test Solana SDK Test SPL Token Transaction USDT","","2026-09-09","passed","2026-09-09","","Test Solana SDK","Test Solana SDK Test SPL Token Transaction USDT",""
"","165","Test Solana SDK Test SPL Token Transaction ARQQon","","2026-09-09","passed","2026-09-09","","Test Solana SDK","Test Solana SDK Test SPL Token Transaction ARQQon",""
"","432","Test Sui SDK Test Sign Token Transfer Transaction Test Token Transfer Transaction Success With 100000000 USDC","","2026-09-09","passed","2026-09-09","","Test Sui SDK","Test Sui SDK Test Sign Token Transfer Transaction Test Token Transfer Transaction Success With 100000000 USDC",""
"","152","Test BCH SDK BCH signTransaction to address starts with 3 and no changes","","2026-09-09","passed","2026-09-09","","Test BCH SDK","Test BCH SDK BCH signTransaction to address starts with 3 and no changes",""
"","165","Test Solana SDK Test SPL Token Transaction ALBon","","2026-09-09","passed","2026-09-09","","Test Solana SDK","Test Solana SDK Test SPL Token Transaction ALBon",""
"","165","Test Solana SDK Test SPL Token Transaction IVVon","","2026-09-09","passed","2026-09-09","","Test Solana SDK","Test Solana SDK Test SPL Token Transaction IVVon",""
"","429","Test Sui SDK Test Sign Token Transfer Transaction Test Token Transfer Transaction Success With 99999999 USDC","","2026-09-09","passed","2026-09-09","","Test Sui SDK","Test Sui SDK Test Sign Token Transfer Transaction Test Token Transfer Transaction Success With 99999999 USDC",""
"","164","Test Solana SDK Test SPL Token Transaction FLEXon","","2026-09-09","passed","2026-09-09","","Test Solana SDK","Test Solana SDK Test SPL Token Transaction FLEXon",""
"","162","Test Solana SDK Test SPL Token Transaction NOCon","","2026-09-09","passed","2026-09-09","","Test Solana SDK","Test Solana SDK Test SPL Token Transaction NOCon",""
"","164","Test Solana SDK Test SPL Token Transaction FSOLon","","2026-09-09","passed","2026-09-09","","Test Solana SDK","Test Solana SDK Test SPL Token Transaction FSOLon",""
"","282","Test BCH SDK BCH signTransaction to address starts with 1","","2026-09-09","passed","2026-09-09","","Test BCH SDK","Test BCH SDK BCH signTransaction to address starts with 1",""
"","1","Test scriptUtil.getXXXArguments function getDelegateAndCreateAccountArguments with compute budget","","2026-09-09","passed","2026-09-09","","Test scriptUtil.getXXXArguments function","Test scriptUtil.getXXXArguments function getDelegateAndCreateAccountArguments with compute budget",""
"","160","Test Solana SDK Test SPL Token Transaction RDWon","","2026-09-09","passed","2026-09-09","","Test Solana SDK","Test Solana SDK Test SPL Token Transaction RDWon",""
"","1","assertTokenTransferSupported rejects decimals above 20, or >= 256 (which would overflow the 1-byte field)","","2026-09-09","passed","2026-09-09","","getTokenInfoArgument: official token payloads","assertTokenTransferSupported rejects decimals above 20, or >= 256 (which would overflow the 1-byte field)",""
"","165","Test Solana SDK Test SPL Token Transaction ENBon","","2026-09-09","passed","2026-09-09","","Test Solana SDK","Test Solana SDK Test SPL Token Transaction ENBon",""
"","1","Test KAS SDK Test validateOutputs Test output without 0 value","","2026-09-09","passed","2026-09-09","","Test KAS SDK","Test KAS SDK Test validateOutputs Test output without 0 value",""
"","163","Test Solana SDK Test SPL Token Transaction DASHon","","2026-09-09","passed","2026-09-09","","Test Solana SDK","Test Solana SDK Test SPL Token Transaction DASHon",""
"","162","Test Solana SDK Test SPL Token Transaction SOXSon","","2026-09-09","passed","2026-09-09","","Test Solana SDK","Test Solana SDK Test SPL Token Transaction SOXSon",""
"","161","Test Solana SDK Test SPL Token Transaction WULFon","","2026-09-09","passed","2026-09-09","","Test Solana SDK","Test Solana SDK Test SPL Token Transaction WULFon",""
"","168","Test Solana SDK Test SPL Token Transaction ADIon","","2026-09-09","passed","2026-09-09","","Test Solana SDK","Test Solana SDK Test SPL Token Transaction ADIon",""
"","162","Test Solana SDK Test SPL Token Transaction NVOon","","2026-09-09","passed","2026-09-09","","Test Solana SDK","Test Solana SDK Test SPL Token Transaction NVOon",""
"","167","Test Solana SDK Test SPL Token Transaction FLNCon","","2026-09-09","passed","2026-09-09","","Test Solana SDK","Test Solana SDK Test SPL Token Transaction FLNCon",""
"","168","Test Solana SDK Test SPL Token Transaction AAOIon","","2026-09-09","passed","2026-09-09","","Test Solana SDK","Test Solana SDK Test SPL Token Transaction AAOIon",""
"","1541","Test ADA SDK Test sign transaction StakeRegister with token","","2026-09-09","passed","2026-09-09","","Test ADA SDK","Test ADA SDK Test sign transaction StakeRegister with token",""
"","165","Test Solana SDK Test SPL Token Transaction QUBTon","","2026-09-09","passed","2026-09-09","","Test Solana SDK","Test Solana SDK Test SPL Token Transaction QUBTon",""
"","0","Test Sui SDK Test Sign Token Transfer Transaction Test Token Transfer Transaction Failed With 0 As Gas Budget","","2026-09-09","passed","2026-09-09","","Test Sui SDK","Test Sui SDK Test Sign Token Transfer Transaction Test Token Transfer Transaction Failed With 0 As Gas Budget",""
"","161","Test Solana SDK Test SPL Token Transaction WLKon","","2026-09-09","passed","2026-09-09","","Test Solana SDK","Test Solana SDK Test SPL Token Transaction WLKon",""
"","160","Test Solana SDK Test SPL Token Transaction UNGon","","2026-09-09","passed","2026-09-09","","Test Solana SDK","Test Solana SDK Test SPL Token Transaction UNGon",""
"","118","Test XLM SDK Test XLM CoinType Test Sign Transfer XLM Transaction for protocol BIP44","","2026-09-09","passed","2026-09-09","","Test XLM SDK","Test XLM SDK Test XLM CoinType Test Sign Transfer XLM Transaction for protocol BIP44",""
"","175","Test Solana SDK Test SPL Token Transaction EURC","","2026-09-09","passed","2026-09-09","","Test Solana SDK","Test Solana SDK Test SPL Token Transaction EURC",""
"","165","Test Solana SDK Test SPL Token Transaction FLQLon","","2026-09-09","passed","2026-09-09","","Test Solana SDK","Test Solana SDK Test SPL Token Transaction FLQLon",""
"","0","Test KAS SDK Test pubkeyOrScriptHashToPayment with script P2SH","","2026-09-09","passed","2026-09-09","","Test KAS SDK","Test KAS SDK Test pubkeyOrScriptHashToPayment with script P2SH",""
"","240","Test BCH SDK BCH signTransaction to address starts with 3","","2026-09-09","passed","2026-09-09","","Test BCH SDK","Test BCH SDK BCH signTransaction to address starts with 3",""
"","166","Test Solana SDK Test SPL Token Transaction HLITon","","2026-09-09","passed","2026-09-09","","Test Solana SDK","Test Solana SDK Test SPL Token Transaction HLITon",""
"","112","Test XRP SDK Test Transfer XRP with new script transfer with memo","","2026-09-09","passed","2026-09-09","","Test XRP SDK","Test XRP SDK Test Transfer XRP with new script transfer with memo",""
"","161","Test Solana SDK Test SPL Token Transaction PENGon","","2026-09-09","passed","2026-09-09","","Test Solana SDK","Test Solana SDK Test SPL Token Transaction PENGon",""
"","170","Test Solana SDK Test SPL Token Transaction RKLBon","","2026-09-09","passed","2026-09-09","","Test Solana SDK","Test Solana SDK Test SPL Token Transaction RKLBon",""
"","166","Test Solana SDK Test SPL Token Transaction SCHWon","","2026-09-09","passed","2026-09-09","","Test Solana SDK","Test Solana SDK Test SPL Token Transaction SCHWon",""
"","158","Test Solana SDK Test SPL Token Transaction VDEon","","2026-09-09","passed","2026-09-09","","Test Solana SDK","Test Solana SDK Test SPL Token Transaction VDEon",""
"","164","Test Solana SDK Test SPL Token Transaction HPEon","","2026-09-09","passed","2026-09-09","","Test Solana SDK","Test Solana SDK Test SPL Token Transaction HPEon",""
"","0","isBase58Format rejects a base58-charset string that decodes to more than 32 bytes","","2026-09-09","passed","2026-09-09","","isBase58Format","isBase58Format rejects a base58-charset string that decodes to more than 32 bytes",""
"","466","Test ETC SDK Test Get Address index 0 address","","2026-09-09","passed","2026-09-09","","Test ETC SDK","Test ETC SDK Test Get Address index 0 address",""
"","162","Test Solana SDK Test SPL Token Transaction ONDSon","","2026-09-09","passed","2026-09-09","","Test Solana SDK","Test Solana SDK Test SPL Token Transaction ONDSon",""
"","77","Test Sui SDK Test Sign Smart Transaction Test Smart Transaction Failed With Empty Gas Payment","","2026-09-09","passed","2026-09-09","","Test Sui SDK","Test Sui SDK Test Sign Smart Transaction Test Smart Transaction Failed With Empty Gas Payment",""
"","161","Test Solana SDK Test SPL Token Transaction NEEon","","2026-09-09","passed","2026-09-09","","Test Solana SDK","Test Solana SDK Test SPL Token Transaction NEEon",""
"","160","Test Solana SDK Test SPL Token Transaction IEMGon","","2026-09-09","passed","2026-09-09","","Test Solana SDK","Test Solana SDK Test SPL Token Transaction IEMGon",""
"","161","Test Solana SDK Test SPL Token Transaction Ton","","2026-09-09","passed","2026-09-09","","Test Solana SDK","Test Solana SDK Test SPL Token Transaction Ton",""
"","166","Test Solana SDK Test SPL Token Transaction HIMXon","","2026-09-09","passed","2026-09-09","","Test Solana SDK","Test Solana SDK Test SPL Token Transaction HIMXon",""
"","165","Test Solana SDK Test SPL Token Transaction CMGon","","2026-09-09","passed","2026-09-09","","Test Solana SDK","Test Solana SDK Test SPL Token Transaction CMGon",""
"","337","Test ADA SDK Test sign message signMessage with addressIndex 0","","2026-09-09","passed","2026-09-09","","Test ADA SDK","Test ADA SDK Test sign message signMessage with addressIndex 0",""
"","161","Test Solana SDK Test SPL Token Transaction ORBXon","","2026-09-09","passed","2026-09-09","","Test Solana SDK","Test Solana SDK Test SPL Token Transaction ORBXon",""
"","75","Test Sui SDK Test Sign Smart Transaction Test Smart Transaction Failed With 0 As Gas Price","","2026-09-09","passed","2026-09-09","","Test Sui SDK","Test Sui SDK Test Sign Smart Transaction Test Smart Transaction Failed With 0 As Gas Price",""
"","902","Test ADA SDK Test sign transaction TokenTransfer empty asset name","","2026-09-09","passed","2026-09-09","","Test ADA SDK","Test ADA SDK Test sign transaction TokenTransfer empty asset name",""
"","165","Test Solana SDK Test SPL Token Transaction CEGon","","2026-09-09","passed","2026-09-09","","Test Solana SDK","Test Solana SDK Test SPL Token Transaction CEGon",""
"","124","Test XLM SDK Test XLM CoinType Test Sign Transfer XLM Transaction for protocol SLIP0010","","2026-09-09","passed","2026-09-09","","Test XLM SDK","Test XLM SDK Test XLM CoinType Test Sign Transfer XLM Transaction for protocol SLIP0010",""
"","166","Test Solana SDK Test SPL Token Transaction INDAon","","2026-09-09","passed","2026-09-09","","Test Solana SDK","Test Solana SDK Test SPL Token Transaction INDAon",""
"","160","Test Solana SDK Test SPL Token Transaction SMCIon","","2026-09-09","passed","2026-09-09","","Test Solana SDK","Test Solana SDK Test SPL Token Transaction SMCIon",""
"","111","Test ZEC SDK Test Get Address P2PKH","","2026-09-09","passed","2026-09-09","","Test ZEC SDK","Test ZEC SDK Test Get Address P2PKH",""
"","163","Test Solana SDK Test SPL Token Transaction QTUMon","","2026-09-09","passed","2026-09-09","","Test Solana SDK","Test Solana SDK Test SPL Token Transaction QTUMon",""
"","160","Test Solana SDK Test SPL Token Transaction MRNAon","","2026-09-09","passed","2026-09-09","","Test Solana SDK","Test Solana SDK Test SPL Token Transaction MRNAon",""
"","1","Test KAS SDK Test validateOutputs Test normal output","","2026-09-09","passed","2026-09-09","","Test KAS SDK","Test KAS SDK Test validateOutputs Test normal output",""
"","0","isBase58Format accepts a valid 44-char base58 pubkey","","2026-09-09","passed","2026-09-09","","isBase58Format","isBase58Format accepts a valid 44-char base58 pubkey",""
"","1","Test Sui SDK Test Sign Coin Transfer Test Coin Transfer Transaction Failed With 0 As Gas Price","","2026-09-09","passed","2026-09-09","","Test Sui SDK","Test Sui SDK Test Sign Coin Transfer Test Coin Transfer Transaction Failed With 0 As Gas Price",""
"","493","Test KSM SDK Test KSM Nominate nominate with address 0 and double hash","","2026-09-09","passed","2026-09-09","","Test DOT SDK","Test KSM SDK Test KSM Nominate nominate with address 0 and double hash",""
"","162","Test Solana SDK Test SPL Token Transaction IONQon","","2026-09-09","passed","2026-09-09","","Test Solana SDK","Test Solana SDK Test SPL Token Transaction IONQon",""
"","165","Test Solana SDK Test SPL Token Transaction CCJon","","2026-09-09","passed","2026-09-09","","Test Solana SDK","Test Solana SDK Test SPL Token Transaction CCJon",""
"","161","Test Solana SDK Test SPL Token Transaction KEYSon","","2026-09-09","passed","2026-09-09","","Test Solana SDK","Test Solana SDK Test SPL Token Transaction KEYSon",""
"","0","Test KAS SDK Test validateInputs Test input with invalid public key","","2026-09-09","passed","2026-09-09","","Test KAS SDK","Test KAS SDK Test validateInputs Test input with invalid public key",""
"","160","Test Solana SDK Test SPL Token Transaction PCGon","","2026-09-09","passed","2026-09-09","","Test Solana SDK","Test Solana SDK Test SPL Token Transaction PCGon",""
"","163","Test Solana SDK Test SPL Token Transaction LMTon","","2026-09-09","passed","2026-09-09","","Test Solana SDK","Test Solana SDK Test SPL Token Transaction LMTon",""
"","1","Test KAS SDK Test validateAmountCanDisplayOnProCard Test more than 8 bits transfer amount","","2026-09-09","passed","2026-09-09","","Test KAS SDK","Test KAS SDK Test validateAmountCanDisplayOnProCard Test more than 8 bits transfer amount",""
"","164","Test Solana SDK Test SPL Token Transaction OPENon","","2026-09-09","passed","2026-09-09","","Test Solana SDK","Test Solana SDK Test SPL Token Transaction OPENon",""
"","160","Test Solana SDK Test SPL Token Transaction UAMYon","","2026-09-09","passed","2026-09-09","","Test Solana SDK","Test Solana SDK Test SPL Token Transaction UAMYon",""
"","162","Test Solana SDK Test SPL Token Transaction PLon","","2026-09-09","passed","2026-09-09","","Test Solana SDK","Test Solana SDK Test SPL Token Transaction PLon",""
"","161","Test Solana SDK Test SPL Token Transaction STRCon","","2026-09-09","passed","2026-09-09","","Test Solana SDK","Test Solana SDK Test SPL Token Transaction STRCon",""
"","3","isBase58Format rejects empty or undefined input","","2026-09-09","passed","2026-09-09","","isBase58Format","isBase58Format rejects empty or undefined input",""
"","0","Test Sui SDK Test Sign Token Transfer Transaction Test Token Transfer Transaction Failed With Invalid String As Gas Budget","","2026-09-09","passed","2026-09-09","","Test Sui SDK","Test Sui SDK Test Sign Token Transfer Transaction Test Token Transfer Transaction Failed With Invalid String As Gas Budget",""
"","161","Test Solana SDK Test SPL Token Transaction MUon","","2026-09-09","passed","2026-09-09","","Test Solana SDK","Test Solana SDK Test SPL Token Transaction MUon",""
"","165","Test Solana SDK Test SPL Token Transaction BOTZon","","2026-09-09","passed","2026-09-09","","Test Solana SDK","Test Solana SDK Test SPL Token Transaction BOTZon",""
"","164","Test Solana SDK Test SPL Token Transaction APLDon","","2026-09-09","passed","2026-09-09","","Test Solana SDK","Test Solana SDK Test SPL Token Transaction APLDon",""
"","1","Test KAS SDK Test validateTransaction Test transaction with max value","","2026-09-09","passed","2026-09-09","","Test KAS SDK","Test KAS SDK Test validateTransaction Test transaction with max value",""
"","160","Test Solana SDK Test Staking Withdraw with Same toPubkey","","2026-09-09","passed","2026-09-09","","Test Solana SDK","Test Solana SDK Test Staking Withdraw with Same toPubkey",""
"","162","Test Solana SDK Test SPL Token Transaction QBTSon","","2026-09-09","passed","2026-09-09","","Test Solana SDK","Test Solana SDK Test SPL Token Transaction QBTSon",""
"","161","Test Solana SDK Test SPL Token Transaction SEDGon","","2026-09-09","passed","2026-09-09","","Test Solana SDK","Test Solana SDK Test SPL Token Transaction SEDGon",""
"","1","Test Sui SDK Test Sign Coin Transfer Test Coin Transfer Transaction Failed With Invalid String As Gas Price","","2026-09-09","passed","2026-09-09","","Test Sui SDK","Test Sui SDK Test Sign Coin Transfer Test Coin Transfer Transaction Failed With Invalid String As Gas Price",""
"","543","Test LTC SDK Test Sign Transfer LTC Transaction","","2026-09-09","passed","2026-09-09","","Test LTC SDK","Test LTC SDK Test Sign Transfer LTC Transaction",""
"","161","Test Solana SDK Test SPL Token Transaction QYLDon","","2026-09-09","passed","2026-09-09","","Test Solana SDK","Test Solana SDK Test SPL Token Transaction QYLDon",""
"","161","Test Solana SDK Test SPL Token Transaction SCCOon","","2026-09-09","passed","2026-09-09","","Test Solana SDK","Test Solana SDK Test SPL Token Transaction SCCOon",""
"","1","Test KAS SDK Test retrieving the address at index 0 of the P2PK_ECDSA script type.","","2026-09-09","passed","2026-09-09","","Test KAS SDK","Test KAS SDK Test retrieving the address at index 0 of the P2PK_ECDSA script type.",""
"","160","Test Solana SDK Test SPL Token Transaction SYSBon","","2026-09-09","passed","2026-09-09","","Test Solana SDK","Test Solana SDK Test SPL Token Transaction SYSBon",""
"","160","Test Solana SDK Test SPL Token Transaction STMon","","2026-09-09","passed","2026-09-09","","Test Solana SDK","Test Solana SDK Test SPL Token Transaction STMon",""
"","1","Test KAS SDK Test addressToOutScript with P2PK_ECDSA script address","","2026-09-09","passed","2026-09-09","","Test KAS SDK","Test KAS SDK Test addressToOutScript with P2PK_ECDSA script address",""
"","164","Test Solana SDK Test SPL Token Transaction CLFon","","2026-09-09","passed","2026-09-09","","Test Solana SDK","Test Solana SDK Test SPL Token Transaction CLFon",""
"","1","Test scriptUtil.getXXXArguments function getSignMessageArguments","","2026-09-09","passed","2026-09-09","","Test scriptUtil.getXXXArguments function","Test scriptUtil.getXXXArguments function getSignMessageArguments",""
"","162","Test Solana SDK Test SPL Token Transaction NETon","","2026-09-09","passed","2026-09-09","","Test Solana SDK","Test Solana SDK Test SPL Token Transaction NETon",""
"","163","Test Solana SDK Test SPL Token Transaction VRTXon","","2026-09-09","passed","2026-09-09","","Test Solana SDK","Test Solana SDK Test SPL Token Transaction VRTXon",""
"","119","Test XRP SDK Test Transfer XRP with new script transfer without flags and destination tag","","2026-09-09","passed","2026-09-09","","Test XRP SDK","Test XRP SDK Test Transfer XRP with new script transfer without flags and destination tag",""
"","163","Test Solana SDK Test SPL Token Transaction NVMIon","","2026-09-09","passed","2026-09-09","","Test Solana SDK","Test Solana SDK Test SPL Token Transaction NVMIon",""
"","164","Test Solana SDK Test SPL Token Transaction COINon","","2026-09-09","passed","2026-09-09","","Test Solana SDK","Test Solana SDK Test SPL Token Transaction COINon",""
"","163","Test Solana SDK Test SPL Token Transaction ARMon","","2026-09-09","passed","2026-09-09","","Test Solana SDK","Test Solana SDK Test SPL Token Transaction ARMon",""
"","162","Test Solana SDK Test SPL Token Transaction INCEon","","2026-09-09","passed","2026-09-09","","Test Solana SDK","Test Solana SDK Test SPL Token Transaction INCEon",""
"","474","Test LTC SDK Test Get index 0 address","","2026-09-09","passed","2026-09-09","","Test LTC SDK","Test LTC SDK Test Get index 0 address",""
"","172","Test Solana SDK Test SPL Token Transaction IBITon","","2026-09-09","passed","2026-09-09","","Test Solana SDK","Test Solana SDK Test SPL Token Transaction IBITon",""
"","169","Test Solana SDK Test SPL Token Transaction INSWon","","2026-09-09","passed","2026-09-09","","Test Solana SDK","Test Solana SDK Test SPL Token Transaction INSWon",""
"","165","Test Solana SDK Test SPL Token Transaction FFOGon","","2026-09-09","passed","2026-09-09","","Test Solana SDK","Test Solana SDK Test SPL Token Transaction FFOGon",""
"","161","Test Solana SDK Test SPL Token Transaction MTZon","","2026-09-09","passed","2026-09-09","","Test Solana SDK","Test Solana SDK Test SPL Token Transaction MTZon",""
"","189","Test KAS SDK Test signing a transaction with 2 outputs, where one output is 0.2 KAS with the version 8 address","","2026-09-09","passed","2026-09-09","","Test KAS SDK","Test KAS SDK Test signing a transaction with 2 outputs, where one output is 0.2 KAS with the version 8 address",""
"","0","Test KAS SDK Test validateOutputs Test without outputs","","2026-09-09","passed","2026-09-09","","Test KAS SDK","Test KAS SDK Test validateOutputs Test without outputs",""
"","167","Test Solana SDK Test SPL Token Transaction ACNon","","2026-09-09","passed","2026-09-09","","Test Solana SDK","Test Solana SDK Test SPL Token Transaction ACNon",""
"","161","Test Solana SDK Test SPL Token Transaction TELon","","2026-09-09","passed","2026-09-09","","Test Solana SDK","Test Solana SDK Test SPL Token Transaction TELon",""
"","74","Test KSM SDK Test Get KSM Address test get index 0 address","","2026-09-09","passed","2026-09-09","","Test DOT SDK","Test KSM SDK Test Get KSM Address test get index 0 address",""
"","0","Test Sui SDK Test Sign Coin Transfer Test Coin Transfer Transaction Failed With Empty Gas Payment","","2026-09-09","passed","2026-09-09","","Test Sui SDK","Test Sui SDK Test Sign Coin Transfer Test Coin Transfer Transaction Failed With Empty Gas Payment",""
"","162","Test Solana SDK Test SPL Token Transaction NBISon","","2026-09-09","passed","2026-09-09","","Test Solana SDK","Test Solana SDK Test SPL Token Transaction NBISon",""
"","167","Test Solana SDK Test SPL Token Transaction ECOon","","2026-09-09","passed","2026-09-09","","Test Solana SDK","Test Solana SDK Test SPL Token Transaction ECOon",""
"","165","Test Solana SDK Test SPL Token Transaction INROon","","2026-09-09","passed","2026-09-09","","Test Solana SDK","Test Solana SDK Test SPL Token Transaction INROon",""
"","855","Test ADA SDK Test sign transaction TokenTransfer no change output","","2026-09-09","passed","2026-09-09","","Test ADA SDK","Test ADA SDK Test sign transaction TokenTransfer no change output",""
"","163","Test Solana SDK Test SPL Token Transaction PALLon","","2026-09-09","passed","2026-09-09","","Test Solana SDK","Test Solana SDK Test SPL Token Transaction PALLon",""
"","302","Test DOT SDK Test DOT BondExtra bond extra with address 0","","2026-09-09","passed","2026-09-09","","Test DOT SDK","Test DOT SDK Test DOT BondExtra bond extra with address 0",""
"","168","Test Solana SDK Test Create Token Account and SPL Token Transfer","","2026-09-09","passed","2026-09-09","","Test Solana SDK","Test Solana SDK Test Create Token Account and SPL Token Transfer",""
"","164","Test Solana SDK Test SPL Token Transaction CIBRon","","2026-09-09","passed","2026-09-09","","Test Solana SDK","Test Solana SDK Test SPL Token Transaction CIBRon",""
"","162","Test Solana SDK Test SPL Token Transaction INTCon","","2026-09-09","passed","2026-09-09","","Test Solana SDK","Test Solana SDK Test SPL Token Transaction INTCon",""
"","161","Test Solana SDK Test SPL Token Transaction TLTon","","2026-09-09","passed","2026-09-09","","Test Solana SDK","Test Solana SDK Test SPL Token Transaction TLTon",""
"","161","Test Solana SDK Test SPL Token Transaction LOWon","","2026-09-09","passed","2026-09-09","","Test Solana SDK","Test Solana SDK Test SPL Token Transaction LOWon",""
"","172","Test Solana SDK Test SPL Token Transaction AVGOon","","2026-09-09","passed","2026-09-09","","Test Solana SDK","Test Solana SDK Test SPL Token Transaction AVGOon",""
"","163","Test Solana SDK Test SPL Token Transaction EWJon","","2026-09-09","passed","2026-09-09","","Test Solana SDK","Test Solana SDK Test SPL Token Transaction EWJon",""
"","165","Test Solana SDK Test SPL Token Transaction ASMLon","","2026-09-09","passed","2026-09-09","","Test Solana SDK","Test Solana SDK Test SPL Token Transaction ASMLon",""
"","97","Test CRO SDK Test Get Address CRO test get address 0","","2026-09-09","passed","2026-09-09","","Test CRO SDK","Test CRO SDK Test Get Address CRO test get address 0",""
"","160","Test Solana SDK Test SPL Token Transaction TIPon","","2026-09-09","passed","2026-09-09","","Test Solana SDK","Test Solana SDK Test SPL Token Transaction TIPon",""
"","169","Test Solana SDK Test SPL Token Transaction CATon","","2026-09-09","passed","2026-09-09","","Test Solana SDK","Test Solana SDK Test SPL Token Transaction CATon",""
"","918","Test ADA SDK Test sign transaction TokenTransfer sends official token STRIKE (verified symbol once signed, otherwise @STRIKE)","","2026-09-09","passed","2026-09-09","","Test ADA SDK","Test ADA SDK Test sign transaction TokenTransfer sends official token STRIKE (verified symbol once signed, otherwise @STRIKE)",""
"","1535","Test ADA SDK Test sign transaction StakeRegister without token","","2026-09-09","passed","2026-09-09","","Test ADA SDK","Test ADA SDK Test sign transaction StakeRegister without token",""
"","163","Test Solana SDK Test SPL Token Transaction VSHon","","2026-09-09","passed","2026-09-09","","Test Solana SDK","Test Solana SDK Test SPL Token Transaction VSHon",""
"","1","assertTokenTransferSupported accepts a large token amount passed as a string (up to uint64)","","2026-09-09","passed","2026-09-09","","getTokenInfoArgument: official token payloads","assertTokenTransferSupported accepts a large token amount passed as a string (up to uint64)",""
"","163","Test Solana SDK Test SPL Token Transaction BACon","","2026-09-09","passed","2026-09-09","","Test Solana SDK","Test Solana SDK Test SPL Token Transaction BACon",""
"","161","Test Solana SDK Test SPL Token Transaction UNPon","","2026-09-09","passed","2026-09-09","","Test Solana SDK","Test Solana SDK Test SPL Token Transaction UNPon",""
"","0","Test KAS SDK Test validateDustThreshold with 600 dust Test transfer 546 sompi","","2026-09-09","passed","2026-09-09","","Test KAS SDK","Test KAS SDK Test validateDustThreshold with 600 dust Test transfer 546 sompi",""
"","164","Test Solana SDK Test SPL Token Transaction DYNFon","","2026-09-09","passed","2026-09-09","","Test Solana SDK","Test Solana SDK Test SPL Token Transaction DYNFon",""
"","1","Test Sui SDK Test Sign Coin Transfer Test Coin Transfer Transaction Failed With Empty String As Gas Budget","","2026-09-09","passed","2026-09-09","","Test Sui SDK","Test Sui SDK Test Sign Coin Transfer Test Coin Transfer Transaction Failed With Empty String As Gas Budget",""
"","165","Test Solana SDK Test SPL Token Transaction AEHRon","","2026-09-09","passed","2026-09-09","","Test Solana SDK","Test Solana SDK Test SPL Token Transaction AEHRon",""
"","161","Test Solana SDK Test SPL Token Transaction PLTRon","","2026-09-09","passed","2026-09-09","","Test Solana SDK","Test Solana SDK Test SPL Token Transaction PLTRon",""
"","162","Test Solana SDK Test SPL Token Transaction COPon","","2026-09-09","passed","2026-09-09","","Test Solana SDK","Test Solana SDK Test SPL Token Transaction COPon",""
"","185","Test ZEC SDK Test Sign Transfer Tx P2PKH","","2026-09-09","passed","2026-09-09","","Test ZEC SDK","Test ZEC SDK Test Sign Transfer Tx P2PKH",""
"","163","Test Solana SDK Test SPL Token Transaction BLSHon","","2026-09-09","passed","2026-09-09","","Test Solana SDK","Test Solana SDK Test SPL Token Transaction BLSHon",""
"","22","getChangeArgument: change value size limit throws when the change value exceeds 2048 bytes","","2026-09-09","passed","2026-09-09","","getTokenInfoArgument: official token payloads","getChangeArgument: change value size limit throws when the change value exceeds 2048 bytes",""
"","160","Test Solana SDK Test SPL Token Transaction VRSNon","","2026-09-09","passed","2026-09-09","","Test Solana SDK","Test Solana SDK Test SPL Token Transaction VRSNon",""
"","174","Test Solana SDK Test SPL Token Transaction SRM","","2026-09-09","passed","2026-09-09","","Test Solana SDK","Test Solana SDK Test SPL Token Transaction SRM",""
"","167","Test Solana SDK Test SPL Token Transaction FPSon","","2026-09-09","passed","2026-09-09","","Test Solana SDK","Test Solana SDK Test SPL Token Transaction FPSon",""
"","164","Test Solana SDK Test SPL Token Transaction IDEFon","","2026-09-09","passed","2026-09-09","","Test Solana SDK","Test Solana SDK Test SPL Token Transaction IDEFon",""
"","163","Test Solana SDK Test SPL Token Transaction JAAAon","","2026-09-09","passed","2026-09-09","","Test Solana SDK","Test Solana SDK Test SPL Token Transaction JAAAon",""
"","1","Test scriptUtil.getXXXArguments function getWithdrawArguments","","2026-09-09","passed","2026-09-09","","Test scriptUtil.getXXXArguments function","Test scriptUtil.getXXXArguments function getWithdrawArguments",""
"","2","Test scriptUtil.getXXXArguments function getCreateAndTransferSplTokenArguments","","2026-09-09","passed","2026-09-09","","Test scriptUtil.getXXXArguments function","Test scriptUtil.getXXXArguments function getCreateAndTransferSplTokenArguments",""
"","0","DOT signature assembly is always 65 bytes for normal r value","","2026-09-09","passed","2026-09-09","","DOT signature assembly","DOT signature assembly is always 65 bytes for normal r value",""
"","160","Test Solana SDK Test SPL Token Transaction SNAPon","","2026-09-09","passed","2026-09-09","","Test Solana SDK","Test Solana SDK Test SPL Token Transaction SNAPon",""
"","162","Test Solana SDK Test SPL Token Transaction MEIon","","2026-09-09","passed","2026-09-09","","Test Solana SDK","Test Solana SDK Test SPL Token Transaction MEIon",""
"","0","Test Sui SDK Test Sign Token Transfer Transaction Test Token Transfer Transaction Failed With Empty Coin Objects","","2026-09-09","passed","2026-09-09","","Test Sui SDK","Test Sui SDK Test Sign Token Transfer Transaction Test Token Transfer Transaction Failed With Empty Coin Objects",""
"","174","Test Solana SDK Test SPL Token Transaction GRT","","2026-09-09","passed","2026-09-09","","Test Solana SDK","Test Solana SDK Test SPL Token Transaction GRT",""
"","163","Test Solana SDK Test SPL Token Transaction FIGon","","2026-09-09","passed","2026-09-09","","Test Solana SDK","Test Solana SDK Test SPL Token Transaction FIGon",""
"","162","Test Solana SDK Test SPL Token Transaction IYWon","","2026-09-09","passed","2026-09-09","","Test Solana SDK","Test Solana SDK Test SPL Token Transaction IYWon",""
"","174","Test Solana SDK Test SPL Token Transaction USDC","","2026-09-09","passed","2026-09-09","","Test Solana SDK","Test Solana SDK Test SPL Token Transaction USDC",""
"","310","Test DOT SDK Test DOT Nominate nominate with address 0 and single hash","","2026-09-09","passed","2026-09-09","","Test DOT SDK","Test DOT SDK Test DOT Nominate nominate with address 0 and single hash",""
"","166","Test Solana SDK Test SPL Token Transaction BAIon","","2026-09-09","passed","2026-09-09","","Test Solana SDK","Test Solana SDK Test SPL Token Transaction BAIon",""
"","167","Test Solana SDK Test SPL Token Transaction CVXon","","2026-09-09","passed","2026-09-09","","Test Solana SDK","Test Solana SDK Test SPL Token Transaction CVXon",""
"","672","Test ADA SDK Test Get Address index 0 address","","2026-09-09","passed","2026-09-09","","Test ADA SDK","Test ADA SDK Test Get Address index 0 address",""
"","1","isBase58Format accepts the System Program ID, whose leading zero bytes shrink it to 32 chars","","2026-09-09","passed","2026-09-09","","isBase58Format","isBase58Format accepts the System Program ID, whose leading zero bytes shrink it to 32 chars",""
"","166","Test Solana SDK Test SPL Token Transaction EWYon","","2026-09-09","passed","2026-09-09","","Test Solana SDK","Test Solana SDK Test SPL Token Transaction EWYon",""
"","162","Test Solana SDK Test SPL Token Transaction IEFon","","2026-09-09","passed","2026-09-09","","Test Solana SDK","Test Solana SDK Test SPL Token Transaction IEFon",""
"","431","Test Sui SDK Test Sign Token Transfer Transaction Test Token Transfer Transaction Success With 0.001 USDC","","2026-09-09","passed","2026-09-09","","Test Sui SDK","Test Sui SDK Test Sign Token Transfer Transaction Test Token Transfer Transaction Success With 0.001 USDC",""
"","160","Test Solana SDK Test SPL Token Transaction IWNon","","2026-09-09","passed","2026-09-09","","Test Solana SDK","Test Solana SDK Test SPL Token Transaction IWNon",""
"","162","Test Solana SDK Test SPL Token Transaction SOon","","2026-09-09","passed","2026-09-09","","Test Solana SDK","Test Solana SDK Test SPL Token Transaction SOon",""
"","160","Test Solana SDK Test SPL Token Transaction POWLon","","2026-09-09","passed","2026-09-09","","Test Solana SDK","Test Solana SDK Test SPL Token Transaction POWLon",""
"","161","Test Solana SDK Test SPL Token Transaction PEPon","","2026-09-09","passed","2026-09-09","","Test Solana SDK","Test Solana SDK Test SPL Token Transaction PEPon",""
"","448","Test Sui SDK Test Sign Coin Transfer Test Coin Transfer Transaction Success With 99999999 SUI","","2026-09-09","passed","2026-09-09","","Test Sui SDK","Test Sui SDK Test Sign Coin Transfer Test Coin Transfer Transaction Success With 99999999 SUI",""
"","110","Test XRP SDK Test Trust Set RLUSD trust set with RLUSD token","","2026-09-09","passed","2026-09-09","","Test XRP SDK","Test XRP SDK Test Trust Set RLUSD trust set with RLUSD token",""
"","438","Test XRP SDK Test Get Address index 0 address","","2026-09-09","passed","2026-09-09","","Test XRP SDK","Test XRP SDK Test Get Address index 0 address",""
"","203","Test KAS SDK Test signing a transaction with 2 outputs, where one output is 0.2 KAS with the version 0 address","","2026-09-09","passed","2026-09-09","","Test KAS SDK","Test KAS SDK Test signing a transaction with 2 outputs, where one output is 0.2 KAS with the version 0 address",""
"","161","Test Solana SDK Test SPL Token Transaction REMXon","","2026-09-09","passed","2026-09-09","","Test Solana SDK","Test Solana SDK Test SPL Token Transaction REMXon",""
"","163","Test Solana SDK Test SPL Token Transaction KOon","","2026-09-09","passed","2026-09-09","","Test Solana SDK","Test Solana SDK Test SPL Token Transaction KOon",""
"","161","Test Solana SDK Test SPL Token Transaction EWZon","","2026-09-09","passed","2026-09-09","","Test Solana SDK","Test Solana SDK Test SPL Token Transaction EWZon",""
"","98","Test XTZ SDK XTZ: sign transaction","","2026-09-09","passed","2026-09-09","","Test XTZ SDK","Test XTZ SDK XTZ: sign transaction",""
"","162","Test Solana SDK Test SPL Token Transaction MCDon","","2026-09-09","passed","2026-09-09","","Test Solana SDK","Test Solana SDK Test SPL Token Transaction MCDon",""
"","162","Test Solana SDK Test SPL Token Transaction LWLGon","","2026-09-09","passed","2026-09-09","","Test Solana SDK","Test Solana SDK Test SPL Token Transaction LWLGon",""
"","1","getTokenInfoArgument: official token payloads NIGHT: stored payload equals the SDK-built token-info union","","2026-09-09","passed","2026-09-09","","getTokenInfoArgument: official token payloads","getTokenInfoArgument: official token payloads NIGHT: stored payload equals the SDK-built token-info union",""
"","1","assertTokenTransferSupported rejects a policyId that is not 28 bytes hex","","2026-09-09","passed","2026-09-09","","getTokenInfoArgument: official token payloads","assertTokenTransferSupported rejects a policyId that is not 28 bytes hex",""
"","1","Test Sui SDK Test Sign Token Transfer Transaction Test Token Transfer Transaction Failed With Invalid String As Gas Price","","2026-09-09","passed","2026-09-09","","Test Sui SDK","Test Sui SDK Test Sign Token Transfer Transaction Test Token Transfer Transaction Failed With Invalid String As Gas Price",""
"","111","Test XRP SDK Test IOU Transfer RLUSD iou transfer with RLUSD token and amount 0","","2026-09-09","passed","2026-09-09","","Test XRP SDK","Test XRP SDK Test IOU Transfer RLUSD iou transfer with RLUSD token and amount 0",""
"","164","Test Solana SDK Test SPL Token Transaction DBCon","","2026-09-09","passed","2026-09-09","","Test Solana SDK","Test Solana SDK Test SPL Token Transaction DBCon",""
"","1548","Test ADA SDK Test sign transaction Abstain without token","","2026-09-09","passed","2026-09-09","","Test ADA SDK","Test ADA SDK Test sign transaction Abstain without token",""
"","1","getTokenInfoArgument: official token payloads MIN: stored payload equals the SDK-built token-info union","","2026-09-09","passed","2026-09-09","","getTokenInfoArgument: official token payloads","getTokenInfoArgument: official token payloads MIN: stored payload equals the SDK-built token-info union",""
"","162","Test Solana SDK Test SPL Token Transaction BILon","","2026-09-09","passed","2026-09-09","","Test Solana SDK","Test Solana SDK Test SPL Token Transaction BILon",""
"","349","Test Sui SDK Test Sign Smart Transaction Test Smart Transaction Success With 0.1 SUI","","2026-09-09","passed","2026-09-09","","Test Sui SDK","Test Sui SDK Test Sign Smart Transaction Test Smart Transaction Success With 0.1 SUI",""
"","165","Test Solana SDK Test SPL Token Transaction FXIon","","2026-09-09","passed","2026-09-09","","Test Solana SDK","Test Solana SDK Test SPL Token Transaction FXIon",""
"","167","Test Solana SDK Test SPL Token Transaction EQTon","","2026-09-09","passed","2026-09-09","","Test Solana SDK","Test Solana SDK Test SPL Token Transaction EQTon",""
"","164","Test Solana SDK Test SPL Token Transaction ICHRon","","2026-09-09","passed","2026-09-09","","Test Solana SDK","Test Solana SDK Test SPL Token Transaction ICHRon",""
"","163","Test Solana SDK Test SPL Token Transaction REGNon","","2026-09-09","passed","2026-09-09","","Test Solana SDK","Test Solana SDK Test SPL Token Transaction REGNon",""
"","167","Test Solana SDK Test SPL Token Transaction BOTon","","2026-09-09","passed","2026-09-09","","Test Solana SDK","Test Solana SDK Test SPL Token Transaction BOTon",""
"","922","Test ETC SDK Test transfer ETC transfer with address 0","","2026-09-09","passed","2026-09-09","","Test ETC SDK","Test ETC SDK Test transfer ETC transfer with address 0",""
"","163","Test Solana SDK Test SPL Token Transaction CVNAon","","2026-09-09","passed","2026-09-09","","Test Solana SDK","Test Solana SDK Test SPL Token Transaction CVNAon",""
"","0","getTokenInfoArgument: official token payloads USDA: stored payload equals the SDK-built token-info union","","2026-09-09","passed","2026-09-09","","getTokenInfoArgument: official token payloads","getTokenInfoArgument: official token payloads USDA: stored payload equals the SDK-built token-info union",""
"","162","Test Solana SDK Test SPL Token Transaction LITon","","2026-09-09","passed","2026-09-09","","Test Solana SDK","Test Solana SDK Test SPL Token Transaction LITon",""
"","1","encodeOutputValue wraps [coin, multiasset] when assets are present","","2026-09-09","passed","2026-09-09","","buildMultiAssetCbor canonical ordering","encodeOutputValue wraps [coin, multiasset] when assets are present",""
"","1560","Test ADA SDK Test sign transaction Abstain with token","","2026-09-09","passed","2026-09-09","","Test ADA SDK","Test ADA SDK Test sign transaction Abstain with token",""
"","162","Test Solana SDK Test SPL Token Transaction PWRon","","2026-09-09","passed","2026-09-09","","Test Solana SDK","Test Solana SDK Test SPL Token Transaction PWRon",""
"","164","Test Solana SDK Test SPL Token Transaction TLNon","","2026-09-09","passed","2026-09-09","","Test Solana SDK","Test Solana SDK Test SPL Token Transaction TLNon",""
"","180","Test Solana SDK Test SPL Token Transaction FCXon","","2026-09-09","passed","2026-09-09","","Test Solana SDK","Test Solana SDK Test SPL Token Transaction FCXon",""
"","166","Test Solana SDK Test SPL Token Transaction AIPon","","2026-09-09","passed","2026-09-09","","Test Solana SDK","Test Solana SDK Test SPL Token Transaction AIPon",""
"","160","Test Solana SDK Test SPL Token Transaction URNMon","","2026-09-09","passed","2026-09-09","","Test Solana SDK","Test Solana SDK Test SPL Token Transaction URNMon",""
"","168","Test Solana SDK Test SPL Token Transaction AXPon","","2026-09-09","passed","2026-09-09","","Test Solana SDK","Test Solana SDK Test SPL Token Transaction AXPon",""
"","188","Test Solana SDK Test SPL Token Transaction Con","","2026-09-09","passed","2026-09-09","","Test Solana SDK","Test Solana SDK Test SPL Token Transaction Con",""
"","161","Test Solana SDK Test SPL Token Transaction TXNon","","2026-09-09","passed","2026-09-09","","Test Solana SDK","Test Solana SDK Test SPL Token Transaction TXNon",""
"","159","Test Solana SDK Test SPL Token Transaction SQQQon","","2026-09-09","passed","2026-09-09","","Test Solana SDK","Test Solana SDK Test SPL Token Transaction SQQQon",""
"","162","Test Solana SDK Test SPL Token Transaction SPGIon","","2026-09-09","passed","2026-09-09","","Test Solana SDK","Test Solana SDK Test SPL Token Transaction SPGIon",""
"","161","Test Solana SDK Test SPL Token Transaction PURRon","","2026-09-09","passed","2026-09-09","","Test Solana SDK","Test Solana SDK Test SPL Token Transaction PURRon",""
"","0","Test scriptUtil.getXXXArguments function getSignVersionedArguments","","2026-09-09","passed","2026-09-09","","Test scriptUtil.getXXXArguments function","Test scriptUtil.getXXXArguments function getSignVersionedArguments",""
"","161","Test Solana SDK Test SPL Token Transaction PINSon","","2026-09-09","passed","2026-09-09","","Test Solana SDK","Test Solana SDK Test SPL Token Transaction PINSon",""
"","160","Test Solana SDK Test SPL Token Transaction TMOon","","2026-09-09","passed","2026-09-09","","Test Solana SDK","Test Solana SDK Test SPL Token Transaction TMOon",""
"","1","Test KAS SDK Test addressToOutScript with P2PK_SCHNORR script address","","2026-09-09","passed","2026-09-09","","Test KAS SDK","Test KAS SDK Test addressToOutScript with P2PK_SCHNORR script address",""
"","1","Test scriptUtil.getXXXArguments function getUndelegateArguments","","2026-09-09","passed","2026-09-09","","Test scriptUtil.getXXXArguments function","Test scriptUtil.getXXXArguments function getUndelegateArguments",""
"","161","Test Solana SDK Test SPL Token Transaction NIOon","","2026-09-09","passed","2026-09-09","","Test Solana SDK","Test Solana SDK Test SPL Token Transaction NIOon",""
"","0","Test KAS SDK Test getAddressByPublicKey with version 8","","2026-09-09","passed","2026-09-09","","Test KAS SDK","Test KAS SDK Test getAddressByPublicKey with version 8",""
"","290","Test KSM SDK Test KSM Unbond unbond with address 0","","2026-09-09","passed","2026-09-09","","Test DOT SDK","Test KSM SDK Test KSM Unbond unbond with address 0",""
"","163","Test Solana SDK Test SPL Token Transaction TTMIon","","2026-09-09","passed","2026-09-09","","Test Solana SDK","Test Solana SDK Test SPL Token Transaction TTMIon",""
"","873","Test ADA SDK Test sign transaction TokenTransfer sends a custom (unofficial) token, shown unverified with @","","2026-09-09","passed","2026-09-09","","Test ADA SDK","Test ADA SDK Test sign transaction TokenTransfer sends a custom (unofficial) token, shown unverified with @",""
"","164","Test Solana SDK Test SPL Token Transaction IEIon","","2026-09-09","passed","2026-09-09","","Test Solana SDK","Test Solana SDK Test SPL Token Transaction IEIon",""
"","166","Test Solana SDK Test SPL Token Transaction ENTGon","","2026-09-09","passed","2026-09-09","","Test Solana SDK","Test Solana SDK Test SPL Token Transaction ENTGon",""
"","162","Test Solana SDK Test SPL Token Transaction GNRCon","","2026-09-09","passed","2026-09-09","","Test Solana SDK","Test Solana SDK Test SPL Token Transaction GNRCon",""
"","1","Test Sui SDK Test Sign Token Transfer Transaction Test Token Transfer Transaction Failed With Empty String As Gas Budget","","2026-09-09","passed","2026-09-09","","Test Sui SDK","Test Sui SDK Test Sign Token Transfer Transaction Test Token Transfer Transaction Failed With Empty String As Gas Budget",""
"","533","Test Sui SDK Test Sign Coin Transfer Test Coin Transfer Transaction Success With 0.1 SUI","","2026-09-09","passed","2026-09-09","","Test Sui SDK","Test Sui SDK Test Sign Coin Transfer Test Coin Transfer Transaction Success With 0.1 SUI",""
"","1","Test Sui SDK Test Sign Coin Transfer Test Coin Transfer Transaction Failed With 100000000 SUI","","2026-09-09","passed","2026-09-09","","Test Sui SDK","Test Sui SDK Test Sign Coin Transfer Test Coin Transfer Transaction Failed With 100000000 SUI",""
"","164","Test Solana SDK Test SPL Token Transaction BKCHon","","2026-09-09","passed","2026-09-09","","Test Solana SDK","Test Solana SDK Test SPL Token Transaction BKCHon",""
"","1","Test KAS SDK Test validateInputs Test input without tx id","","2026-09-09","passed","2026-09-09","","Test KAS SDK","Test KAS SDK Test validateInputs Test input without tx id",""
"","161","Test Solana SDK Test SPL Token Transaction NVTSon","","2026-09-09","passed","2026-09-09","","Test Solana SDK","Test Solana SDK Test SPL Token Transaction NVTSon",""
"","163","Test Solana SDK Test SPL Token Transaction KWEBon","","2026-09-09","passed","2026-09-09","","Test Solana SDK","Test Solana SDK Test SPL Token Transaction KWEBon",""
"","162","Test Solana SDK Test SPL Token Transaction IRDMon","","2026-09-09","passed","2026-09-09","","Test Solana SDK","Test Solana SDK Test SPL Token Transaction IRDMon",""
"","160","Test Solana SDK Test SPL Token Transaction TERon","","2026-09-09","passed","2026-09-09","","Test Solana SDK","Test Solana SDK Test SPL Token Transaction TERon",""
"","161","Test Solana SDK Test SPL Token Transaction TASKon","","2026-09-09","passed","2026-09-09","","Test Solana SDK","Test Solana SDK Test SPL Token Transaction TASKon",""
"","162","Test Solana SDK Test SPL Token Transaction SMRon","","2026-09-09","passed","2026-09-09","","Test Solana SDK","Test Solana SDK Test SPL Token Transaction SMRon",""
"","161","Test Solana SDK Test SPL Token Transaction STLDon","","2026-09-09","passed","2026-09-09","","Test Solana SDK","Test Solana SDK Test SPL Token Transaction STLDon",""
"","161","Test Solana SDK Test SPL Token Transaction OIHon","","2026-09-09","passed","2026-09-09","","Test Solana SDK","Test Solana SDK Test SPL Token Transaction OIHon",""
"","162","Test Solana SDK Test SPL Token Transaction IJSon","","2026-09-09","passed","2026-09-09","","Test Solana SDK","Test Solana SDK Test SPL Token Transaction IJSon",""
"","168","Test Solana SDK Test SPL Token Transaction ACLSon","","2026-09-09","passed","2026-09-09","","Test Solana SDK","Test Solana SDK Test SPL Token Transaction ACLSon",""
"","164","Test Solana SDK Test SPL Token Transaction ANETon","","2026-09-09","passed","2026-09-09","","Test Solana SDK","Test Solana SDK Test SPL Token Transaction ANETon",""
"","163","Test Solana SDK Test SPL Token Transaction HSAIon","","2026-09-09","passed","2026-09-09","","Test Solana SDK","Test Solana SDK Test SPL Token Transaction HSAIon",""
"","163","Test Solana SDK Test SPL Token Transaction URAon","","2026-09-09","passed","2026-09-09","","Test Solana SDK","Test Solana SDK Test SPL Token Transaction URAon",""
"","162","Test Solana SDK Test SPL Token Transaction DGXXon","","2026-09-09","passed","2026-09-09","","Test Solana SDK","Test Solana SDK Test SPL Token Transaction DGXXon",""
"","161","Test Solana SDK Test SPL Token Transaction JBLon","","2026-09-09","passed","2026-09-09","","Test Solana SDK","Test Solana SDK Test SPL Token Transaction JBLon",""
"","161","Test Solana SDK Test SPL Token Transaction VCXon","","2026-09-09","passed","2026-09-09","","Test Solana SDK","Test Solana SDK Test SPL Token Transaction VCXon",""
"","161","Test Solana SDK Test SPL Token Transaction UECon","","2026-09-09","passed","2026-09-09","","Test Solana SDK","Test Solana SDK Test SPL Token Transaction UECon",""
"","169","Test Solana SDK Test SPL Token Transaction AMEon","","2026-09-09","passed","2026-09-09","","Test Solana SDK","Test Solana SDK Test SPL Token Transaction AMEon",""
"","0","ICX signature assembly is always 65 bytes when both r and s have leading-zero bytes","","2026-09-09","passed","2026-09-09","","ICX signature assembly","ICX signature assembly is always 65 bytes when both r and s have leading-zero bytes",""
"","78","Test XLM SDK Test KAG CoinType Test Get index 1 address","","2026-09-09","passed","2026-09-09","","Test XLM SDK","Test XLM SDK Test KAG CoinType Test Get index 1 address",""
"","860","Test ADA SDK Test sign transaction TokenTransfer receiver is an enterprise address","","2026-09-09","passed","2026-09-09","","Test ADA SDK","Test ADA SDK Test sign transaction TokenTransfer receiver is an enterprise address",""
"","170","Test Solana SDK Test SPL Token Transaction APOon","","2026-09-09","passed","2026-09-09","","Test Solana SDK","Test Solana SDK Test SPL Token Transaction APOon",""
"","162","Test Solana SDK Test SPL Token Transaction GLWon","","2026-09-09","passed","2026-09-09","","Test Solana SDK","Test Solana SDK Test SPL Token Transaction GLWon",""
"","162","Test Solana SDK Test SPL Token Transaction VTIon","","2026-09-09","passed","2026-09-09","","Test Solana SDK","Test Solana SDK Test SPL Token Transaction VTIon",""
"","162","Test Solana SDK Test SPL Token Transaction NIKLon","","2026-09-09","passed","2026-09-09","","Test Solana SDK","Test Solana SDK Test SPL Token Transaction NIKLon",""
"","862","Test ADA SDK Test sign transaction TokenTransfer small token amount embedded in the CBOR prefix","","2026-09-09","passed","2026-09-09","","Test ADA SDK","Test ADA SDK Test sign transaction TokenTransfer small token amount embedded in the CBOR prefix",""
"","1","Test KAS SDK Test retrieving the address at index 0 of the P2SH script type.","","2026-09-09","passed","2026-09-09","","Test KAS SDK","Test KAS SDK Test retrieving the address at index 0 of the P2SH script type.",""
"","162","Test Solana SDK Test SPL Token Transaction RGTIon","","2026-09-09","passed","2026-09-09","","Test Solana SDK","Test Solana SDK Test SPL Token Transaction RGTIon",""
"","164","Test Solana SDK Test SPL Token Transaction ETHAon","","2026-09-09","passed","2026-09-09","","Test Solana SDK","Test Solana SDK Test SPL Token Transaction ETHAon",""
"","163","Test Solana SDK Test SPL Token Transaction SATAon","","2026-09-09","passed","2026-09-09","","Test Solana SDK","Test Solana SDK Test SPL Token Transaction SATAon",""
"","160","Test Solana SDK Test SPL Token Transaction NOWon","","2026-09-09","passed","2026-09-09","","Test Solana SDK","Test Solana SDK Test SPL Token Transaction NOWon",""
"","161","Test Solana SDK Test SPL Token Transaction OSCRon","","2026-09-09","passed","2026-09-09","","Test Solana SDK","Test Solana SDK Test SPL Token Transaction OSCRon",""
"","0","genCROSigFromSESig signature is always 64 bytes when both r and s have leading-zero bytes","","2026-09-09","passed","2026-09-09","","genCROSigFromSESig","genCROSigFromSESig signature is always 64 bytes when both r and s have leading-zero bytes",""
"","163","Test Solana SDK Test SPL Token Transaction MBLYon","","2026-09-09","passed","2026-09-09","","Test Solana SDK","Test Solana SDK Test SPL Token Transaction MBLYon",""
"","1617","Test ADA SDK Test sign transaction StakeDelegate with token","","2026-09-09","passed","2026-09-09","","Test ADA SDK","Test ADA SDK Test sign transaction StakeDelegate with token",""
"","163","Test Solana SDK Test SPL Token Transaction CRMon","","2026-09-09","passed","2026-09-09","","Test Solana SDK","Test Solana SDK Test SPL Token Transaction CRMon",""
"","162","Test Solana SDK Test SPL Token Transaction SKHYon","","2026-09-09","passed","2026-09-09","","Test Solana SDK","Test Solana SDK Test SPL Token Transaction SKHYon",""
"","1","Test KAS SDK Test signing 2 outputs transaction, and if the output is less than 0.2 KAS will throw an error","","2026-09-09","passed","2026-09-09","","Test KAS SDK","Test KAS SDK Test signing 2 outputs transaction, and if the output is less than 0.2 KAS will throw an error",""
"","167","Test Solana SDK Test SPL Token Transaction EXTRon","","2026-09-09","passed","2026-09-09","","Test Solana SDK","Test Solana SDK Test SPL Token Transaction EXTRon",""
"","166","Test Solana SDK Test Delegate And CreateAccountWithSeed","","2026-09-09","passed","2026-09-09","","Test Solana SDK","Test Solana SDK Test Delegate And CreateAccountWithSeed",""
"","161","Test Solana SDK Test SPL Token Transaction SLVon","","2026-09-09","passed","2026-09-09","","Test Solana SDK","Test Solana SDK Test SPL Token Transaction SLVon",""
"","166","Test Solana SDK Test SPL Token Transaction COFon","","2026-09-09","passed","2026-09-09","","Test Solana SDK","Test Solana SDK Test SPL Token Transaction COFon",""
"","161","Test Solana SDK Test SPL Token Transaction VICRon","","2026-09-09","passed","2026-09-09","","Test Solana SDK","Test Solana SDK Test SPL Token Transaction VICRon",""
"","160","Test Solana SDK Test SPL Token Transaction WFCon","","2026-09-09","passed","2026-09-09","","Test Solana SDK","Test Solana SDK Test SPL Token Transaction WFCon",""
"","1","Test Sui SDK Test Sign Coin Transfer Test Coin Transfer Transaction Failed With Invalid Gas Payment Object Id","","2026-09-09","passed","2026-09-09","","Test Sui SDK","Test Sui SDK Test Sign Coin Transfer Test Coin Transfer Transaction Failed With Invalid Gas Payment Object Id",""
"","163","Test Solana SDK Test SPL Token Transaction HYGWon","","2026-09-09","passed","2026-09-09","","Test Solana SDK","Test Solana SDK Test SPL Token Transaction HYGWon",""
"","0","getTokenInfoArgument: official token payloads STRIKE: stored payload equals the SDK-built token-info union","","2026-09-09","passed","2026-09-09","","getTokenInfoArgument: official token payloads","getTokenInfoArgument: official token payloads STRIKE: stored payload equals the SDK-built token-info union",""
"","161","Test Solana SDK Test SPL Token Transaction PPLTon","","2026-09-09","passed","2026-09-09","","Test Solana SDK","Test Solana SDK Test SPL Token Transaction PPLTon",""
"","1","getTokenInfoArgument: official token payloads SNEK: stored payload equals the SDK-built token-info union","","2026-09-09","passed","2026-09-09","","getTokenInfoArgument: official token payloads","getTokenInfoArgument: official token payloads SNEK: stored payload equals the SDK-built token-info union",""
"","166","Test Solana SDK Test SPL Token Transaction AGon","","2026-09-09","passed","2026-09-09","","Test Solana SDK","Test Solana SDK Test SPL Token Transaction AGon",""
"","92","Test XLM SDK Test XLM CoinType Test Get index 1 address","","2026-09-09","passed","2026-09-09","","Test XLM SDK","Test XLM SDK Test XLM CoinType Test Get index 1 address",""
"","0","Test Sui SDK Test Sign Token Transfer Transaction Test Token Transfer Transaction Failed With 0 USDC","","2026-09-09","passed","2026-09-09","","Test Sui SDK","Test Sui SDK Test Sign Token Transfer Transaction Test Token Transfer Transaction Failed With 0 USDC",""
"","163","Test Solana SDK Test SPL Token Transaction DTCRon","","2026-09-09","passed","2026-09-09","","Test Solana SDK","Test Solana SDK Test SPL Token Transaction DTCRon",""
"","166","Test Solana SDK Test SPL Token Transaction AMDon","","2026-09-09","passed","2026-09-09","","Test Solana SDK","Test Solana SDK Test SPL Token Transaction AMDon",""
"","490","Test KSM SDK Test KSM Transfer transfer with address 0 and metadatahash","","2026-09-09","passed","2026-09-09","","Test DOT SDK","Test KSM SDK Test KSM Transfer transfer with address 0 and metadatahash",""
"","1","Test Sui SDK Test Sign Token Transfer Transaction Test Token Transfer Transaction Failed With Invalid To Address","","2026-09-09","passed","2026-09-09","","Test Sui SDK","Test Sui SDK Test Sign Token Transfer Transaction Test Token Transfer Transaction Failed With Invalid To Address",""
"","94","Test DOT SDK Test Get DOT Address test get index 0 address","","2026-09-09","passed","2026-09-09","","Test DOT SDK","Test DOT SDK Test Get DOT Address test get index 0 address",""
"","166","Test Solana SDK Test SPL Token Transaction DGRWon","","2026-09-09","passed","2026-09-09","","Test Solana SDK","Test Solana SDK Test SPL Token Transaction DGRWon",""
"","159","Test Solana SDK Test SPL Token Transaction UCTTon","","2026-09-09","passed","2026-09-09","","Test Solana SDK","Test Solana SDK Test SPL Token Transaction UCTTon",""
"","161","Test Solana SDK Test SPL Token Transaction KEELon","","2026-09-09","passed","2026-09-09","","Test Solana SDK","Test Solana SDK Test SPL Token Transaction KEELon",""
"","912","Test ADA SDK Test sign transaction TokenTransfer with token change (leftover tokens ride back in change)","","2026-09-09","passed","2026-09-09","","Test ADA SDK","Test ADA SDK Test sign transaction TokenTransfer with token change (leftover tokens ride back in change)",""
"","1","Test KAS SDK Test validateInputs Test without inputs","","2026-09-09","passed","2026-09-09","","Test KAS SDK","Test KAS SDK Test validateInputs Test without inputs",""
"","161","Test Solana SDK Test SPL Token Transaction XYLDon","","2026-09-09","passed","2026-09-09","","Test Solana SDK","Test Solana SDK Test SPL Token Transaction XYLDon",""
"","162","Test Solana SDK Test SPL Token Transaction TSLAon","","2026-09-09","passed","2026-09-09","","Test Solana SDK","Test Solana SDK Test SPL Token Transaction TSLAon",""
"","161","Test Solana SDK Test SPL Token Transaction GEon","","2026-09-09","passed","2026-09-09","","Test Solana SDK","Test Solana SDK Test SPL Token Transaction GEon",""
"","161","Test Solana SDK Test SPL Token Transaction LSCCon","","2026-09-09","passed","2026-09-09","","Test Solana SDK","Test Solana SDK Test SPL Token Transaction LSCCon",""
"","161","Test Solana SDK Test SPL Token Transaction ROKon","","2026-09-09","passed","2026-09-09","","Test Solana SDK","Test Solana SDK Test SPL Token Transaction ROKon",""
"","167","Test Solana SDK Test SPL Token Transaction AOSLon","","2026-09-09","passed","2026-09-09","","Test Solana SDK","Test Solana SDK Test SPL Token Transaction AOSLon",""
"","853","Test ADA SDK Test sign transaction TokenTransfer long asset name (2-byte CBOR header)","","2026-09-09","passed","2026-09-09","","Test ADA SDK","Test ADA SDK Test sign transaction TokenTransfer long asset name (2-byte CBOR header)",""
"","109","Test XTZ SDK XTZ: sign reveal","","2026-09-09","passed","2026-09-09","","Test XTZ SDK","Test XTZ SDK XTZ: sign reveal",""
"","162","Test Solana SDK Test SPL Token Transaction MRKon","","2026-09-09","passed","2026-09-09","","Test Solana SDK","Test Solana SDK Test SPL Token Transaction MRKon",""
"","0","Test scriptUtil.getXXXArguments function getSignInArguments","","2026-09-09","passed","2026-09-09","","Test scriptUtil.getXXXArguments function","Test scriptUtil.getXXXArguments function getSignInArguments",""
"","1","Test Sui SDK Test Sign Coin Transfer Test Coin Transfer Transaction Failed With 0 SUI","","2026-09-09","passed","2026-09-09","","Test Sui SDK","Test Sui SDK Test Sign Coin Transfer Test Coin Transfer Transaction Failed With 0 SUI",""
"","94","Test APTOS SDK Test Get Address index 0 address","","2026-09-09","passed","2026-09-09","","Test APTOS SDK","Test APTOS SDK Test Get Address index 0 address",""
"","161","Test Solana SDK Test SPL Token Transaction METAon","","2026-09-09","passed","2026-09-09","","Test Solana SDK","Test Solana SDK Test SPL Token Transaction METAon",""
"","163","Test Solana SDK Test SPL Token Transaction HYGon","","2026-09-09","passed","2026-09-09","","Test Solana SDK","Test Solana SDK Test SPL Token Transaction HYGon",""
"","0","TRX signature assembly is always 65 bytes for normal r value","","2026-09-09","passed","2026-09-09","","TRX signature assembly","TRX signature assembly is always 65 bytes for normal r value",""
"","161","Test Solana SDK Test SPL Token Transaction LPTHon","","2026-09-09","passed","2026-09-09","","Test Solana SDK","Test Solana SDK Test SPL Token Transaction LPTHon",""
"","0","assertTokenTransferSupported accepts a normal token transfer output","","2026-09-09","passed","2026-09-09","","getTokenInfoArgument: official token payloads","assertTokenTransferSupported accepts a normal token transfer output",""
"","167","Test Solana SDK Test SPL Token Transaction AMCon","","2026-09-09","passed","2026-09-09","","Test Solana SDK","Test Solana SDK Test SPL Token Transaction AMCon",""
"","161","Test Solana SDK Test SPL Token Transaction MKSIon","","2026-09-09","passed","2026-09-09","","Test Solana SDK","Test Solana SDK Test SPL Token Transaction MKSIon",""
"","169","Test Solana SDK Test SPL Token Transaction AXTIon","","2026-09-09","passed","2026-09-09","","Test Solana SDK","Test Solana SDK Test SPL Token Transaction AXTIon",""
"","164","Test Solana SDK Test SPL Token Transaction HDon","","2026-09-09","passed","2026-09-09","","Test Solana SDK","Test Solana SDK Test SPL Token Transaction HDon",""
"","161","Test Solana SDK Test SPL Token Transaction SOFIon","","2026-09-09","passed","2026-09-09","","Test Solana SDK","Test Solana SDK Test SPL Token Transaction SOFIon",""
"","172","Test KAS SDK Test signing a transaction with 2 outputs, where one output is 0.2 KAS with the version 1 address","","2026-09-09","passed","2026-09-09","","Test KAS SDK","Test KAS SDK Test signing a transaction with 2 outputs, where one output is 0.2 KAS with the version 1 address",""
"","163","Test Solana SDK Test SPL Token Transaction BLCRon","","2026-09-09","passed","2026-09-09","","Test Solana SDK","Test Solana SDK Test SPL Token Transaction BLCRon",""
"","161","Test Solana SDK Test SPL Token Transaction UNHon","","2026-09-09","passed","2026-09-09","","Test Solana SDK","Test Solana SDK Test SPL Token Transaction UNHon",""
"","325","Test ICX SDK sign tx: from address starts with 0","","2026-09-09","passed","2026-09-09","","Test ICX SDK","Test ICX SDK sign tx: from address starts with 0",""
"","161","Test Solana SDK Test SPL Token Transaction SHOPon","","2026-09-09","passed","2026-09-09","","Test Solana SDK","Test Solana SDK Test SPL Token Transaction SHOPon",""
"","0","ICX signature assembly is always 65 bytes for normal r and s values","","2026-09-09","passed","2026-09-09","","ICX signature assembly","ICX signature assembly is always 65 bytes for normal r and s values",""
"","1547","Test ADA SDK Test sign transaction StakeRegisterAndDelegate without token","","2026-09-09","passed","2026-09-09","","Test ADA SDK","Test ADA SDK Test sign transaction StakeRegisterAndDelegate without token",""
"","1","assertTokenTransferSupported rejects an empty symbol (the card symbol-length slot is 1..7)","","2026-09-09","passed","2026-09-09","","getTokenInfoArgument: official token payloads","assertTokenTransferSupported rejects an empty symbol (the card symbol-length slot is 1..7)",""
"","161","Test Solana SDK Test SPL Token Transaction PSQon","","2026-09-09","passed","2026-09-09","","Test Solana SDK","Test Solana SDK Test SPL Token Transaction PSQon",""
"","1","Test TRX SDK Test Get Address returns chainCode and publicKey","","2026-09-09","passed","2026-09-09","","Test TRX SDK","Test TRX SDK Test Get Address returns chainCode and publicKey",""
"","164","Test Solana SDK Test SPL Token Transaction EXODon","","2026-09-09","passed","2026-09-09","","Test Solana SDK","Test Solana SDK Test SPL Token Transaction EXODon",""
"","164","Test Solana SDK Test SPL Token Transaction BIDUon","","2026-09-09","passed","2026-09-09","","Test Solana SDK","Test Solana SDK Test SPL Token Transaction BIDUon",""
"","162","Test Solana SDK Test SPL Token Transaction LECOon","","2026-09-09","passed","2026-09-09","","Test Solana SDK","Test Solana SDK Test SPL Token Transaction LECOon",""
"","161","Test Solana SDK Test SPL Token Transaction INODon","","2026-09-09","passed","2026-09-09","","Test Solana SDK","Test Solana SDK Test SPL Token Transaction INODon",""
"","162","Test Solana SDK Test SPL Token Transaction VFSon","","2026-09-09","passed","2026-09-09","","Test Solana SDK","Test Solana SDK Test SPL Token Transaction VFSon",""
"","160","Test Solana SDK Test SPL Token Transaction ORCLon","","2026-09-09","passed","2026-09-09","","Test Solana SDK","Test Solana SDK Test SPL Token Transaction ORCLon",""
"","0","Test Sui SDK Test Sign Token Transfer Transaction Test Token Transfer Transaction Failed With 0 As Gas Price","","2026-09-09","passed","2026-09-09","","Test Sui SDK","Test Sui SDK Test Sign Token Transfer Transaction Test Token Transfer Transaction Failed With 0 As Gas Price",""
"","307","Test KSM SDK Test KSM Transfer transfer with address 0","","2026-09-09","passed","2026-09-09","","Test DOT SDK","Test KSM SDK Test KSM Transfer transfer with address 0",""
"","161","Test Solana SDK Test SPL Token Transaction SPYon","","2026-09-09","passed","2026-09-09","","Test Solana SDK","Test Solana SDK Test SPL Token Transaction SPYon",""
"","171","Test Solana SDK Test SPL Token Transaction MXLon","","2026-09-09","passed","2026-09-09","","Test Solana SDK","Test Solana SDK Test SPL Token Transaction MXLon",""
"","162","Test Solana SDK Test SPL Token Transaction SHVon","","2026-09-09","passed","2026-09-09","","Test Solana SDK","Test Solana SDK Test SPL Token Transaction SHVon",""
"","164","Test Solana SDK Test SPL Token Transaction COROon","","2026-09-09","passed","2026-09-09","","Test Solana SDK","Test Solana SDK Test SPL Token Transaction COROon",""
"","299","Test DOT SDK Test DOT Chill chill with address 0","","2026-09-09","passed","2026-09-09","","Test DOT SDK","Test DOT SDK Test DOT Chill chill with address 0",""
"","163","Test Solana SDK Test SPL Token Transaction ENLVon","","2026-09-09","passed","2026-09-09","","Test Solana SDK","Test Solana SDK Test SPL Token Transaction ENLVon",""
"","870","Test ADA SDK Test sign transaction TokenTransfer sends official token MIN (verified symbol once signed, otherwise @MIN)","","2026-09-09","passed","2026-09-09","","Test ADA SDK","Test ADA SDK Test sign transaction TokenTransfer sends official token MIN (verified symbol once signed, otherwise @MIN)",""
"","0","Test Sui SDK Test Sign Coin Transfer Test Coin Transfer Transaction Failed With Invalid String As Gas Budget","","2026-09-09","passed","2026-09-09","","Test Sui SDK","Test Sui SDK Test Sign Coin Transfer Test Coin Transfer Transaction Failed With Invalid String As Gas Budget",""
"","162","Test Solana SDK Test SPL Token Transaction MELIon","","2026-09-09","passed","2026-09-09","","Test Solana SDK","Test Solana SDK Test SPL Token Transaction MELIon",""
"","164","Test Solana SDK Test SPL Token Transaction EFAon","","2026-09-09","passed","2026-09-09","","Test Solana SDK","Test Solana SDK Test SPL Token Transaction EFAon",""
"","165","Test Solana SDK Test SPL Token Transaction IWMon","","2026-09-09","passed","2026-09-09","","Test Solana SDK","Test Solana SDK Test SPL Token Transaction IWMon",""
"","181","Test Solana SDK Test SPL Token Transaction SOXQon","","2026-09-09","passed","2026-09-09","","Test Solana SDK","Test Solana SDK Test SPL Token Transaction SOXQon",""
"","102","Test XRP SDK Test sign message sign Hello XRP","","2026-09-09","passed","2026-09-09","","Test XRP SDK","Test XRP SDK Test sign message sign Hello XRP",""
"","1","genCROSigFromSESig signature is always 64 bytes when s has a leading-zero byte","","2026-09-09","passed","2026-09-09","","genCROSigFromSESig","genCROSigFromSESig signature is always 64 bytes when s has a leading-zero byte",""
"","162","Test Solana SDK Test Staking Withdraw with different toPubkey","","2026-09-09","passed","2026-09-09","","Test Solana SDK","Test Solana SDK Test Staking Withdraw with different toPubkey",""
"","160","Test Solana SDK Test SPL Token Transaction YEARon","","2026-09-09","passed","2026-09-09","","Test Solana SDK","Test Solana SDK Test SPL Token Transaction YEARon",""
"","166","Test Solana SDK Test SPL Token Transaction BTDRon","","2026-09-09","passed","2026-09-09","","Test Solana SDK","Test Solana SDK Test SPL Token Transaction BTDRon",""
"","164","Test Solana SDK Test SPL Token Transaction ACHRon","","2026-09-09","passed","2026-09-09","","Test Solana SDK","Test Solana SDK Test SPL Token Transaction ACHRon",""
"","162","Test Solana SDK Test SPL Token Transaction MARAon","","2026-09-09","passed","2026-09-09","","Test Solana SDK","Test Solana SDK Test SPL Token Transaction MARAon",""
"","2","Test scriptUtil.getXXXArguments function getDelegateAndCreateAccountArguments with base58 hex","","2026-09-09","passed","2026-09-09","","Test scriptUtil.getXXXArguments function","Test scriptUtil.getXXXArguments function getDelegateAndCreateAccountArguments with base58 hex",""
"","160","Test Solana SDK Test SPL Token Transaction VRTon","","2026-09-09","passed","2026-09-09","","Test Solana SDK","Test Solana SDK Test SPL Token Transaction VRTon",""
"","111","Test XRP SDK Test IOU Transfer RLUSD iou transfer with RLUSD token","","2026-09-09","passed","2026-09-09","","Test XRP SDK","Test XRP SDK Test IOU Transfer RLUSD iou transfer with RLUSD token",""
"","160","Test Solana SDK Test SPL Token Transaction NKEon","","2026-09-09","passed","2026-09-09","","Test Solana SDK","Test Solana SDK Test SPL Token Transaction NKEon",""
"","165","Test Solana SDK Test SPL Token Transaction ALABon","","2026-09-09","passed","2026-09-09","","Test Solana SDK","Test Solana SDK Test SPL Token Transaction ALABon",""
"","162","Test Solana SDK Test SPL Token Transaction MAon","","2026-09-09","passed","2026-09-09","","Test Solana SDK","Test Solana SDK Test SPL Token Transaction MAon",""
"","306","Test KSM SDK Test KSM Bond bond with address 0","","2026-09-09","passed","2026-09-09","","Test DOT SDK","Test KSM SDK Test KSM Bond bond with address 0",""
"","165","Test Solana SDK Test SPL Token Transaction HIIon","","2026-09-09","passed","2026-09-09","","Test Solana SDK","Test Solana SDK Test SPL Token Transaction HIIon",""
"","159","Test Solana SDK Test SPL Token Transaction WMTon","","2026-09-09","passed","2026-09-09","","Test Solana SDK","Test Solana SDK Test SPL Token Transaction WMTon",""
"","163","Test Solana SDK Test SPL Token Transaction FTGCon","","2026-09-09","passed","2026-09-09","","Test Solana SDK","Test Solana SDK Test SPL Token Transaction FTGCon",""
"","103","Test XLM SDK Test KAG CoinType Test Sign Transfer KAG Transaction for protocol SLIP0010","","2026-09-09","passed","2026-09-09","","Test XLM SDK","Test XLM SDK Test KAG CoinType Test Sign Transfer KAG Transaction for protocol SLIP0010",""
"","893","Test ADA SDK Test sign transaction TokenTransfer sends official token SNEK (verified symbol once signed, otherwise @SNEK)","","2026-09-09","passed","2026-09-09","","Test ADA SDK","Test ADA SDK Test sign transaction TokenTransfer sends official token SNEK (verified symbol once signed, otherwise @SNEK)",""
"","163","Test Solana SDK Test SPL Token Transaction USFRon","","2026-09-09","passed","2026-09-09","","Test Solana SDK","Test Solana SDK Test SPL Token Transaction USFRon",""
"","1","Test KAS SDK Test validateTransaction Test transaction with insufficient fee","","2026-09-09","passed","2026-09-09","","Test KAS SDK","Test KAS SDK Test validateTransaction Test transaction with insufficient fee",""
"","107","Test XLM SDK Test KAU CoinType Test Sign Transfer KAG Transaction for protocol BIP44","","2026-09-09","passed","2026-09-09","","Test XLM SDK","Test XLM SDK Test KAU CoinType Test Sign Transfer KAG Transaction for protocol BIP44",""
"","182","Test APTOS SDK Test Transfer Aptos transfer with address 0","","2026-09-09","passed","2026-09-09","","Test APTOS SDK","Test APTOS SDK Test Transfer Aptos transfer with address 0",""
"","160","Test Solana SDK Test SPL Token Transaction USARon","","2026-09-09","passed","2026-09-09","","Test Solana SDK","Test Solana SDK Test SPL Token Transaction USARon",""
"","170","Test Solana SDK Test SPL Token Transaction AAPLon","","2026-09-09","passed","2026-09-09","","Test Solana SDK","Test Solana SDK Test SPL Token Transaction AAPLon",""
"","163","Test Solana SDK Test SPL Token Transaction GLTRon","","2026-09-09","passed","2026-09-09","","Test Solana SDK","Test Solana SDK Test SPL Token Transaction GLTRon",""
"","78","Test XLM SDK Test KAU CoinType Test Get index 0 address","","2026-09-09","passed","2026-09-09","","Test XLM SDK","Test XLM SDK Test KAU CoinType Test Get index 0 address",""
"","161","Test Solana SDK Test SPL Token Transaction UUUUon","","2026-09-09","passed","2026-09-09","","Test Solana SDK","Test Solana SDK Test SPL Token Transaction UUUUon",""
"","162","Test Solana SDK Test SPL Token Transaction MTSIon","","2026-09-09","passed","2026-09-09","","Test Solana SDK","Test Solana SDK Test SPL Token Transaction MTSIon",""
"","165","Test Solana SDK Test SPL Token Transaction IALTon","","2026-09-09","passed","2026-09-09","","Test Solana SDK","Test Solana SDK Test SPL Token Transaction IALTon",""
"","167","Test Solana SDK Test SPL Token Transaction AMKRon","","2026-09-09","passed","2026-09-09","","Test Solana SDK","Test Solana SDK Test SPL Token Transaction AMKRon",""
"","161","Test Solana SDK Test SPL Token Transaction DELLon","","2026-09-09","passed","2026-09-09","","Test Solana SDK","Test Solana SDK Test SPL Token Transaction DELLon",""
"","161","Test Solana SDK Test SPL Token Transaction IRENon","","2026-09-09","passed","2026-09-09","","Test Solana SDK","Test Solana SDK Test SPL Token Transaction IRENon",""
"","165","Test Solana SDK Test SPL Token Transaction STXon","","2026-09-09","passed","2026-09-09","","Test Solana SDK","Test Solana SDK Test SPL Token Transaction STXon",""
"","172","Test Solana SDK Test SPL Token Transaction KOPNon","","2026-09-09","passed","2026-09-09","","Test Solana SDK","Test Solana SDK Test SPL Token Transaction KOPNon",""
"","162","Test Solana SDK Test SPL Token Transaction PBRon","","2026-09-09","passed","2026-09-09","","Test Solana SDK","Test Solana SDK Test SPL Token Transaction PBRon",""
"","1546","Test ADA SDK Test sign transaction StakeRegisterAndDelegate with token","","2026-09-09","passed","2026-09-09","","Test ADA SDK","Test ADA SDK Test sign transaction StakeRegisterAndDelegate with token",""
"","305","Test DOT SDK Test DOT Withdraw withdraw with address 0","","2026-09-09","passed","2026-09-09","","Test DOT SDK","Test DOT SDK Test DOT Withdraw withdraw with address 0",""
"","166","Test Solana SDK Test SPL Token Transaction CRDOon","","2026-09-09","passed","2026-09-09","","Test Solana SDK","Test Solana SDK Test SPL Token Transaction CRDOon",""
"","923","Test ADA SDK Test sign transaction TokenTransfer with ADA-only change","","2026-09-09","passed","2026-09-09","","Test ADA SDK","Test ADA SDK Test sign transaction TokenTransfer with ADA-only change",""
"","161","Test Solana SDK Test SPL Token Transaction Von","","2026-09-09","passed","2026-09-09","","Test Solana SDK","Test Solana SDK Test SPL Token Transaction Von",""
"","100","Test XTZ SDK XTZ: sign delegation","","2026-09-09","passed","2026-09-09","","Test XTZ SDK","Test XTZ SDK XTZ: sign delegation",""
"","162","Test Solana SDK Test SPL Token Transaction BRHYon","","2026-09-09","passed","2026-09-09","","Test Solana SDK","Test Solana SDK Test SPL Token Transaction BRHYon",""
"","0","assertTokenTransferSupported rejects a token amount passed as an unsafe JS number","","2026-09-09","passed","2026-09-09","","getTokenInfoArgument: official token payloads","assertTokenTransferSupported rejects a token amount passed as an unsafe JS number",""
"","166","Test Solana SDK Test SPL Token Transaction PYPLon","","2026-09-09","passed","2026-09-09","","Test Solana SDK","Test Solana SDK Test SPL Token Transaction PYPLon",""
"","164","Test Solana SDK Test SPL Token Transaction DNNon","","2026-09-09","passed","2026-09-09","","Test Solana SDK","Test Solana SDK Test SPL Token Transaction DNNon",""
"","368","Test DOT SDK Test DOT Transfer test transfer with address 0","","2026-09-09","passed","2026-09-09","","Test DOT SDK","Test DOT SDK Test DOT Transfer test transfer with address 0",""
"","0","assertTokenTransferSupported rejects an assetName longer than 32 bytes","","2026-09-09","passed","2026-09-09","","getTokenInfoArgument: official token payloads","assertTokenTransferSupported rejects an assetName longer than 32 bytes",""
"","161","Test Solana SDK Test SPL Token Transaction SOXXon","","2026-09-09","passed","2026-09-09","","Test Solana SDK","Test Solana SDK Test SPL Token Transaction SOXXon",""
"","161","Test Solana SDK Test SPL Token Transaction STNGon","","2026-09-09","passed","2026-09-09","","Test Solana SDK","Test Solana SDK Test SPL Token Transaction STNGon",""
"","161","Test Solana SDK Test SPL Token Transaction LLYon","","2026-09-09","passed","2026-09-09","","Test Solana SDK","Test Solana SDK Test SPL Token Transaction LLYon",""
"","167","Test Solana SDK Test SPL Token Transaction FCELon","","2026-09-09","passed","2026-09-09","","Test Solana SDK","Test Solana SDK Test SPL Token Transaction FCELon",""
"","2","TRX signature assembly is always 65 bytes when r has a leading-zero byte","","2026-09-09","passed","2026-09-09","","TRX signature assembly","TRX signature assembly is always 65 bytes when r has a leading-zero byte",""
"","179","Test Solana SDK Test SPL Token Transaction LINK","","2026-09-09","passed","2026-09-09","","Test Solana SDK","Test Solana SDK Test SPL Token Transaction LINK",""
"","8","getChangeArgument: change value size limit accepts a change carrying ~50 distinct-policy tokens","","2026-09-09","passed","2026-09-09","","getTokenInfoArgument: official token payloads","getChangeArgument: change value size limit accepts a change carrying ~50 distinct-policy tokens",""
"","160","Test Solana SDK Test SPL Token Transaction VZon","","2026-09-09","passed","2026-09-09","","Test Solana SDK","Test Solana SDK Test SPL Token Transaction VZon",""
"","167","Test Solana SDK Test SPL Token Transaction ATKRon","","2026-09-09","passed","2026-09-09","","Test Solana SDK","Test Solana SDK Test SPL Token Transaction ATKRon",""
"","163","Test Solana SDK Test SPL Token Transaction MPon","","2026-09-09","passed","2026-09-09","","Test Solana SDK","Test Solana SDK Test SPL Token Transaction MPon",""
"","77","Test Sui SDK Test Sign Smart Transaction Test Smart Transaction Failed With Different Sender","","2026-09-09","passed","2026-09-09","","Test Sui SDK","Test Sui SDK Test Sign Smart Transaction Test Smart Transaction Failed With Different Sender",""
"","167","Test Solana SDK Test SPL Token Transaction ARGTon","","2026-09-09","passed","2026-09-09","","Test Solana SDK","Test Solana SDK Test SPL Token Transaction ARGTon",""
"","162","Test Solana SDK Test SPL Token Transaction COSTon","","2026-09-09","passed","2026-09-09","","Test Solana SDK","Test Solana SDK Test SPL Token Transaction COSTon",""
"","166","Test Solana SDK Test SPL Token Transaction EQIXon","","2026-09-09","passed","2026-09-09","","Test Solana SDK","Test Solana SDK Test SPL Token Transaction EQIXon",""
"","164","Test Solana SDK Test SPL Token Transaction IBMon","","2026-09-09","passed","2026-09-09","","Test Solana SDK","Test Solana SDK Test SPL Token Transaction IBMon",""
"","1","Test Sui SDK Test Sign Token Transfer Transaction Test Token Transfer Transaction Failed With Invalid Coin Objects Id","","2026-09-09","passed","2026-09-09","","Test Sui SDK","Test Sui SDK Test Sign Token Transfer Transaction Test Token Transfer Transaction Failed With Invalid Coin Objects Id",""
"","160","Test Solana SDK Test SPL Token Transaction SAPon","","2026-09-09","passed","2026-09-09","","Test Solana SDK","Test Solana SDK Test SPL Token Transaction SAPon",""
"","165","Test Solana SDK Test SPL Token Transaction CPERon","","2026-09-09","passed","2026-09-09","","Test Solana SDK","Test Solana SDK Test SPL Token Transaction CPERon",""
"","162","Test Solana SDK Test SPL Token Transaction UBERon","","2026-09-09","passed","2026-09-09","","Test Solana SDK","Test Solana SDK Test SPL Token Transaction UBERon",""
"","1538","Test ADA SDK Test sign transaction StakeWithdraw with token","","2026-09-09","passed","2026-09-09","","Test ADA SDK","Test ADA SDK Test sign transaction StakeWithdraw with token",""
"","160","Test Solana SDK Test SPL Token Transaction SNDKon","","2026-09-09","passed","2026-09-09","","Test Solana SDK","Test Solana SDK Test SPL Token Transaction SNDKon",""
"","170","Test Solana SDK Test SPL Token Transaction BRTRon","","2026-09-09","passed","2026-09-09","","Test Solana SDK","Test Solana SDK Test SPL Token Transaction BRTRon",""
"","165","Test Solana SDK Test SPL Token Transaction BLKon","","2026-09-09","passed","2026-09-09","","Test Solana SDK","Test Solana SDK Test SPL Token Transaction BLKon",""
"","165","Test Solana SDK Test SPL Token Transaction FUTUon","","2026-09-09","passed","2026-09-09","","Test Solana SDK","Test Solana SDK Test SPL Token Transaction FUTUon",""
"","319","Test KSM SDK Test KSM Withdraw withdraw with address 0","","2026-09-09","passed","2026-09-09","","Test DOT SDK","Test KSM SDK Test KSM Withdraw withdraw with address 0",""
"","0","Test Sui SDK Test Sign Token Transfer Transaction Test Token Transfer Transaction Failed With Invalid Gas Payment Object Id","","2026-09-09","passed","2026-09-09","","Test Sui SDK","Test Sui SDK Test Sign Token Transfer Transaction Test Token Transfer Transaction Failed With Invalid Gas Payment Object Id",""
"","163","Test Solana SDK Test SPL Token Transaction DEon","","2026-09-09","passed","2026-09-09","","Test Solana SDK","Test Solana SDK Test SPL Token Transaction DEon",""
"","165","Test Solana SDK Test SPL Token Transaction GEVon","","2026-09-09","passed","2026-09-09","","Test Solana SDK","Test Solana SDK Test SPL Token Transaction GEVon",""
"","883","Test ADA SDK Test sign transaction TokenTransfer sends official token USDM (verified symbol once signed, otherwise @USDM)","","2026-09-09","passed","2026-09-09","","Test ADA SDK","Test ADA SDK Test sign transaction TokenTransfer sends official token USDM (verified symbol once signed, otherwise @USDM)",""
"","164","Test Solana SDK Test SPL Token Transaction DISon","","2026-09-09","passed","2026-09-09","","Test Solana SDK","Test Solana SDK Test SPL Token Transaction DISon",""
"","161","Test Solana SDK Test SPL Token Transaction VTVon","","2026-09-09","passed","2026-09-09","","Test Solana SDK","Test Solana SDK Test SPL Token Transaction VTVon",""
"","873","Test ADA SDK Test sign transaction TokenTransfer sends official token USDA (verified symbol once signed, otherwise @USDA)","","2026-09-09","passed","2026-09-09","","Test ADA SDK","Test ADA SDK Test sign transaction TokenTransfer sends official token USDA (verified symbol once signed, otherwise @USDA)",""
"","0","Test Sui SDK Test Sign Token Transfer Transaction Test Token Transfer Transaction Failed With Empty Gas Payment","","2026-09-09","passed","2026-09-09","","Test Sui SDK","Test Sui SDK Test Sign Token Transfer Transaction Test Token Transfer Transaction Failed With Empty Gas Payment",""
"","166","Test Solana SDK Test SPL Token Transaction ADBEon","","2026-09-09","passed","2026-09-09","","Test Solana SDK","Test Solana SDK Test SPL Token Transaction ADBEon",""
"","163","Test Solana SDK Test SPL Token Transaction CORZon","","2026-09-09","passed","2026-09-09","","Test Solana SDK","Test Solana SDK Test SPL Token Transaction CORZon",""
"","0","Test Sui SDK Test Sign Coin Transfer Test Coin Transfer Transaction Failed With 0 As Gas Budget","","2026-09-09","passed","2026-09-09","","Test Sui SDK","Test Sui SDK Test Sign Coin Transfer Test Coin Transfer Transaction Failed With 0 As Gas Budget",""
"","159","Test Solana SDK Test SPL Token Transaction SHYon","","2026-09-09","passed","2026-09-09","","Test Solana SDK","Test Solana SDK Test SPL Token Transaction SHYon",""
"","947","Test ADA SDK Test sign transaction Transfer without token","","2026-09-09","passed","2026-09-09","","Test ADA SDK","Test ADA SDK Test sign transaction Transfer without token",""
"","164","Test Solana SDK Test SPL Token Transaction KLACon","","2026-09-09","passed","2026-09-09","","Test Solana SDK","Test Solana SDK Test SPL Token Transaction KLACon",""
"","163","Test Solana SDK Test SPL Token Transaction LUNRon","","2026-09-09","passed","2026-09-09","","Test Solana SDK","Test Solana SDK Test SPL Token Transaction LUNRon",""
"","161","Test Solana SDK Test SPL Token Transaction PDBCon","","2026-09-09","passed","2026-09-09","","Test Solana SDK","Test Solana SDK Test SPL Token Transaction PDBCon",""
"","526","Test BCH SDK BCH test get address 0","","2026-09-09","passed","2026-09-09","","Test BCH SDK","Test BCH SDK BCH test get address 0",""
"","158","Test Solana SDK Test Normal Transfer With SignTransferTransaction","","2026-09-09","passed","2026-09-09","","Test Solana SDK","Test Solana SDK Test Normal Transfer With SignTransferTransaction",""
"","164","Test Solana SDK Test SPL Token Transaction PGon","","2026-09-09","passed","2026-09-09","","Test Solana SDK","Test Solana SDK Test SPL Token Transaction PGon",""
"","162","Test Solana SDK Test SPL Token Transaction GFSon","","2026-09-09","passed","2026-09-09","","Test Solana SDK","Test Solana SDK Test SPL Token Transaction GFSon",""
"","160","Test Solana SDK Test SPL Token Transaction TSMon","","2026-09-09","passed","2026-09-09","","Test Solana SDK","Test Solana SDK Test SPL Token Transaction TSMon",""
"","163","Test Solana SDK Test SPL Token Transaction WDCon","","2026-09-09","passed","2026-09-09","","Test Solana SDK","Test Solana SDK Test SPL Token Transaction WDCon",""
"","163","Test Solana SDK Test SPL Token Transaction NOKon","","2026-09-09","passed","2026-09-09","","Test Solana SDK","Test Solana SDK Test SPL Token Transaction NOKon",""
"","112","Test CRO SDK Sign Transfer Tx CRO test sign transaction","","2026-09-09","passed","2026-09-09","","Test CRO SDK","Test CRO SDK Sign Transfer Tx CRO test sign transaction",""
"","162","Test Solana SDK Test SPL Token Transaction PRIMon","","2026-09-09","passed","2026-09-09","","Test Solana SDK","Test Solana SDK Test SPL Token Transaction PRIMon",""
"","452","Test TRX SDK Test Get Address Address","","2026-09-09","passed","2026-09-09","","Test TRX SDK","Test TRX SDK Test Get Address Address",""
"","0","Test Sui SDK Test Sign Token Transfer Transaction Test Token Transfer Transaction Failed With Empty String As Gas Price","","2026-09-09","passed","2026-09-09","","Test Sui SDK","Test Sui SDK Test Sign Token Transfer Transaction Test Token Transfer Transaction Failed With Empty String As Gas Price",""
"","162","Test Solana SDK Test SPL Token Transaction JPMon","","2026-09-09","passed","2026-09-09","","Test Solana SDK","Test Solana SDK Test SPL Token Transaction JPMon",""
"","0","encodeOutputValue encodes an ADA-only value as a bare uint","","2026-09-09","passed","2026-09-09","","buildMultiAssetCbor canonical ordering","encodeOutputValue encodes an ADA-only value as a bare uint",""
"","161","Test Solana SDK Test SPL Token Transaction USOon","","2026-09-09","passed","2026-09-09","","Test Solana SDK","Test Solana SDK Test SPL Token Transaction USOon",""
"","163","Test Solana SDK Test SPL Token Transaction ASTSon","","2026-09-09","passed","2026-09-09","","Test Solana SDK","Test Solana SDK Test SPL Token Transaction ASTSon",""
"","160","Test Solana SDK Test SPL Token Transaction RIVNon","","2026-09-09","passed","2026-09-09","","Test Solana SDK","Test Solana SDK Test SPL Token Transaction RIVNon",""
"","170","Test Solana SDK Test SPL Token Transaction BTGon","","2026-09-09","passed","2026-09-09","","Test Solana SDK","Test Solana SDK Test SPL Token Transaction BTGon",""
"","166","Test Solana SDK Test SPL Token Transaction ISRGon","","2026-09-09","passed","2026-09-09","","Test Solana SDK","Test Solana SDK Test SPL Token Transaction ISRGon",""
"","1","Test scriptUtil.getXXXArguments function getUndelegateArguments with compute budget","","2026-09-09","passed","2026-09-09","","Test scriptUtil.getXXXArguments function","Test scriptUtil.getXXXArguments function getUndelegateArguments with compute budget",""
"","161","Test Solana SDK Test SPL Token Transaction SILon","","2026-09-09","passed","2026-09-09","","Test Solana SDK","Test Solana SDK Test SPL Token Transaction SILon",""
"","160","Test Solana SDK Test SPL Token Transaction NTESon","","2026-09-09","passed","2026-09-09","","Test Solana SDK","Test Solana SDK Test SPL Token Transaction NTESon",""
"","173","Test Solana SDK Test SPL Token Transaction AALon","","2026-09-09","passed","2026-09-09","","Test Solana SDK","Test Solana SDK Test SPL Token Transaction AALon",""
"","0","buildMultiAssetCbor canonical ordering orders asset names by byte length first, then bytewise","","2026-09-09","passed","2026-09-09","","buildMultiAssetCbor canonical ordering","buildMultiAssetCbor canonical ordering orders asset names by byte length first, then bytewise",""
"","163","Test Solana SDK Test SPL Token Transaction BZon","","2026-09-09","passed","2026-09-09","","Test Solana SDK","Test Solana SDK Test SPL Token Transaction BZon",""
"","168","Test Solana SDK Test SPL Token Transaction AAONon","","2026-09-09","passed","2026-09-09","","Test Solana SDK","Test Solana SDK Test SPL Token Transaction AAONon",""
"","1540","Test ADA SDK Test sign transaction StakeDeregister without token","","2026-09-09","passed","2026-09-09","","Test ADA SDK","Test ADA SDK Test sign transaction StakeDeregister without token",""
"","162","Test Solana SDK Test SPL Token Transaction PLUGon","","2026-09-09","passed","2026-09-09","","Test Solana SDK","Test Solana SDK Test SPL Token Transaction PLUGon",""
"","167","Test Solana SDK Test SPL Token Transaction APHon","","2026-09-09","passed","2026-09-09","","Test Solana SDK","Test Solana SDK Test SPL Token Transaction APHon",""
"","162","Test Solana SDK Test SPL Token Transaction SWKSon","","2026-09-09","passed","2026-09-09","","Test Solana SDK","Test Solana SDK Test SPL Token Transaction SWKSon",""
"","160","Test Solana SDK Test SPL Token Transaction OXYon","","2026-09-09","passed","2026-09-09","","Test Solana SDK","Test Solana SDK Test SPL Token Transaction OXYon",""
"","167","Test Solana SDK Test SPL Token Transaction BABAon","","2026-09-09","passed","2026-09-09","","Test Solana SDK","Test Solana SDK Test SPL Token Transaction BABAon",""
"","2","Test scriptUtil.getXXXArguments function getDelegateAndCreateAccountArguments","","2026-09-09","passed","2026-09-09","","Test scriptUtil.getXXXArguments function","Test scriptUtil.getXXXArguments function getDelegateAndCreateAccountArguments",""
"","113","Test XRP SDK Test Transfer XRP transfer with address 0","","2026-09-09","passed","2026-09-09","","Test XRP SDK","Test XRP SDK Test Transfer XRP transfer with address 0",""
"","162","Test Solana SDK Test SPL Token Transaction SLBon","","2026-09-09","passed","2026-09-09","","Test Solana SDK","Test Solana SDK Test SPL Token Transaction SLBon",""
"","164","Test Solana SDK Test SPL Token Transaction CLOIon","","2026-09-09","passed","2026-09-09","","Test Solana SDK","Test Solana SDK Test SPL Token Transaction CLOIon",""
"","161","Test Solana SDK Test SPL Token Transaction SGOVon","","2026-09-09","passed","2026-09-09","","Test Solana SDK","Test Solana SDK Test SPL Token Transaction SGOVon",""
"","164","Test Solana SDK Test SPL Token Transaction GGOVon","","2026-09-09","passed","2026-09-09","","Test Solana SDK","Test Solana SDK Test SPL Token Transaction GGOVon",""
"","168","Test Solana SDK Test SPL Token Transaction EEMon","","2026-09-09","passed","2026-09-09","","Test Solana SDK","Test Solana SDK Test SPL Token Transaction EEMon",""
"","1","Test KAS SDK Test getAddressByPublicKey with version 0","","2026-09-09","passed","2026-09-09","","Test KAS SDK","Test KAS SDK Test getAddressByPublicKey with version 0",""
"","168","Test Solana SDK Test SPL Token Transaction HIMSon","","2026-09-09","passed","2026-09-09","","Test Solana SDK","Test Solana SDK Test SPL Token Transaction HIMSon",""
"","164","Test Solana SDK Test SPL Token Transaction GLXYon","","2026-09-09","passed","2026-09-09","","Test Solana SDK","Test Solana SDK Test SPL Token Transaction GLXYon",""
"","168","Test Solana SDK Test SPL Token Transaction CRCLon","","2026-09-09","passed","2026-09-09","","Test Solana SDK","Test Solana SDK Test SPL Token Transaction CRCLon",""
"","163","Test Solana SDK Test SPL Token Transaction SOUNon","","2026-09-09","passed","2026-09-09","","Test Solana SDK","Test Solana SDK Test SPL Token Transaction SOUNon",""
"","27","Test TRX SDK Test Get Address returns address from address publicKey","","2026-09-09","passed","2026-09-09","","Test TRX SDK","Test TRX SDK Test Get Address returns address from address publicKey",""
"","163","Test Solana SDK Test SPL Token Transaction SNOWon","","2026-09-09","passed","2026-09-09","","Test Solana SDK","Test Solana SDK Test SPL Token Transaction SNOWon",""
"","161","Test Solana SDK Test SPL Token Transaction RMBSon","","2026-09-09","passed","2026-09-09","","Test Solana SDK","Test Solana SDK Test SPL Token Transaction RMBSon",""
"","161","Test Solana SDK Test SPL Token Transaction TCOMon","","2026-09-09","passed","2026-09-09","","Test Solana SDK","Test Solana SDK Test SPL Token Transaction TCOMon",""
"","1","Test KAS SDK Test validateTransaction Test normal transaction","","2026-09-09","passed","2026-09-09","","Test KAS SDK","Test KAS SDK Test validateTransaction Test normal transaction",""
"","0","getTokenInfoArgument: official token payloads HOSKY: stored payload equals the SDK-built token-info union","","2026-09-09","passed","2026-09-09","","getTokenInfoArgument: official token payloads","getTokenInfoArgument: official token payloads HOSKY: stored payload equals the SDK-built token-info union",""
"","167","Test Solana SDK Test SPL Token Transaction FGDLon","","2026-09-09","passed","2026-09-09","","Test Solana SDK","Test Solana SDK Test SPL Token Transaction FGDLon",""
"","160","Test Solana SDK Test SPL Token Transaction SBUXon","","2026-09-09","passed","2026-09-09","","Test Solana SDK","Test Solana SDK Test SPL Token Transaction SBUXon",""
"","165","Test Solana SDK Test SPL Token Transaction ECHon","","2026-09-09","passed","2026-09-09","","Test Solana SDK","Test Solana SDK Test SPL Token Transaction ECHon",""
"","102","Test XLM SDK Test KAG CoinType Test Sign Transfer KAG Transaction for protocol BIP44","","2026-09-09","passed","2026-09-09","","Test XLM SDK","Test XLM SDK Test KAG CoinType Test Sign Transfer KAG Transaction for protocol BIP44",""
"","101","Test XLM SDK Test KAU CoinType Test Sign Transfer KAG Transaction for protocol SLIP0010","","2026-09-09","passed","2026-09-09","","Test XLM SDK","Test XLM SDK Test KAU CoinType Test Sign Transfer KAG Transaction for protocol SLIP0010",""
"","172","Test Solana SDK Test SPL Token Transaction CIENon","","2026-09-09","passed","2026-09-09","","Test Solana SDK","Test Solana SDK Test SPL Token Transaction CIENon",""
"","162","Test Solana SDK Test SPL Token Transaction NVTon","","2026-09-09","passed","2026-09-09","","Test Solana SDK","Test Solana SDK Test SPL Token Transaction NVTon",""
"","0","Test scriptUtil.getXXXArguments function getWithdrawArguments with compute budget","","2026-09-09","passed","2026-09-09","","Test scriptUtil.getXXXArguments function","Test scriptUtil.getXXXArguments function getWithdrawArguments with compute budget",""
"","1","Test Sui SDK Test Sign Coin Transfer Test Coin Transfer Transaction Failed With Empty String As Gas Price","","2026-09-09","passed","2026-09-09","","Test Sui SDK","Test Sui SDK Test Sign Coin Transfer Test Coin Transfer Transaction Failed With Empty String As Gas Price",""
"","161","Test Solana SDK Test SPL Token Transaction QQQon","","2026-09-09","passed","2026-09-09","","Test Solana SDK","Test Solana SDK Test SPL Token Transaction QQQon",""
"","3","Test scriptUtil.getXXXArguments function getTransferArguments","","2026-09-09","passed","2026-09-09","","Test scriptUtil.getXXXArguments function","Test scriptUtil.getXXXArguments function getTransferArguments",""
"","0","Test KAS SDK Test validateDustThreshold with 600 dust Test normal transfer amount","","2026-09-09","passed","2026-09-09","","Test KAS SDK","Test KAS SDK Test validateDustThreshold with 600 dust Test normal transfer amount",""
"","161","Test Solana SDK Test SPL Token Transaction XYZon","","2026-09-09","passed","2026-09-09","","Test Solana SDK","Test Solana SDK Test SPL Token Transaction XYZon",""
"","859","Test ADA SDK Test sign transaction TokenTransfer change carrying many leftover tokens (enlarged change slot)","","2026-09-09","passed","2026-09-09","","Test ADA SDK","Test ADA SDK Test sign transaction TokenTransfer change carrying many leftover tokens (enlarged change slot)",""
"","162","Test Solana SDK Test SPL Token Transaction PANWon","","2026-09-09","passed","2026-09-09","","Test Solana SDK","Test Solana SDK Test SPL Token Transaction PANWon",""
"","162","Test Solana SDK Test SPL Token Transaction ONTOon","","2026-09-09","passed","2026-09-09","","Test Solana SDK","Test Solana SDK Test SPL Token Transaction ONTOon",""
"","166","Test Solana SDK Test SPL Token Transaction AMZNon","","2026-09-09","passed","2026-09-09","","Test Solana SDK","Test Solana SDK Test SPL Token Transaction AMZNon",""
"","173","Test Solana SDK Test Create Token Account and SPL Token Transfer With Compute Budget","","2026-09-09","passed","2026-09-09","","Test Solana SDK","Test Solana SDK Test Create Token Account and SPL Token Transfer With Compute Budget",""
"","48","Test KAS SDK Test validateTransaction Test transaction with too large mass","","2026-09-09","passed","2026-09-09","","Test KAS SDK","Test KAS SDK Test validateTransaction Test transaction with too large mass",""
"","161","Test Solana SDK Test SPL Token Transaction IEFAon","","2026-09-09","passed","2026-09-09","","Test Solana SDK","Test Solana SDK Test SPL Token Transaction IEFAon",""
"","0","assertTokenTransferSupported rejects a token amount above uint64 max (2^64)","","2026-09-09","passed","2026-09-09","","getTokenInfoArgument: official token payloads","assertTokenTransferSupported rejects a token amount above uint64 max (2^64)",""
"","161","Test Solana SDK Test SPL Token Transaction XOMon","","2026-09-09","passed","2026-09-09","","Test Solana SDK","Test Solana SDK Test SPL Token Transaction XOMon",""
"","161","Test Solana SDK Test SPL Token Transaction WSon","","2026-09-09","passed","2026-09-09","","Test Solana SDK","Test Solana SDK Test SPL Token Transaction WSon",""
"","166","Test Solana SDK Test SPL Token Transaction FNon","","2026-09-09","passed","2026-09-09","","Test Solana SDK","Test Solana SDK Test SPL Token Transaction FNon",""
"","1","Test KAS SDK Test getTransferArgument with v8 output address","","2026-09-09","passed","2026-09-09","","Test KAS SDK","Test KAS SDK Test getTransferArgument with v8 output address",""
"","299","Test KSM SDK Test KSM BondExtra bond extra with address 0","","2026-09-09","passed","2026-09-09","","Test DOT SDK","Test KSM SDK Test KSM BondExtra bond extra with address 0",""
"","162","Test Solana SDK Test SPL Token Transaction OUSTon","","2026-09-09","passed","2026-09-09","","Test Solana SDK","Test Solana SDK Test SPL Token Transaction OUSTon",""
"","1540","Test ADA SDK Test sign transaction StakeWithdraw without token","","2026-09-09","passed","2026-09-09","","Test ADA SDK","Test ADA SDK Test sign transaction StakeWithdraw without token",""
"","308","Test DOT SDK Test DOT Bond bond with address 0","","2026-09-09","passed","2026-09-09","","Test DOT SDK","Test DOT SDK Test DOT Bond bond with address 0",""
"","170","Test Solana SDK Test SPL Token Transaction HALon","","2026-09-09","passed","2026-09-09","","Test Solana SDK","Test Solana SDK Test SPL Token Transaction HALon",""
"","1","Test Sui SDK Test Sign Coin Transfer Test Coin Transfer Transaction Failed With Invalid To Address","","2026-09-09","passed","2026-09-09","","Test Sui SDK","Test Sui SDK Test Sign Coin Transfer Test Coin Transfer Transaction Failed With Invalid To Address",""
"","172","Test Solana SDK Test SPL Token Transaction AMGNon","","2026-09-09","passed","2026-09-09","","Test Solana SDK","Test Solana SDK Test SPL Token Transaction AMGNon",""
"","162","Test Solana SDK Test SPL Token Transaction VNQon","","2026-09-09","passed","2026-09-09","","Test Solana SDK","Test Solana SDK Test SPL Token Transaction VNQon",""
"","1","Test KAS SDK Test addressToOutScript with script P2SH address","","2026-09-09","passed","2026-09-09","","Test KAS SDK","Test KAS SDK Test addressToOutScript with script P2SH address",""
"","6","Test scriptUtil.getXXXArguments function getSplTokenTransferArguments preserves the token symbol case","","2026-09-09","passed","2026-09-09","","Test scriptUtil.getXXXArguments function","Test scriptUtil.getXXXArguments function getSplTokenTransferArguments preserves the token symbol case",""
"","1","assertTokenTransferSupported rejects a zero token amount","","2026-09-09","passed","2026-09-09","","getTokenInfoArgument: official token payloads","assertTokenTransferSupported rejects a zero token amount",""
"","160","Test Solana SDK Test SPL Token Transaction WYFIon","","2026-09-09","passed","2026-09-09","","Test Solana SDK","Test Solana SDK Test SPL Token Transaction WYFIon",""
"","161","Test Solana SDK Test SPL Token Transaction UMCon","","2026-09-09","passed","2026-09-09","","Test Solana SDK","Test Solana SDK Test SPL Token Transaction UMCon",""
"","162","Test Solana SDK Test SPL Token Transaction RTXon","","2026-09-09","passed","2026-09-09","","Test Solana SDK","Test Solana SDK Test SPL Token Transaction RTXon",""
"","164","Test Solana SDK Test SPL Token Transaction CAPRon","","2026-09-09","passed","2026-09-09","","Test Solana SDK","Test Solana SDK Test SPL Token Transaction CAPRon",""
"","161","Test Solana SDK Test SPL Token Transaction TTon","","2026-09-09","passed","2026-09-09","","Test Solana SDK","Test Solana SDK Test SPL Token Transaction TTon",""
"","1","buildMultiAssetCbor canonical ordering orders policies by decoded byte value, not by hex-string case","","2026-09-09","passed","2026-09-09","","buildMultiAssetCbor canonical ordering","buildMultiAssetCbor canonical ordering orders policies by decoded byte value, not by hex-string case",""
"","164","Test Solana SDK Test SPL Token Transaction RDDTon","","2026-09-09","passed","2026-09-09","","Test Solana SDK","Test Solana SDK Test SPL Token Transaction RDDTon",""
"","407","Test BSC SDK Test Sign Typed Data","","2026-09-09","passed","2026-09-09","","Test BSC SDK","Test BSC SDK Test Sign Typed Data",""
"","80","Test XLM SDK Test KAU CoinType Test Get index 1 address","","2026-09-09","passed","2026-09-09","","Test XLM SDK","Test XLM SDK Test KAU CoinType Test Get index 1 address",""
"","1","Test KAS SDK Test addressToOutScript with unsupported version address","","2026-09-09","passed","2026-09-09","","Test KAS SDK","Test KAS SDK Test addressToOutScript with unsupported version address",""
"","3","Test KAS SDK Test getTransferArgument with v0 output address","","2026-09-09","passed","2026-09-09","","Test KAS SDK","Test KAS SDK Test getTransferArgument with v0 output address",""
"","164","Test Solana SDK Test SPL Token Transaction CBRSon","","2026-09-09","passed","2026-09-09","","Test Solana SDK","Test Solana SDK Test SPL Token Transaction CBRSon",""
"","161","Test Solana SDK Test SPL Token Transaction GLDon","","2026-09-09","passed","2026-09-09","","Test Solana SDK","Test Solana SDK Test SPL Token Transaction GLDon",""
"","1","Test KAS SDK Test getTransferArgument for max","","2026-09-09","passed","2026-09-09","","Test KAS SDK","Test KAS SDK Test getTransferArgument for max",""
"","0","isBase58Format accepts a valid 43-char base58 pubkey","","2026-09-09","passed","2026-09-09","","isBase58Format","isBase58Format accepts a valid 43-char base58 pubkey",""
"","101","Test XLM SDK Test XLM CoinType Test Get index 0 address","","2026-09-09","passed","2026-09-09","","Test XLM SDK","Test XLM SDK Test XLM CoinType Test Get index 0 address",""
"","161","Test Solana SDK Test SPL Token Transaction LIon","","2026-09-09","passed","2026-09-09","","Test Solana SDK","Test Solana SDK Test SPL Token Transaction LIon",""
"","1","DOT signature assembly is always 65 bytes when r has a leading-zero byte","","2026-09-09","passed","2026-09-09","","DOT signature assembly","DOT signature assembly is always 65 bytes when r has a leading-zero byte",""
"","162","Test Solana SDK Test SPL Token Transaction IGVon","","2026-09-09","passed","2026-09-09","","Test Solana SDK","Test Solana SDK Test SPL Token Transaction IGVon",""
"","160","Test Solana SDK Test SPL Token Transaction SYMon","","2026-09-09","passed","2026-09-09","","Test Solana SDK","Test Solana SDK Test SPL Token Transaction SYMon",""
"","503","Test DOT SDK Test DOT Unbond unbond with address 0","","2026-09-09","passed","2026-09-09","","Test DOT SDK","Test DOT SDK Test DOT Unbond unbond with address 0",""
"","160","Test Solana SDK Test SPL Token Transaction PFEon","","2026-09-09","passed","2026-09-09","","Test Solana SDK","Test Solana SDK Test SPL Token Transaction PFEon",""
"","163","Test Solana SDK Test SPL Token Transaction BEon","","2026-09-09","passed","2026-09-09","","Test Solana SDK","Test Solana SDK Test SPL Token Transaction BEon",""
"","0","Test KAS SDK Test getUtxoArgument","","2026-09-09","passed","2026-09-09","","Test KAS SDK","Test KAS SDK Test getUtxoArgument",""
"","558","Test DOT SDK Test DOT Transfer transfer with address 0 and metadatahash","","2026-09-09","passed","2026-09-09","","Test DOT SDK","Test DOT SDK Test DOT Transfer transfer with address 0 and metadatahash",""
"","1","buildMultiAssetCbor canonical ordering pins the exact canonical bytes for a two-policy bundle","","2026-09-09","passed","2026-09-09","","buildMultiAssetCbor canonical ordering","buildMultiAssetCbor canonical ordering pins the exact canonical bytes for a two-policy bundle",""
"","163","Test Solana SDK Test SPL Token Transaction HYSon","","2026-09-09","passed","2026-09-09","","Test Solana SDK","Test Solana SDK Test SPL Token Transaction HYSon",""
"","75","Test Sui SDK Test Sign Smart Transaction Test Smart Transaction Failed With 0 As Gas Budget","","2026-09-09","passed","2026-09-09","","Test Sui SDK","Test Sui SDK Test Sign Smart Transaction Test Smart Transaction Failed With 0 As Gas Budget",""
"","163","Test Solana SDK Test SPL Token Transaction IAUon","","2026-09-09","passed","2026-09-09","","Test Solana SDK","Test Solana SDK Test SPL Token Transaction IAUon",""
"","163","Test Solana SDK Test SPL Token Transaction IJHon","","2026-09-09","passed","2026-09-09","","Test Solana SDK","Test Solana SDK Test SPL Token Transaction IJHon",""
"","166","Test Solana SDK Test SPL Token Transaction HOODon","","2026-09-09","passed","2026-09-09","","Test Solana SDK","Test Solana SDK Test SPL Token Transaction HOODon",""
"","161","Test Solana SDK Test SPL Token Transaction SBETon","","2026-09-09","passed","2026-09-09","","Test Solana SDK","Test Solana SDK Test SPL Token Transaction SBETon",""
"","163","Test Solana SDK Test SPL Token Transaction ITAon","","2026-09-09","passed","2026-09-09","","Test Solana SDK","Test Solana SDK Test SPL Token Transaction ITAon",""
"","173","Test Solana SDK Test SPL Token Transaction ORDER","","2026-09-09","passed","2026-09-09","","Test Solana SDK","Test Solana SDK Test SPL Token Transaction ORDER",""
"","167","Test Solana SDK Test SPL Token Transaction INTUon","","2026-09-09","passed","2026-09-09","","Test Solana SDK","Test Solana SDK Test SPL Token Transaction INTUon",""
"","168","Test Solana SDK Test SPL Token Transaction AGGon","","2026-09-09","passed","2026-09-09","","Test Solana SDK","Test Solana SDK Test SPL Token Transaction AGGon",""
"","166","Test Solana SDK Test SPL Token Transaction GRABon","","2026-09-09","passed","2026-09-09","","Test Solana SDK","Test Solana SDK Test SPL Token Transaction GRABon",""
"","163","Test Solana SDK Test SPL Token Transaction ETNon","","2026-09-09","passed","2026-09-09","","Test Solana SDK","Test Solana SDK Test SPL Token Transaction ETNon",""
"","871","Test ADA SDK Test sign transaction TokenTransfer sends official token HOSKY (verified symbol once signed, otherwise @HOSKY)","","2026-09-09","passed","2026-09-09","","Test ADA SDK","Test ADA SDK Test sign transaction TokenTransfer sends official token HOSKY (verified symbol once signed, otherwise @HOSKY)",""
"","165","Test Solana SDK Test SPL Token Transaction BAon","","2026-09-09","passed","2026-09-09","","Test Solana SDK","Test Solana SDK Test SPL Token Transaction BAon",""
"","162","Test Solana SDK Test SPL Token Transaction ENPHon","","2026-09-09","passed","2026-09-09","","Test Solana SDK","Test Solana SDK Test SPL Token Transaction ENPHon",""
"","162","Test Solana SDK Test SPL Token Transaction Fon","","2026-09-09","passed","2026-09-09","","Test Solana SDK","Test Solana SDK Test SPL Token Transaction Fon",""
"","166","Test Solana SDK Test SPL Token Transaction BILIon","","2026-09-09","passed","2026-09-09","","Test Solana SDK","Test Solana SDK Test SPL Token Transaction BILIon",""
"","1540","Test ADA SDK Test sign transaction StakeDeregister with token","","2026-09-09","passed","2026-09-09","","Test ADA SDK","Test ADA SDK Test sign transaction StakeDeregister with token",""
"","173","Test Solana SDK Test SPL Token Transaction USDS","","2026-09-09","passed","2026-09-09","","Test Solana SDK","Test Solana SDK Test SPL Token Transaction USDS",""
"","161","Test Solana SDK Test SPL Token Transaction NEMon","","2026-09-09","passed","2026-09-09","","Test Solana SDK","Test Solana SDK Test SPL Token Transaction NEMon",""
"","163","Test Solana SDK Test SPL Token Transaction HUTon","","2026-09-09","passed","2026-09-09","","Test Solana SDK","Test Solana SDK Test SPL Token Transaction HUTon",""
"","131","Test ICX SDK get address","","2026-09-09","passed","2026-09-09","","Test ICX SDK","Test ICX SDK get address",""
"","160","Test Solana SDK Test SPL Token Transaction WOLFon","","2026-09-09","passed","2026-09-09","","Test Solana SDK","Test Solana SDK Test SPL Token Transaction WOLFon",""
"","162","Test Solana SDK Test SPL Token Transaction CLSon","","2026-09-09","passed","2026-09-09","","Test Solana SDK","Test Solana SDK Test SPL Token Transaction CLSon",""
"","166","Test Solana SDK Test SPL Token Transaction EFVon","","2026-09-09","passed","2026-09-09","","Test Solana SDK","Test Solana SDK Test SPL Token Transaction EFVon",""
"","166","Test Solana SDK Test SPL Token Transaction BNOon","","2026-09-09","passed","2026-09-09","","Test Solana SDK","Test Solana SDK Test SPL Token Transaction BNOon",""
"","161","Test Solana SDK Test SPL Token Transaction LRCXon","","2026-09-09","passed","2026-09-09","","Test Solana SDK","Test Solana SDK Test SPL Token Transaction LRCXon",""
"","165","Test Solana SDK Test SPL Token Transaction TNKon","","2026-09-09","passed","2026-09-09","","Test Solana SDK","Test Solana SDK Test SPL Token Transaction TNKon",""
"","95","Test Sui SDK Test Get Address Test retrieving the address at index 0.","","2026-09-09","passed","2026-09-09","","Test Sui SDK","Test Sui SDK Test Get Address Test retrieving the address at index 0.",""
"","164","Test Solana SDK Test SPL Token Transaction HIVEon","","2026-09-09","passed","2026-09-09","","Test Solana SDK","Test Solana SDK Test SPL Token Transaction HIVEon",""
"","165","Test Solana SDK Test SPL Token Transaction BTGOon","","2026-09-09","passed","2026-09-09","","Test Solana SDK","Test Solana SDK Test SPL Token Transaction BTGOon",""
"","1","genCROSigFromSESig signature is always 64 bytes when r has a leading-zero byte","","2026-09-09","passed","2026-09-09","","genCROSigFromSESig","genCROSigFromSESig signature is always 64 bytes when r has a leading-zero byte",""
"","1","Test KAS SDK Test pubkeyOrScriptHashToPayment with script P2PK_ECDSA","","2026-09-09","passed","2026-09-09","","Test KAS SDK","Test KAS SDK Test pubkeyOrScriptHashToPayment with script P2PK_ECDSA",""
"","161","Test Solana SDK Test SPL Token Transaction TMUSon","","2026-09-09","passed","2026-09-09","","Test Solana SDK","Test Solana SDK Test SPL Token Transaction TMUSon",""
"","162","Test Solana SDK Test SPL Token Transaction CRWVon","","2026-09-09","passed","2026-09-09","","Test Solana SDK","Test Solana SDK Test SPL Token Transaction CRWVon",""
"","165","Test Solana SDK Test SPL Token Transaction NATon","","2026-09-09","passed","2026-09-09","","Test Solana SDK","Test Solana SDK Test SPL Token Transaction NATon",""
"","1","isBase58Format rejects a 64-char hex pubkey that happens to contain no ""0"" (CW-29159)","","2026-09-09","passed","2026-09-09","","isBase58Format","isBase58Format rejects a 64-char hex pubkey that happens to contain no ""0"" (CW-29159)",""
"","466","Test BSC SDK Test Get Address index 0 address","","2026-09-09","passed","2026-09-09","","Test BSC SDK","Test BSC SDK Test Get Address index 0 address",""
"","161","Test Solana SDK Test SPL Token Transaction SECUon","","2026-09-09","passed","2026-09-09","","Test Solana SDK","Test Solana SDK Test SPL Token Transaction SECUon",""
"","163","Test Solana SDK Test SPL Token Transaction ITOTon","","2026-09-09","passed","2026-09-09","","Test Solana SDK","Test Solana SDK Test SPL Token Transaction ITOTon",""
"","162","Test Solana SDK Test SPL Token Transaction RIOTon","","2026-09-09","passed","2026-09-09","","Test Solana SDK","Test Solana SDK Test SPL Token Transaction RIOTon",""
"","79","Test XLM SDK Test KAG CoinType Test Get index 0 address","","2026-09-09","passed","2026-09-09","","Test XLM SDK","Test XLM SDK Test KAG CoinType Test Get index 0 address",""
"","175","Test Solana SDK Test SPL Token Transaction BINCon","","2026-09-09","passed","2026-09-09","","Test Solana SDK","Test Solana SDK Test SPL Token Transaction BINCon",""
"","165","Test Solana SDK Test SPL Token Transaction BMNRon","","2026-09-09","passed","2026-09-09","","Test Solana SDK","Test Solana SDK Test SPL Token Transaction BMNRon",""
"","162","Test Solana SDK Test SPL Token Transaction JDon","","2026-09-09","passed","2026-09-09","","Test Solana SDK","Test Solana SDK Test SPL Token Transaction JDon",""
"","162","Test Solana SDK Test SPL Token Transaction VSTon","","2026-09-09","passed","2026-09-09","","Test Solana SDK","Test Solana SDK Test SPL Token Transaction VSTon",""
"","344","Test ADA SDK Test sign message signMessage with stake account","","2026-09-09","passed","2026-09-09","","Test ADA SDK","Test ADA SDK Test sign message signMessage with stake account",""
"","165","Test Solana SDK Test SPL Token Transaction CAMTon","","2026-09-09","passed","2026-09-09","","Test Solana SDK","Test Solana SDK Test SPL Token Transaction CAMTon",""
"","162","Test Solana SDK Test SPL Token Transaction CIFRon","","2026-09-09","passed","2026-09-09","","Test Solana SDK","Test Solana SDK Test SPL Token Transaction CIFRon",""
"","161","Test Solana SDK Test SPL Token Transaction PDDon","","2026-09-09","passed","2026-09-09","","Test Solana SDK","Test Solana SDK Test SPL Token Transaction PDDon",""
"","102","Test KAS SDK Test retrieving the address at index 0 of the P2PK_SCHNORR script type.","","2026-09-09","passed","2026-09-09","","Test KAS SDK","Test KAS SDK Test retrieving the address at index 0 of the P2PK_SCHNORR script type.",""
"","162","Test Solana SDK Test SPL Token Transaction SOXLon","","2026-09-09","passed","2026-09-09","","Test Solana SDK","Test Solana SDK Test SPL Token Transaction SOXLon",""
"","163","Test Solana SDK Test SPL Token Transaction COHRon","","2026-09-09","passed","2026-09-09","","Test Solana SDK","Test Solana SDK Test SPL Token Transaction COHRon",""
"","0","Test KAS SDK Test validateAmountCanDisplayOnProCard Test normal transfer amount","","2026-09-09","passed","2026-09-09","","Test KAS SDK","Test KAS SDK Test validateAmountCanDisplayOnProCard Test normal transfer amount",""
"","169","Test Solana SDK Test SPL Token Transaction ABBVon","","2026-09-09","passed","2026-09-09","","Test Solana SDK","Test Solana SDK Test SPL Token Transaction ABBVon",""
"","0","getTokenInfoArgument: asset name encoding encodes a 32-byte asset name with a 2-byte CBOR header, filling the slot exactly","","2026-09-09","passed","2026-09-09","","getTokenInfoArgument: official token payloads","getTokenInfoArgument: asset name encoding encodes a 32-byte asset name with a 2-byte CBOR header, filling the slot exactly",""
"","308","Test DOT SDK Test DOT Nominate nominate with address 0 and double hash","","2026-09-09","passed","2026-09-09","","Test DOT SDK","Test DOT SDK Test DOT Nominate nominate with address 0 and double hash",""
"","160","Test Solana SDK Test SPL Token Transaction PAVEon","","2026-09-09","passed","2026-09-09","","Test Solana SDK","Test Solana SDK Test SPL Token Transaction PAVEon",""
"","161","Test Solana SDK Test SPL Token Transaction MRVLon","","2026-09-09","passed","2026-09-09","","Test Solana SDK","Test Solana SDK Test SPL Token Transaction MRVLon",""
"","163","Test Solana SDK Test SPL Token Transaction WMon","","2026-09-09","passed","2026-09-09","","Test Solana SDK","Test Solana SDK Test SPL Token Transaction WMon",""
"","163","Test Solana SDK Test SPL Token Transaction GEMIon","","2026-09-09","passed","2026-09-09","","Test Solana SDK","Test Solana SDK Test SPL Token Transaction GEMIon",""
"","162","Test Solana SDK Test SPL Token Transaction IWFon","","2026-09-09","passed","2026-09-09","","Test Solana SDK","Test Solana SDK Test SPL Token Transaction IWFon",""
"","162","Test Solana SDK Test SPL Token Transaction JNJon","","2026-09-09","passed","2026-09-09","","Test Solana SDK","Test Solana SDK Test SPL Token Transaction JNJon",""
"","166","Test Solana SDK Test SPL Token Transaction DRSon","","2026-09-09","passed","2026-09-09","","Test Solana SDK","Test Solana SDK Test SPL Token Transaction DRSon",""
"","167","Test Solana SDK Test SPL Token Transaction ACMRon","","2026-09-09","passed","2026-09-09","","Test Solana SDK","Test Solana SDK Test SPL Token Transaction ACMRon",""
"","215","Test Solana SDK Test Normal Transfer","","2026-09-09","passed","2026-09-09","","Test Solana SDK","Test Solana SDK Test Normal Transfer",""
"","1","genCROSigFromSESig signature is always 64 bytes for normal r and s values","","2026-09-09","passed","2026-09-09","","genCROSigFromSESig","genCROSigFromSESig signature is always 64 bytes for normal r and s values",""
"","85","Test XTZ SDK XTZ: sign undelegation","","2026-09-09","passed","2026-09-09","","Test XTZ SDK","Test XTZ SDK XTZ: sign undelegation",""
"","161","Test Solana SDK Test SPL Token Transaction IGEBon","","2026-09-09","passed","2026-09-09","","Test Solana SDK","Test Solana SDK Test SPL Token Transaction IGEBon",""
"","155","Test KAS SDK Test signing a transaction with 1 output, where the output is below 0.2 KAS","","2026-09-09","passed","2026-09-09","","Test KAS SDK","Test KAS SDK Test signing a transaction with 1 output, where the output is below 0.2 KAS",""
"","543","Test TRX SDK Sign Transfer Tx sign for transfer 1 TRX","","2026-09-09","passed","2026-09-09","","Test TRX SDK","Test TRX SDK Sign Transfer Tx sign for transfer 1 TRX",""
"","1","Test KAS SDK Test decodeAddress throws error if address with unknown version","","2026-09-09","passed","2026-09-09","","Test KAS SDK","Test KAS SDK Test decodeAddress throws error if address with unknown version",""
"","164","Test Solana SDK Test SPL Token Transaction FORMon","","2026-09-09","passed","2026-09-09","","Test Solana SDK","Test Solana SDK Test SPL Token Transaction FORMon",""
"","166","Test Solana SDK Test SPL Token Transaction BRLNon","","2026-09-09","passed","2026-09-09","","Test Solana SDK","Test Solana SDK Test SPL Token Transaction BRLNon",""
"","164","Test Solana SDK Test SPL Token Transaction AURon","","2026-09-09","passed","2026-09-09","","Test Solana SDK","Test Solana SDK Test SPL Token Transaction AURon",""
"","0","assertTokenTransferSupported accepts decimals at the on-card upper bound (20)","","2026-09-09","passed","2026-09-09","","getTokenInfoArgument: official token payloads","assertTokenTransferSupported accepts decimals at the on-card upper bound (20)",""
"","166","Test Solana SDK Test SPL Token Transaction AIQon","","2026-09-09","passed","2026-09-09","","Test Solana SDK","Test Solana SDK Test SPL Token Transaction AIQon",""
"","161","Test Solana SDK Test SPL Token Transaction TMon","","2026-09-09","passed","2026-09-09","","Test Solana SDK","Test Solana SDK Test SPL Token Transaction TMon",""
"","165","Test Solana SDK Test SPL Token Transaction AMATon","","2026-09-09","passed","2026-09-09","","Test Solana SDK","Test Solana SDK Test SPL Token Transaction AMATon",""
"","300","Test KSM SDK Test KSM Chill chill with address 0","","2026-09-09","passed","2026-09-09","","Test DOT SDK","Test KSM SDK Test KSM Chill chill with address 0",""
"","114","Test Solana SDK Test Get Address","","2026-09-09","passed","2026-09-09","","Test Solana SDK","Test Solana SDK Test Get Address",""
"","162","Test Solana SDK Test SPL Token Transaction CEVAon","","2026-09-09","passed","2026-09-09","","Test Solana SDK","Test Solana SDK Test SPL Token Transaction CEVAon",""
"","165","Test Solana SDK Test SPL Token Transaction SPCXon","","2026-09-09","passed","2026-09-09","","Test Solana SDK","Test Solana SDK Test SPL Token Transaction SPCXon",""
"","161","Test Solana SDK Test SPL Token Transaction WMBon","","2026-09-09","passed","2026-09-09","","Test Solana SDK","Test Solana SDK Test SPL Token Transaction WMBon",""
"","1","Test KAS SDK Test validateInputs Test normal input","","2026-09-09","passed","2026-09-09","","Test KAS SDK","Test KAS SDK Test validateInputs Test normal input",""
"","161","Test Solana SDK Test SPL Token Transaction TSEMon","","2026-09-09","passed","2026-09-09","","Test Solana SDK","Test Solana SDK Test SPL Token Transaction TSEMon",""
"","162","Test Solana SDK Test SPL Token Transaction FIGRon","","2026-09-09","passed","2026-09-09","","Test Solana SDK","Test Solana SDK Test SPL Token Transaction FIGRon",""
"","162","Test Solana SDK Test SPL Token Transaction NNEon","","2026-09-09","passed","2026-09-09","","Test Solana SDK","Test Solana SDK Test SPL Token Transaction NNEon",""
"","166","Test Solana SDK Test SPL Token Transaction CSCOon","","2026-09-09","passed","2026-09-09","","Test Solana SDK","Test Solana SDK Test SPL Token Transaction CSCOon",""
"","164","Test Solana SDK Test SPL Token Transaction OIIon","","2026-09-09","passed","2026-09-09","","Test Solana SDK","Test Solana SDK Test SPL Token Transaction OIIon",""
"","163","Test Solana SDK Test SPL Token Transaction OKLOon","","2026-09-09","passed","2026-09-09","","Test Solana SDK","Test Solana SDK Test SPL Token Transaction OKLOon",""
"","163","Test Solana SDK Test SPL Token Transaction NFLXon","","2026-09-09","passed","2026-09-09","","Test Solana SDK","Test Solana SDK Test SPL Token Transaction NFLXon",""
"","161","Test Solana SDK Test Undelegate","","2026-09-09","passed","2026-09-09","","Test Solana SDK","Test Solana SDK Test Undelegate",""
"","166","Test Solana SDK Test SPL Token Transaction BBAIon","","2026-09-09","passed","2026-09-09","","Test Solana SDK","Test Solana SDK Test SPL Token Transaction BBAIon",""
"","164","Test Solana SDK Test SPL Token Transaction BWETon","","2026-09-09","passed","2026-09-09","","Test Solana SDK","Test Solana SDK Test SPL Token Transaction BWETon",""
"","1","Test KAS SDK Test validateOutputs Test output with invalid address","","2026-09-09","passed","2026-09-09","","Test KAS SDK","Test KAS SDK Test validateOutputs Test output with invalid address",""
"","866","Test ADA SDK Test sign transaction TokenTransfer blind-signs when the displayed amount reaches 1e8 (shows SMART)","","2026-09-09","passed","2026-09-09","","Test ADA SDK","Test ADA SDK Test sign transaction TokenTransfer blind-signs when the displayed amount reaches 1e8 (shows SMART)",""
"","165","Test Solana SDK Test SPL Token Transaction EUHYon","","2026-09-09","passed","2026-09-09","","Test Solana SDK","Test Solana SDK Test SPL Token Transaction EUHYon",""
"","161","Test Solana SDK Test SPL Token Transaction SHLDon","","2026-09-09","passed","2026-09-09","","Test Solana SDK","Test Solana SDK Test SPL Token Transaction SHLDon",""
"","0","getTokenInfoArgument: official token payloads USDM: stored payload equals the SDK-built token-info union","","2026-09-09","passed","2026-09-09","","getTokenInfoArgument: official token payloads","getTokenInfoArgument: official token payloads USDM: stored payload equals the SDK-built token-info union",""
"","161","Test Solana SDK Test SPL Token Transaction MSFTon","","2026-09-09","passed","2026-09-09","","Test Solana SDK","Test Solana SDK Test SPL Token Transaction MSFTon",""
"","166","Test Solana SDK Test SPL Token Transaction GSon","","2026-09-09","passed","2026-09-09","","Test Solana SDK","Test Solana SDK Test SPL Token Transaction GSon",""
"","162","Test Solana SDK Test SPL Token Transaction LINon","","2026-09-09","passed","2026-09-09","","Test Solana SDK","Test Solana SDK Test SPL Token Transaction LINon",""
"","0","Test KAS SDK Test pubkeyOrScriptHashToPayment with script P2PK_SCHNORR","","2026-09-09","passed","2026-09-09","","Test KAS SDK","Test KAS SDK Test pubkeyOrScriptHashToPayment with script P2PK_SCHNORR",""
"","2","buildMultiAssetCbor canonical ordering produces the same bytes regardless of input order (canonicalizes)","","2026-09-09","passed","2026-09-09","","buildMultiAssetCbor canonical ordering","buildMultiAssetCbor canonical ordering produces the same bytes regardless of input order (canonicalizes)",""
"","2","Test KAS SDK Test before sign schnorr","","2026-09-09","passed","2026-09-09","","Test KAS SDK","Test KAS SDK Test before sign schnorr",""
"","167","Test Solana SDK Test SPL Token Transaction ABTon","","2026-09-09","passed","2026-09-09","","Test Solana SDK","Test Solana SDK Test SPL Token Transaction ABTon",""
"","164","Test Solana SDK Test SPL Token Transaction EMRon","","2026-09-09","passed","2026-09-09","","Test Solana SDK","Test Solana SDK Test SPL Token Transaction EMRon",""
"","165","Test Solana SDK Test SPL Token Transaction MYRGon","","2026-09-09","passed","2026-09-09","","Test Solana SDK","Test Solana SDK Test SPL Token Transaction MYRGon",""
"","161","Test Solana SDK Test SPL Token Transaction QCOMon","","2026-09-09","passed","2026-09-09","","Test Solana SDK","Test Solana SDK Test SPL Token Transaction QCOMon",""
"","162","Test Solana SDK Test SPL Token Transaction GDon","","2026-09-09","passed","2026-09-09","","Test Solana SDK","Test Solana SDK Test SPL Token Transaction GDon",""
"","2","Test scriptUtil.getXXXArguments function getSplTokenTransferArguments","","2026-09-09","passed","2026-09-09","","Test scriptUtil.getXXXArguments function","Test scriptUtil.getXXXArguments function getSplTokenTransferArguments",""
"","161","Test Solana SDK Test SPL Token Transaction MSTRon","","2026-09-09","passed","2026-09-09","","Test Solana SDK","Test Solana SDK Test SPL Token Transaction MSTRon",""
