"DESCRIPTION","DURATION IN MS","NAME","PARENT SUITE","START TIME","STATUS","STOP TIME","SUB SUITE","SUITE","TEST CLASS","TEST METHOD"
"","180","Test ZEC SDK Test Sign Transfer Tx P2PKH","","2026-09-14","passed","2026-09-14","","Test ZEC SDK","Test ZEC SDK Test Sign Transfer Tx P2PKH",""
"","1552","Test ADA SDK Test sign transaction StakeRegister without token","","2026-09-14","passed","2026-09-14","","Test ADA SDK","Test ADA SDK Test sign transaction StakeRegister without token",""
"","1","Test Sui SDK Test Sign Coin Transfer Test Coin Transfer Transaction Failed With Invalid To Address","","2026-09-14","passed","2026-09-14","","Test Sui SDK","Test Sui SDK Test Sign Coin Transfer Test Coin Transfer Transaction Failed With Invalid To Address",""
"","171","Test Solana SDK Test SPL Token Transaction EWYon","","2026-09-14","passed","2026-09-14","","Test Solana SDK","Test Solana SDK Test SPL Token Transaction EWYon",""
"","168","Test Solana SDK Test SPL Token Transaction TSEMon","","2026-09-14","passed","2026-09-14","","Test Solana SDK","Test Solana SDK Test SPL Token Transaction TSEMon",""
"","170","Test Solana SDK Test SPL Token Transaction UMCon","","2026-09-14","passed","2026-09-14","","Test Solana SDK","Test Solana SDK Test SPL Token Transaction UMCon",""
"","172","Test Solana SDK Test SPL Token Transaction PALLon","","2026-09-14","passed","2026-09-14","","Test Solana SDK","Test Solana SDK Test SPL Token Transaction PALLon",""
"","172","Test Solana SDK Test SPL Token Transaction PLon","","2026-09-14","passed","2026-09-14","","Test Solana SDK","Test Solana SDK Test SPL Token Transaction PLon",""
"","172","Test Solana SDK Test SPL Token Transaction ARQQon","","2026-09-14","passed","2026-09-14","","Test Solana SDK","Test Solana SDK Test SPL Token Transaction ARQQon",""
"","169","Test Solana SDK Test SPL Token Transaction WYFIon","","2026-09-14","passed","2026-09-14","","Test Solana SDK","Test Solana SDK Test SPL Token Transaction WYFIon",""
"","172","Test Solana SDK Test SPL Token Transaction INTCon","","2026-09-14","passed","2026-09-14","","Test Solana SDK","Test Solana SDK Test SPL Token Transaction INTCon",""
"","171","Test Solana SDK Test SPL Token Transaction SWKSon","","2026-09-14","passed","2026-09-14","","Test Solana SDK","Test Solana SDK Test SPL Token Transaction SWKSon",""
"","170","Test Solana SDK Test SPL Token Transaction SHLDon","","2026-09-14","passed","2026-09-14","","Test Solana SDK","Test Solana SDK Test SPL Token Transaction SHLDon",""
"","181","Test Solana SDK Test SPL Token Transaction GEMIon","","2026-09-14","passed","2026-09-14","","Test Solana SDK","Test Solana SDK Test SPL Token Transaction GEMIon",""
"","172","Test Solana SDK Test SPL Token Transaction FLHYon","","2026-09-14","passed","2026-09-14","","Test Solana SDK","Test Solana SDK Test SPL Token Transaction FLHYon",""
"","179","Test Solana SDK Test SPL Token Transaction APOon","","2026-09-14","passed","2026-09-14","","Test Solana SDK","Test Solana SDK Test SPL Token Transaction APOon",""
"","169","Test Solana SDK Test SPL Token Transaction UNGon","","2026-09-14","passed","2026-09-14","","Test Solana SDK","Test Solana SDK Test SPL Token Transaction UNGon",""
"","172","Test Solana SDK Test SPL Token Transaction COROon","","2026-09-14","passed","2026-09-14","","Test Solana SDK","Test Solana SDK Test SPL Token Transaction COROon",""
"","0","isBase58Format accepts a valid 43-char base58 pubkey","","2026-09-14","passed","2026-09-14","","isBase58Format","isBase58Format accepts a valid 43-char base58 pubkey",""
"","170","Test Solana SDK Test SPL Token Transaction XYZon","","2026-09-14","passed","2026-09-14","","Test Solana SDK","Test Solana SDK Test SPL Token Transaction XYZon",""
"","168","Test Solana SDK Test SPL Token Transaction MSFTon","","2026-09-14","passed","2026-09-14","","Test Solana SDK","Test Solana SDK Test SPL Token Transaction MSFTon",""
"","193","Test Solana SDK Test SPL Token Transaction AAOIon","","2026-09-14","passed","2026-09-14","","Test Solana SDK","Test Solana SDK Test SPL Token Transaction AAOIon",""
"","167","Test Solana SDK Test SPL Token Transaction VPGon","","2026-09-14","passed","2026-09-14","","Test Solana SDK","Test Solana SDK Test SPL Token Transaction VPGon",""
"","121","Test XLM SDK Test XLM CoinType Test Sign Transfer XLM Transaction for protocol SLIP0010","","2026-09-14","passed","2026-09-14","","Test XLM SDK","Test XLM SDK Test XLM CoinType Test Sign Transfer XLM Transaction for protocol SLIP0010",""
"","174","Test Solana SDK Test SPL Token Transaction LRCXon","","2026-09-14","passed","2026-09-14","","Test Solana SDK","Test Solana SDK Test SPL Token Transaction LRCXon",""
"","0","Test KAS SDK Test validateChange Test transaction with invalid change","","2026-09-14","passed","2026-09-14","","Test KAS SDK","Test KAS SDK Test validateChange Test transaction with invalid change",""
"","175","Test Solana SDK Test SPL Token Transaction BAIon","","2026-09-14","passed","2026-09-14","","Test Solana SDK","Test Solana SDK Test SPL Token Transaction BAIon",""
"","174","Test Solana SDK Test SPL Token Transaction GLTRon","","2026-09-14","passed","2026-09-14","","Test Solana SDK","Test Solana SDK Test SPL Token Transaction GLTRon",""
"","172","Test Solana SDK Test SPL Token Transaction EWZon","","2026-09-14","passed","2026-09-14","","Test Solana SDK","Test Solana SDK Test SPL Token Transaction EWZon",""
"","172","Test Solana SDK Test SPL Token Transaction FPSon","","2026-09-14","passed","2026-09-14","","Test Solana SDK","Test Solana SDK Test SPL Token Transaction FPSon",""
"","2","Test KAS SDK Test getTransferArgument with v0 output address","","2026-09-14","passed","2026-09-14","","Test KAS SDK","Test KAS SDK Test getTransferArgument with v0 output address",""
"","522","Test BCH SDK BCH test get address 0","","2026-09-14","passed","2026-09-14","","Test BCH SDK","Test BCH SDK BCH test get address 0",""
"","83","Test XLM SDK Test KAU CoinType Test Get index 1 address","","2026-09-14","passed","2026-09-14","","Test XLM SDK","Test XLM SDK Test KAU CoinType Test Get index 1 address",""
"","171","Test Solana SDK Test SPL Token Transaction IVVon","","2026-09-14","passed","2026-09-14","","Test Solana SDK","Test Solana SDK Test SPL Token Transaction IVVon",""
"","174","Test Solana SDK Test SPL Token Transaction ASTSon","","2026-09-14","passed","2026-09-14","","Test Solana SDK","Test Solana SDK Test SPL Token Transaction ASTSon",""
"","170","Test Solana SDK Test SPL Token Transaction TLTon","","2026-09-14","passed","2026-09-14","","Test Solana SDK","Test Solana SDK Test SPL Token Transaction TLTon",""
"","175","Test Solana SDK Test SPL Token Transaction AGGon","","2026-09-14","passed","2026-09-14","","Test Solana SDK","Test Solana SDK Test SPL Token Transaction AGGon",""
"","172","Test Solana SDK Test SPL Token Transaction CPERon","","2026-09-14","passed","2026-09-14","","Test Solana SDK","Test Solana SDK Test SPL Token Transaction CPERon",""
"","1","getTokenInfoArgument: official token payloads USDM: stored payload equals the SDK-built token-info union","","2026-09-14","passed","2026-09-14","","getTokenInfoArgument: official token payloads","getTokenInfoArgument: official token payloads USDM: stored payload equals the SDK-built token-info union",""
"","171","Test Solana SDK Test SPL Token Transaction DYNFon","","2026-09-14","passed","2026-09-14","","Test Solana SDK","Test Solana SDK Test SPL Token Transaction DYNFon",""
"","184","Test Solana SDK Test SPL Token Transaction EQTon","","2026-09-14","passed","2026-09-14","","Test Solana SDK","Test Solana SDK Test SPL Token Transaction EQTon",""
"","181","Test Solana SDK Test SPL Token Transaction AAPLon","","2026-09-14","passed","2026-09-14","","Test Solana SDK","Test Solana SDK Test SPL Token Transaction AAPLon",""
"","171","Test Solana SDK Test SPL Token Transaction NOKon","","2026-09-14","passed","2026-09-14","","Test Solana SDK","Test Solana SDK Test SPL Token Transaction NOKon",""
"","171","Test Solana SDK Test SPL Token Transaction OIHon","","2026-09-14","passed","2026-09-14","","Test Solana SDK","Test Solana SDK Test SPL Token Transaction OIHon",""
"","1","Test KAS SDK Test getTransferArgument for max","","2026-09-14","passed","2026-09-14","","Test KAS SDK","Test KAS SDK Test getTransferArgument for max",""
"","175","Test Solana SDK Test SPL Token Transaction APLDon","","2026-09-14","passed","2026-09-14","","Test Solana SDK","Test Solana SDK Test SPL Token Transaction APLDon",""
"","74","Test KSM SDK Test Get KSM Address test get index 0 address","","2026-09-14","passed","2026-09-14","","Test DOT SDK","Test KSM SDK Test Get KSM Address test get index 0 address",""
"","169","Test Solana SDK Test SPL Token Transaction STRCon","","2026-09-14","passed","2026-09-14","","Test Solana SDK","Test Solana SDK Test SPL Token Transaction STRCon",""
"","173","Test Solana SDK Test SPL Token Transaction GMEon","","2026-09-14","passed","2026-09-14","","Test Solana SDK","Test Solana SDK Test SPL Token Transaction GMEon",""
"","170","Test Solana SDK Test SPL Token Transaction NOWon","","2026-09-14","passed","2026-09-14","","Test Solana SDK","Test Solana SDK Test SPL Token Transaction NOWon",""
"","169","Test Solana SDK Test SPL Token Transaction XYLDon","","2026-09-14","passed","2026-09-14","","Test Solana SDK","Test Solana SDK Test SPL Token Transaction XYLDon",""
"","173","Test Solana SDK Test SPL Token Transaction MAon","","2026-09-14","passed","2026-09-14","","Test Solana SDK","Test Solana SDK Test SPL Token Transaction MAon",""
"","171","Test Solana SDK Test SPL Token Transaction UBERon","","2026-09-14","passed","2026-09-14","","Test Solana SDK","Test Solana SDK Test SPL Token Transaction UBERon",""
"","107","Test XRP SDK Test IOU Transfer RLUSD iou transfer with RLUSD token","","2026-09-14","passed","2026-09-14","","Test XRP SDK","Test XRP SDK Test IOU Transfer RLUSD iou transfer with RLUSD token",""
"","176","Test Solana SDK Test SPL Token Transaction TTMIon","","2026-09-14","passed","2026-09-14","","Test Solana SDK","Test Solana SDK Test SPL Token Transaction TTMIon",""
"","435","Test DOGE SDK Test Get index 0 address","","2026-09-14","passed","2026-09-14","","Test DOGE SDK","Test DOGE SDK Test Get index 0 address",""
"","189","Test KAS SDK Test signing a transaction with 2 outputs, where one output is 0.2 KAS with the version 0 address","","2026-09-14","passed","2026-09-14","","Test KAS SDK","Test KAS SDK Test signing a transaction with 2 outputs, where one output is 0.2 KAS with the version 0 address",""
"","1","Test KAS SDK Test validateOutputs Test output with invalid address","","2026-09-14","passed","2026-09-14","","Test KAS SDK","Test KAS SDK Test validateOutputs Test output with invalid address",""
"","171","Test Solana SDK Test SPL Token Transaction CEGon","","2026-09-14","passed","2026-09-14","","Test Solana SDK","Test Solana SDK Test SPL Token Transaction CEGon",""
"","171","Test Solana SDK Test SPL Token Transaction Fon","","2026-09-14","passed","2026-09-14","","Test Solana SDK","Test Solana SDK Test SPL Token Transaction Fon",""
"","195","Test Solana SDK Test SPL Token Transaction USDT","","2026-09-14","passed","2026-09-14","","Test Solana SDK","Test Solana SDK Test SPL Token Transaction USDT",""
"","173","Test Solana SDK Test SPL Token Transaction BKCHon","","2026-09-14","passed","2026-09-14","","Test Solana SDK","Test Solana SDK Test SPL Token Transaction BKCHon",""
"","0","Test KAS SDK Test getAddressByPublicKey with version 8","","2026-09-14","passed","2026-09-14","","Test KAS SDK","Test KAS SDK Test getAddressByPublicKey with version 8",""
"","1","Test scriptUtil.getXXXArguments function getSignInArguments","","2026-09-14","passed","2026-09-14","","Test scriptUtil.getXXXArguments function","Test scriptUtil.getXXXArguments function getSignInArguments",""
"","0","Test Sui SDK Test Sign Token Transfer Transaction Test Token Transfer Transaction Failed With 0 USDC","","2026-09-14","passed","2026-09-14","","Test Sui SDK","Test Sui SDK Test Sign Token Transfer Transaction Test Token Transfer Transaction Failed With 0 USDC",""
"","176","Test Solana SDK Test SPL Token Transaction ALBon","","2026-09-14","passed","2026-09-14","","Test Solana SDK","Test Solana SDK Test SPL Token Transaction ALBon",""
"","179","Test Solana SDK Test SPL Token Transaction BILIon","","2026-09-14","passed","2026-09-14","","Test Solana SDK","Test Solana SDK Test SPL Token Transaction BILIon",""
"","170","Test Solana SDK Test SPL Token Transaction OXYon","","2026-09-14","passed","2026-09-14","","Test Solana SDK","Test Solana SDK Test SPL Token Transaction OXYon",""
"","170","Test Solana SDK Test SPL Token Transaction PLTRon","","2026-09-14","passed","2026-09-14","","Test Solana SDK","Test Solana SDK Test SPL Token Transaction PLTRon",""
"","170","Test Solana SDK Test SPL Token Transaction TENon","","2026-09-14","passed","2026-09-14","","Test Solana SDK","Test Solana SDK Test SPL Token Transaction TENon",""
"","171","Test Solana SDK Test SPL Token Transaction NUEon","","2026-09-14","passed","2026-09-14","","Test Solana SDK","Test Solana SDK Test SPL Token Transaction NUEon",""
"","1","getTokenInfoArgument: official token payloads STRIKE: stored payload equals the SDK-built token-info union","","2026-09-14","passed","2026-09-14","","getTokenInfoArgument: official token payloads","getTokenInfoArgument: official token payloads STRIKE: stored payload equals the SDK-built token-info union",""
"","172","Test Solana SDK Test SPL Token Transaction USOon","","2026-09-14","passed","2026-09-14","","Test Solana SDK","Test Solana SDK Test SPL Token Transaction USOon",""
"","171","Test Solana SDK Test SPL Token Transaction ENTGon","","2026-09-14","passed","2026-09-14","","Test Solana SDK","Test Solana SDK Test SPL Token Transaction ENTGon",""
"","169","Test Solana SDK Test SPL Token Transaction SOXLon","","2026-09-14","passed","2026-09-14","","Test Solana SDK","Test Solana SDK Test SPL Token Transaction SOXLon",""
"","170","Test Solana SDK Test SPL Token Transaction IBITon","","2026-09-14","passed","2026-09-14","","Test Solana SDK","Test Solana SDK Test SPL Token Transaction IBITon",""
"","51","Test KAS SDK Test validateTransaction Test transaction with too large mass","","2026-09-14","passed","2026-09-14","","Test KAS SDK","Test KAS SDK Test validateTransaction Test transaction with too large mass",""
"","173","Test Solana SDK Test SPL Token Transaction BRHYon","","2026-09-14","passed","2026-09-14","","Test Solana SDK","Test Solana SDK Test SPL Token Transaction BRHYon",""
"","1550","Test ADA SDK Test sign transaction StakeRegisterAndDelegate without token","","2026-09-14","passed","2026-09-14","","Test ADA SDK","Test ADA SDK Test sign transaction StakeRegisterAndDelegate without token",""
"","170","Test Solana SDK Test SPL Token Transaction OPRAon","","2026-09-14","passed","2026-09-14","","Test Solana SDK","Test Solana SDK Test SPL Token Transaction OPRAon",""
"","170","Test Solana SDK Test SPL Token Transaction VSHon","","2026-09-14","passed","2026-09-14","","Test Solana SDK","Test Solana SDK Test SPL Token Transaction VSHon",""
"","175","Test Solana SDK Test SPL Token Transaction GLXYon","","2026-09-14","passed","2026-09-14","","Test Solana SDK","Test Solana SDK Test SPL Token Transaction GLXYon",""
"","172","Test Solana SDK Test SPL Token Transaction NVOon","","2026-09-14","passed","2026-09-14","","Test Solana SDK","Test Solana SDK Test SPL Token Transaction NVOon",""
"","180","Test Solana SDK Test SPL Token Transaction AAONon","","2026-09-14","passed","2026-09-14","","Test Solana SDK","Test Solana SDK Test SPL Token Transaction AAONon",""
"","169","Test Solana SDK Test SPL Token Transaction SMRon","","2026-09-14","passed","2026-09-14","","Test Solana SDK","Test Solana SDK Test SPL Token Transaction SMRon",""
"","173","Test Solana SDK Test SPL Token Transaction PAVEon","","2026-09-14","passed","2026-09-14","","Test Solana SDK","Test Solana SDK Test SPL Token Transaction PAVEon",""
"","171","Test Solana SDK Test SPL Token Transaction LLYon","","2026-09-14","passed","2026-09-14","","Test Solana SDK","Test Solana SDK Test SPL Token Transaction LLYon",""
"","301","Test KSM SDK Test KSM Chill chill with address 0","","2026-09-14","passed","2026-09-14","","Test DOT SDK","Test KSM SDK Test KSM Chill chill with address 0",""
"","916","Test ADA SDK Test sign transaction TokenTransfer with token change (leftover tokens ride back in change)","","2026-09-14","passed","2026-09-14","","Test ADA SDK","Test ADA SDK Test sign transaction TokenTransfer with token change (leftover tokens ride back in change)",""
"","103","Test XTZ SDK XTZ: sign transaction","","2026-09-14","passed","2026-09-14","","Test XTZ SDK","Test XTZ SDK XTZ: sign transaction",""
"","175","Test Solana SDK Test SPL Token Transaction BRLNon","","2026-09-14","passed","2026-09-14","","Test Solana SDK","Test Solana SDK Test SPL Token Transaction BRLNon",""
"","175","Test Solana SDK Test SPL Token Transaction AVGOon","","2026-09-14","passed","2026-09-14","","Test Solana SDK","Test Solana SDK Test SPL Token Transaction AVGOon",""
"","170","Test Solana SDK Test SPL Token Transaction PFEon","","2026-09-14","passed","2026-09-14","","Test Solana SDK","Test Solana SDK Test SPL Token Transaction PFEon",""
"","173","Test Solana SDK Test SPL Token Transaction DASHon","","2026-09-14","passed","2026-09-14","","Test Solana SDK","Test Solana SDK Test SPL Token Transaction DASHon",""
"","169","Test Solana SDK Test SPL Token Transaction TXNon","","2026-09-14","passed","2026-09-14","","Test Solana SDK","Test Solana SDK Test SPL Token Transaction TXNon",""
"","1547","Test ADA SDK Test sign transaction StakeDeregister without token","","2026-09-14","passed","2026-09-14","","Test ADA SDK","Test ADA SDK Test sign transaction StakeDeregister without token",""
"","171","Test Solana SDK Test SPL Token Transaction FORMon","","2026-09-14","passed","2026-09-14","","Test Solana SDK","Test Solana SDK Test SPL Token Transaction FORMon",""
"","175","Test Solana SDK Test SPL Token Transaction EXODon","","2026-09-14","passed","2026-09-14","","Test Solana SDK","Test Solana SDK Test SPL Token Transaction EXODon",""
"","168","Test Solana SDK Test SPL Token Transaction TMOon","","2026-09-14","passed","2026-09-14","","Test Solana SDK","Test Solana SDK Test SPL Token Transaction TMOon",""
"","183","Test APTOS SDK Test Transfer Aptos transfer with address 0","","2026-09-14","passed","2026-09-14","","Test APTOS SDK","Test APTOS SDK Test Transfer Aptos transfer with address 0",""
"","1","Test Sui SDK Test Sign Coin Transfer Test Coin Transfer Transaction Failed With 100000000 SUI","","2026-09-14","passed","2026-09-14","","Test Sui SDK","Test Sui SDK Test Sign Coin Transfer Test Coin Transfer Transaction Failed With 100000000 SUI",""
"","170","Test Solana SDK Test SPL Token Transaction VRTXon","","2026-09-14","passed","2026-09-14","","Test Solana SDK","Test Solana SDK Test SPL Token Transaction VRTXon",""
"","173","Test Solana SDK Test SPL Token Transaction ITAon","","2026-09-14","passed","2026-09-14","","Test Solana SDK","Test Solana SDK Test SPL Token Transaction ITAon",""
"","172","Test Solana SDK Test SPL Token Transaction PBRon","","2026-09-14","passed","2026-09-14","","Test Solana SDK","Test Solana SDK Test SPL Token Transaction PBRon",""
"","83","Test XLM SDK Test KAG CoinType Test Get index 0 address","","2026-09-14","passed","2026-09-14","","Test XLM SDK","Test XLM SDK Test KAG CoinType Test Get index 0 address",""
"","170","Test Solana SDK Test SPL Token Transaction SBETon","","2026-09-14","passed","2026-09-14","","Test Solana SDK","Test Solana SDK Test SPL Token Transaction SBETon",""
"","173","Test Solana SDK Test SPL Token Transaction GDon","","2026-09-14","passed","2026-09-14","","Test Solana SDK","Test Solana SDK Test SPL Token Transaction GDon",""
"","874","Test ADA SDK Test sign transaction TokenTransfer sends a custom (unofficial) token, shown unverified with @","","2026-09-14","passed","2026-09-14","","Test ADA SDK","Test ADA SDK Test sign transaction TokenTransfer sends a custom (unofficial) token, shown unverified with @",""
"","174","Test Solana SDK Test SPL Token Transaction AMKRon","","2026-09-14","passed","2026-09-14","","Test Solana SDK","Test Solana SDK Test SPL Token Transaction AMKRon",""
"","170","Test Solana SDK Test SPL Token Transaction SLBon","","2026-09-14","passed","2026-09-14","","Test Solana SDK","Test Solana SDK Test SPL Token Transaction SLBon",""
"","176","Test Solana SDK Test SPL Token Transaction AURon","","2026-09-14","passed","2026-09-14","","Test Solana SDK","Test Solana SDK Test SPL Token Transaction AURon",""
"","169","Test Solana SDK Test SPL Token Transaction NTESon","","2026-09-14","passed","2026-09-14","","Test Solana SDK","Test Solana SDK Test SPL Token Transaction NTESon",""
"","171","Test Solana SDK Test SPL Token Transaction SKHYon","","2026-09-14","passed","2026-09-14","","Test Solana SDK","Test Solana SDK Test SPL Token Transaction SKHYon",""
"","172","Test Solana SDK Test SPL Token Transaction GEon","","2026-09-14","passed","2026-09-14","","Test Solana SDK","Test Solana SDK Test SPL Token Transaction GEon",""
"","170","Test Solana SDK Test SPL Token Transaction DGXXon","","2026-09-14","passed","2026-09-14","","Test Solana SDK","Test Solana SDK Test SPL Token Transaction DGXXon",""
"","175","Test Solana SDK Test SPL Token Transaction AGon","","2026-09-14","passed","2026-09-14","","Test Solana SDK","Test Solana SDK Test SPL Token Transaction AGon",""
"","172","Test Solana SDK Test SPL Token Transaction HIMXon","","2026-09-14","passed","2026-09-14","","Test Solana SDK","Test Solana SDK Test SPL Token Transaction HIMXon",""
"","901","Test ADA SDK Test sign transaction Transfer with token","","2026-09-14","passed","2026-09-14","","Test ADA SDK","Test ADA SDK Test sign transaction Transfer with token",""
"","171","Test Solana SDK Test SPL Token Transaction OSCRon","","2026-09-14","passed","2026-09-14","","Test Solana SDK","Test Solana SDK Test SPL Token Transaction OSCRon",""
"","173","Test Solana SDK Test SPL Token Transaction CATon","","2026-09-14","passed","2026-09-14","","Test Solana SDK","Test Solana SDK Test SPL Token Transaction CATon",""
"","188","Test Solana SDK Test SPL Token Transaction GRT","","2026-09-14","passed","2026-09-14","","Test Solana SDK","Test Solana SDK Test SPL Token Transaction GRT",""
"","172","Test Solana SDK Test SPL Token Transaction CPNGon","","2026-09-14","passed","2026-09-14","","Test Solana SDK","Test Solana SDK Test SPL Token Transaction CPNGon",""
"","172","Test Solana SDK Test SPL Token Transaction BIDUon","","2026-09-14","passed","2026-09-14","","Test Solana SDK","Test Solana SDK Test SPL Token Transaction BIDUon",""
"","172","Test Solana SDK Test SPL Token Transaction HALon","","2026-09-14","passed","2026-09-14","","Test Solana SDK","Test Solana SDK Test SPL Token Transaction HALon",""
"","174","Test Solana SDK Test SPL Token Transaction IRENon","","2026-09-14","passed","2026-09-14","","Test Solana SDK","Test Solana SDK Test SPL Token Transaction IRENon",""
"","6","getChangeArgument: change value size limit accepts a change carrying ~50 distinct-policy tokens","","2026-09-14","passed","2026-09-14","","getTokenInfoArgument: official token payloads","getChangeArgument: change value size limit accepts a change carrying ~50 distinct-policy tokens",""
"","169","Test Solana SDK Test SPL Token Transaction NIOon","","2026-09-14","passed","2026-09-14","","Test Solana SDK","Test Solana SDK Test SPL Token Transaction NIOon",""
"","189","Test Solana SDK Test SPL Token Transaction USDC","","2026-09-14","passed","2026-09-14","","Test Solana SDK","Test Solana SDK Test SPL Token Transaction USDC",""
"","169","Test Solana SDK Test SPL Token Transaction UUUUon","","2026-09-14","passed","2026-09-14","","Test Solana SDK","Test Solana SDK Test SPL Token Transaction UUUUon",""
"","898","Test ADA SDK Test sign transaction TokenTransfer sends official token SNEK (verified symbol once signed, otherwise @SNEK)","","2026-09-14","passed","2026-09-14","","Test ADA SDK","Test ADA SDK Test sign transaction TokenTransfer sends official token SNEK (verified symbol once signed, otherwise @SNEK)",""
"","171","Test Solana SDK Test SPL Token Transaction QCOMon","","2026-09-14","passed","2026-09-14","","Test Solana SDK","Test Solana SDK Test SPL Token Transaction QCOMon",""
"","169","Test Solana SDK Test SPL Token Transaction SPGIon","","2026-09-14","passed","2026-09-14","","Test Solana SDK","Test Solana SDK Test SPL Token Transaction SPGIon",""
"","173","Test Solana SDK Test SPL Token Transaction WMBon","","2026-09-14","passed","2026-09-14","","Test Solana SDK","Test Solana SDK Test SPL Token Transaction WMBon",""
"","168","Test Solana SDK Test SPL Token Transaction TIPon","","2026-09-14","passed","2026-09-14","","Test Solana SDK","Test Solana SDK Test SPL Token Transaction TIPon",""
"","171","Test Solana SDK Test SPL Token Transaction MUon","","2026-09-14","passed","2026-09-14","","Test Solana SDK","Test Solana SDK Test SPL Token Transaction MUon",""
"","1","Test TRX SDK Test Get Address returns chainCode and publicKey","","2026-09-14","passed","2026-09-14","","Test TRX SDK","Test TRX SDK Test Get Address returns chainCode and publicKey",""
"","170","Test Solana SDK Test SPL Token Transaction VNQon","","2026-09-14","passed","2026-09-14","","Test Solana SDK","Test Solana SDK Test SPL Token Transaction VNQon",""
"","172","Test Solana SDK Test SPL Token Transaction TLNon","","2026-09-14","passed","2026-09-14","","Test Solana SDK","Test Solana SDK Test SPL Token Transaction TLNon",""
"","174","Test Solana SDK Test SPL Token Transaction ACHRon","","2026-09-14","passed","2026-09-14","","Test Solana SDK","Test Solana SDK Test SPL Token Transaction ACHRon",""
"","168","Test Solana SDK Test SPL Token Transaction STLDon","","2026-09-14","passed","2026-09-14","","Test Solana SDK","Test Solana SDK Test SPL Token Transaction STLDon",""
"","75","Test Sui SDK Test Sign Smart Transaction Test Smart Transaction Failed With 0 As Gas Price","","2026-09-14","passed","2026-09-14","","Test Sui SDK","Test Sui SDK Test Sign Smart Transaction Test Smart Transaction Failed With 0 As Gas Price",""
"","175","Test Solana SDK Test SPL Token Transaction OPENon","","2026-09-14","passed","2026-09-14","","Test Solana SDK","Test Solana SDK Test SPL Token Transaction OPENon",""
"","168","Test Solana SDK Test SPL Token Transaction SOXQon","","2026-09-14","passed","2026-09-14","","Test Solana SDK","Test Solana SDK Test SPL Token Transaction SOXQon",""
"","181","Test Solana SDK Test SPL Token Transaction EURC","","2026-09-14","passed","2026-09-14","","Test Solana SDK","Test Solana SDK Test SPL Token Transaction EURC",""
"","171","Test Solana SDK Test SPL Token Transaction MRVLon","","2026-09-14","passed","2026-09-14","","Test Solana SDK","Test Solana SDK Test SPL Token Transaction MRVLon",""
"","1553","Test ADA SDK Test sign transaction StakeDelegate with token","","2026-09-14","passed","2026-09-14","","Test ADA SDK","Test ADA SDK Test sign transaction StakeDelegate with token",""
"","178","Test Solana SDK Test Create Token Account and SPL Token Transfer","","2026-09-14","passed","2026-09-14","","Test Solana SDK","Test Solana SDK Test Create Token Account and SPL Token Transfer",""
"","0","TRX signature assembly is always 65 bytes for normal r value","","2026-09-14","passed","2026-09-14","","TRX signature assembly","TRX signature assembly is always 65 bytes for normal r value",""
"","171","Test Solana SDK Test SPL Token Transaction QLTAon","","2026-09-14","passed","2026-09-14","","Test Solana SDK","Test Solana SDK Test SPL Token Transaction QLTAon",""
"","951","Test ADA SDK Test sign transaction Transfer without token","","2026-09-14","passed","2026-09-14","","Test ADA SDK","Test ADA SDK Test sign transaction Transfer without token",""
"","1","Test scriptUtil.getXXXArguments function getCreateAndTransferSplTokenArguments","","2026-09-14","passed","2026-09-14","","Test scriptUtil.getXXXArguments function","Test scriptUtil.getXXXArguments function getCreateAndTransferSplTokenArguments",""
"","171","Test Solana SDK Test SPL Token Transaction PURRon","","2026-09-14","passed","2026-09-14","","Test Solana SDK","Test Solana SDK Test SPL Token Transaction PURRon",""
"","1551","Test ADA SDK Test sign transaction StakeRegisterAndDelegate with token","","2026-09-14","passed","2026-09-14","","Test ADA SDK","Test ADA SDK Test sign transaction StakeRegisterAndDelegate with token",""
"","170","Test Solana SDK Test SPL Token Transaction UCTTon","","2026-09-14","passed","2026-09-14","","Test Solana SDK","Test Solana SDK Test SPL Token Transaction UCTTon",""
"","224","Test Solana SDK Test Normal Transfer","","2026-09-14","passed","2026-09-14","","Test Solana SDK","Test Solana SDK Test Normal Transfer",""
"","101","Test XRP SDK Test sign message sign Hello XRP","","2026-09-14","passed","2026-09-14","","Test XRP SDK","Test XRP SDK Test sign message sign Hello XRP",""
"","171","Test Solana SDK Test SPL Token Transaction IEIon","","2026-09-14","passed","2026-09-14","","Test Solana SDK","Test Solana SDK Test SPL Token Transaction IEIon",""
"","98","Test Sui SDK Test Get Address Test retrieving the address at index 0.","","2026-09-14","passed","2026-09-14","","Test Sui SDK","Test Sui SDK Test Get Address Test retrieving the address at index 0.",""
"","175","Test Solana SDK Test SPL Token Transaction CIENon","","2026-09-14","passed","2026-09-14","","Test Solana SDK","Test Solana SDK Test SPL Token Transaction CIENon",""
"","170","Test Solana SDK Test SPL Token Transaction LOWon","","2026-09-14","passed","2026-09-14","","Test Solana SDK","Test Solana SDK Test SPL Token Transaction LOWon",""
"","119","Test CRO SDK Sign Transfer Tx CRO test sign transaction","","2026-09-14","passed","2026-09-14","","Test CRO SDK","Test CRO SDK Sign Transfer Tx CRO test sign transaction",""
"","171","Test Solana SDK Test SPL Token Transaction ONDSon","","2026-09-14","passed","2026-09-14","","Test Solana SDK","Test Solana SDK Test SPL Token Transaction ONDSon",""
"","3","Test scriptUtil.getXXXArguments function getTransferArguments","","2026-09-14","passed","2026-09-14","","Test scriptUtil.getXXXArguments function","Test scriptUtil.getXXXArguments function getTransferArguments",""
"","360","Test DOT SDK Test DOT Transfer test transfer with address 0","","2026-09-14","passed","2026-09-14","","Test DOT SDK","Test DOT SDK Test DOT Transfer test transfer with address 0",""
"","0","Test KAS SDK Test validateInputs Test input without 0 value","","2026-09-14","passed","2026-09-14","","Test KAS SDK","Test KAS SDK Test validateInputs Test input without 0 value",""
"","171","Test Solana SDK Test SPL Token Transaction DELLon","","2026-09-14","passed","2026-09-14","","Test Solana SDK","Test Solana SDK Test SPL Token Transaction DELLon",""
"","292","Test KSM SDK Test KSM Bond bond with address 0","","2026-09-14","passed","2026-09-14","","Test DOT SDK","Test KSM SDK Test KSM Bond bond with address 0",""
"","2","Test KAS SDK Test before sign schnorr","","2026-09-14","passed","2026-09-14","","Test KAS SDK","Test KAS SDK Test before sign schnorr",""
"","0","Test Sui SDK Test Sign Token Transfer Transaction Test Token Transfer Transaction Failed With 0 As Gas Price","","2026-09-14","passed","2026-09-14","","Test Sui SDK","Test Sui SDK Test Sign Token Transfer Transaction Test Token Transfer Transaction Failed With 0 As Gas Price",""
"","175","Test Solana SDK Test SPL Token Transaction ARGTon","","2026-09-14","passed","2026-09-14","","Test Solana SDK","Test Solana SDK Test SPL Token Transaction ARGTon",""
"","94","Test ZEC SDK Test Get Address P2PKH","","2026-09-14","passed","2026-09-14","","Test ZEC SDK","Test ZEC SDK Test Get Address P2PKH",""
"","171","Test Solana SDK Test SPL Token Transaction FCXon","","2026-09-14","passed","2026-09-14","","Test Solana SDK","Test Solana SDK Test SPL Token Transaction FCXon",""
"","170","Test Solana SDK Test SPL Token Transaction HIIon","","2026-09-14","passed","2026-09-14","","Test Solana SDK","Test Solana SDK Test SPL Token Transaction HIIon",""
"","95","Test KAS SDK Test retrieving the address at index 0 of the P2PK_SCHNORR script type.","","2026-09-14","passed","2026-09-14","","Test KAS SDK","Test KAS SDK Test retrieving the address at index 0 of the P2PK_SCHNORR script type.",""
"","168","Test Solana SDK Test SPL Token Transaction WMTon","","2026-09-14","passed","2026-09-14","","Test Solana SDK","Test Solana SDK Test SPL Token Transaction WMTon",""
"","171","Test Solana SDK Test SPL Token Transaction URAon","","2026-09-14","passed","2026-09-14","","Test Solana SDK","Test Solana SDK Test SPL Token Transaction URAon",""
"","171","Test Solana SDK Test SPL Token Transaction FLNCon","","2026-09-14","passed","2026-09-14","","Test Solana SDK","Test Solana SDK Test SPL Token Transaction FLNCon",""
"","194","Test DOGE SDK Test Sign Transfer Doge Transaction","","2026-09-14","passed","2026-09-14","","Test DOGE SDK","Test DOGE SDK Test Sign Transfer Doge Transaction",""
"","173","Test Solana SDK Test SPL Token Transaction AMEon","","2026-09-14","passed","2026-09-14","","Test Solana SDK","Test Solana SDK Test SPL Token Transaction AMEon",""
"","172","Test Solana SDK Test SPL Token Transaction HPEon","","2026-09-14","passed","2026-09-14","","Test Solana SDK","Test Solana SDK Test SPL Token Transaction HPEon",""
"","169","Test Solana SDK Test SPL Token Transaction VDEon","","2026-09-14","passed","2026-09-14","","Test Solana SDK","Test Solana SDK Test SPL Token Transaction VDEon",""
"","174","Test Solana SDK Test SPL Token Transaction AOSLon","","2026-09-14","passed","2026-09-14","","Test Solana SDK","Test Solana SDK Test SPL Token Transaction AOSLon",""
"","154","Test BCH SDK BCH signTransaction to address starts with 3 and no changes","","2026-09-14","passed","2026-09-14","","Test BCH SDK","Test BCH SDK BCH signTransaction to address starts with 3 and no changes",""
"","171","Test Solana SDK Test SPL Token Transaction DISon","","2026-09-14","passed","2026-09-14","","Test Solana SDK","Test Solana SDK Test SPL Token Transaction DISon",""
"","169","Test Solana SDK Test SPL Token Transaction VFSon","","2026-09-14","passed","2026-09-14","","Test Solana SDK","Test Solana SDK Test SPL Token Transaction VFSon",""
"","171","Test Solana SDK Test SPL Token Transaction FCELon","","2026-09-14","passed","2026-09-14","","Test Solana SDK","Test Solana SDK Test SPL Token Transaction FCELon",""
"","172","Test Solana SDK Test SPL Token Transaction MSTRon","","2026-09-14","passed","2026-09-14","","Test Solana SDK","Test Solana SDK Test SPL Token Transaction MSTRon",""
"","891","Test ADA SDK Test sign transaction TokenTransfer with ADA-only change","","2026-09-14","passed","2026-09-14","","Test ADA SDK","Test ADA SDK Test sign transaction TokenTransfer with ADA-only change",""
"","295","Test KSM SDK Test KSM BondExtra bond extra with address 0","","2026-09-14","passed","2026-09-14","","Test DOT SDK","Test KSM SDK Test KSM BondExtra bond extra with address 0",""
"","1","Test KAS SDK Test addressToOutScript with unsupported version address","","2026-09-14","passed","2026-09-14","","Test KAS SDK","Test KAS SDK Test addressToOutScript with unsupported version address",""
"","172","Test Solana SDK Test SPL Token Transaction CRWVon","","2026-09-14","passed","2026-09-14","","Test Solana SDK","Test Solana SDK Test SPL Token Transaction CRWVon",""
"","176","Test Solana SDK Test SPL Token Transaction ADIon","","2026-09-14","passed","2026-09-14","","Test Solana SDK","Test Solana SDK Test SPL Token Transaction ADIon",""
"","171","Test Solana SDK Test SPL Token Transaction MPon","","2026-09-14","passed","2026-09-14","","Test Solana SDK","Test Solana SDK Test SPL Token Transaction MPon",""
"","174","Test Solana SDK Test SPL Token Transaction FFOGon","","2026-09-14","passed","2026-09-14","","Test Solana SDK","Test Solana SDK Test SPL Token Transaction FFOGon",""
"","133","Test XTZ SDK XTZ: get address 0","","2026-09-14","passed","2026-09-14","","Test XTZ SDK","Test XTZ SDK XTZ: get address 0",""
"","170","Test Solana SDK Test SPL Token Transaction JBLon","","2026-09-14","passed","2026-09-14","","Test Solana SDK","Test Solana SDK Test SPL Token Transaction JBLon",""
"","169","Test Solana SDK Test SPL Token Transaction SOon","","2026-09-14","passed","2026-09-14","","Test Solana SDK","Test Solana SDK Test SPL Token Transaction SOon",""
"","172","Test Solana SDK Test SPL Token Transaction DNNon","","2026-09-14","passed","2026-09-14","","Test Solana SDK","Test Solana SDK Test SPL Token Transaction DNNon",""
"","175","Test Solana SDK Test SPL Token Transaction HYSon","","2026-09-14","passed","2026-09-14","","Test Solana SDK","Test Solana SDK Test SPL Token Transaction HYSon",""
"","879","Test ADA SDK Test sign transaction TokenTransfer sends official token HOSKY (verified symbol once signed, otherwise @HOSKY)","","2026-09-14","passed","2026-09-14","","Test ADA SDK","Test ADA SDK Test sign transaction TokenTransfer sends official token HOSKY (verified symbol once signed, otherwise @HOSKY)",""
"","172","Test Solana SDK Test SPL Token Transaction INROon","","2026-09-14","passed","2026-09-14","","Test Solana SDK","Test Solana SDK Test SPL Token Transaction INROon",""
"","172","Test Solana SDK Test SPL Token Transaction OIIon","","2026-09-14","passed","2026-09-14","","Test Solana SDK","Test Solana SDK Test SPL Token Transaction OIIon",""
"","171","Test Solana SDK Test SPL Token Transaction SEDGon","","2026-09-14","passed","2026-09-14","","Test Solana SDK","Test Solana SDK Test SPL Token Transaction SEDGon",""
"","171","Test Solana SDK Test SPL Token Transaction IYWon","","2026-09-14","passed","2026-09-14","","Test Solana SDK","Test Solana SDK Test SPL Token Transaction IYWon",""
"","168","Test Solana SDK Test SPL Token Transaction WCCon","","2026-09-14","passed","2026-09-14","","Test Solana SDK","Test Solana SDK Test SPL Token Transaction WCCon",""
"","184","Test Solana SDK Test SPL Token Transaction ORDER","","2026-09-14","passed","2026-09-14","","Test Solana SDK","Test Solana SDK Test SPL Token Transaction ORDER",""
"","177","Test KAS SDK Test signing a transaction with 2 outputs, where one output is 0.2 KAS with the version 1 address","","2026-09-14","passed","2026-09-14","","Test KAS SDK","Test KAS SDK Test signing a transaction with 2 outputs, where one output is 0.2 KAS with the version 1 address",""
"","172","Test Solana SDK Test SPL Token Transaction CVNAon","","2026-09-14","passed","2026-09-14","","Test Solana SDK","Test Solana SDK Test SPL Token Transaction CVNAon",""
"","168","Test Solana SDK Test SPL Token Transaction SILon","","2026-09-14","passed","2026-09-14","","Test Solana SDK","Test Solana SDK Test SPL Token Transaction SILon",""
"","174","Test Solana SDK Test SPL Token Transaction AXTIon","","2026-09-14","passed","2026-09-14","","Test Solana SDK","Test Solana SDK Test SPL Token Transaction AXTIon",""
"","169","Test Solana SDK Test SPL Token Transaction TMUSon","","2026-09-14","passed","2026-09-14","","Test Solana SDK","Test Solana SDK Test SPL Token Transaction TMUSon",""
"","1","Test KAS SDK Test validateTransaction Test transaction with max value","","2026-09-14","passed","2026-09-14","","Test KAS SDK","Test KAS SDK Test validateTransaction Test transaction with max value",""
"","879","Test ADA SDK Test sign transaction TokenTransfer blind-signs when the displayed amount reaches 1e8 (shows SMART)","","2026-09-14","passed","2026-09-14","","Test ADA SDK","Test ADA SDK Test sign transaction TokenTransfer blind-signs when the displayed amount reaches 1e8 (shows SMART)",""
"","176","Test Solana SDK Test SPL Token Transaction FXIon","","2026-09-14","passed","2026-09-14","","Test Solana SDK","Test Solana SDK Test SPL Token Transaction FXIon",""
"","173","Test Solana SDK Test SPL Token Transaction AMZNon","","2026-09-14","passed","2026-09-14","","Test Solana SDK","Test Solana SDK Test SPL Token Transaction AMZNon",""
"","309","Test DOT SDK Test DOT Bond bond with address 0","","2026-09-14","passed","2026-09-14","","Test DOT SDK","Test DOT SDK Test DOT Bond bond with address 0",""
"","340","Test ADA SDK Test sign message signMessage with stake account","","2026-09-14","passed","2026-09-14","","Test ADA SDK","Test ADA SDK Test sign message signMessage with stake account",""
"","1","Test KAS SDK Test signing 2 outputs transaction, and if the output is less than 0.2 KAS will throw an error","","2026-09-14","passed","2026-09-14","","Test KAS SDK","Test KAS SDK Test signing 2 outputs transaction, and if the output is less than 0.2 KAS will throw an error",""
"","487","Test DOT SDK Test DOT Unbond unbond with address 0","","2026-09-14","passed","2026-09-14","","Test DOT SDK","Test DOT SDK Test DOT Unbond unbond with address 0",""
"","867","Test ADA SDK Test sign transaction TokenTransfer small token amount embedded in the CBOR prefix","","2026-09-14","passed","2026-09-14","","Test ADA SDK","Test ADA SDK Test sign transaction TokenTransfer small token amount embedded in the CBOR prefix",""
"","183","Test Solana SDK Test SPL Token Transaction ABBVon","","2026-09-14","passed","2026-09-14","","Test Solana SDK","Test Solana SDK Test SPL Token Transaction ABBVon",""
"","1","Test Sui SDK Test Sign Coin Transfer Test Coin Transfer Transaction Failed With Invalid Gas Payment Object Id","","2026-09-14","passed","2026-09-14","","Test Sui SDK","Test Sui SDK Test Sign Coin Transfer Test Coin Transfer Transaction Failed With Invalid Gas Payment Object Id",""
"","170","Test Solana SDK Test SPL Token Transaction MCDon","","2026-09-14","passed","2026-09-14","","Test Solana SDK","Test Solana SDK Test SPL Token Transaction MCDon",""
"","541","Test TRX SDK Sign Transfer Tx sign for transfer 1 TRX","","2026-09-14","passed","2026-09-14","","Test TRX SDK","Test TRX SDK Sign Transfer Tx sign for transfer 1 TRX",""
"","172","Test Solana SDK Test SPL Token Transaction ORCLon","","2026-09-14","passed","2026-09-14","","Test Solana SDK","Test Solana SDK Test SPL Token Transaction ORCLon",""
"","167","Test Solana SDK Test SPL Token Transaction UAMYon","","2026-09-14","passed","2026-09-14","","Test Solana SDK","Test Solana SDK Test SPL Token Transaction UAMYon",""
"","0","Test KAS SDK Test validateInputs Test without inputs","","2026-09-14","passed","2026-09-14","","Test KAS SDK","Test KAS SDK Test validateInputs Test without inputs",""
"","174","Test Solana SDK Test SPL Token Transaction BOTon","","2026-09-14","passed","2026-09-14","","Test Solana SDK","Test Solana SDK Test SPL Token Transaction BOTon",""
"","172","Test Solana SDK Test SPL Token Transaction EQIXon","","2026-09-14","passed","2026-09-14","","Test Solana SDK","Test Solana SDK Test SPL Token Transaction EQIXon",""
"","173","Test Solana SDK Test SPL Token Transaction FNon","","2026-09-14","passed","2026-09-14","","Test Solana SDK","Test Solana SDK Test SPL Token Transaction FNon",""
"","178","Test Solana SDK Test SPL Token Transaction ABNBon","","2026-09-14","passed","2026-09-14","","Test Solana SDK","Test Solana SDK Test SPL Token Transaction ABNBon",""
"","171","Test Solana SDK Test SPL Token Transaction MRNAon","","2026-09-14","passed","2026-09-14","","Test Solana SDK","Test Solana SDK Test SPL Token Transaction MRNAon",""
"","171","Test Solana SDK Test SPL Token Transaction TELon","","2026-09-14","passed","2026-09-14","","Test Solana SDK","Test Solana SDK Test SPL Token Transaction TELon",""
"","168","Test Solana SDK Test Undelegate","","2026-09-14","passed","2026-09-14","","Test Solana SDK","Test Solana SDK Test Undelegate",""
"","0","Test scriptUtil.getXXXArguments function getSignMessageArguments","","2026-09-14","passed","2026-09-14","","Test scriptUtil.getXXXArguments function","Test scriptUtil.getXXXArguments function getSignMessageArguments",""
"","176","Test Solana SDK Test SPL Token Transaction BLKon","","2026-09-14","passed","2026-09-14","","Test Solana SDK","Test Solana SDK Test SPL Token Transaction BLKon",""
"","173","Test Solana SDK Test SPL Token Transaction CMGon","","2026-09-14","passed","2026-09-14","","Test Solana SDK","Test Solana SDK Test SPL Token Transaction CMGon",""
"","174","Test Solana SDK Test SPL Token Transaction COFon","","2026-09-14","passed","2026-09-14","","Test Solana SDK","Test Solana SDK Test SPL Token Transaction COFon",""
"","173","Test Solana SDK Test SPL Token Transaction COSTon","","2026-09-14","passed","2026-09-14","","Test Solana SDK","Test Solana SDK Test SPL Token Transaction COSTon",""
"","1565","Test ADA SDK Test sign transaction Abstain with token","","2026-09-14","passed","2026-09-14","","Test ADA SDK","Test ADA SDK Test sign transaction Abstain with token",""
"","77","Test Sui SDK Test Sign Smart Transaction Test Smart Transaction Failed With Empty Gas Payment","","2026-09-14","passed","2026-09-14","","Test Sui SDK","Test Sui SDK Test Sign Smart Transaction Test Smart Transaction Failed With Empty Gas Payment",""
"","168","Test Solana SDK Test SPL Token Transaction USARon","","2026-09-14","passed","2026-09-14","","Test Solana SDK","Test Solana SDK Test SPL Token Transaction USARon",""
"","0","assertTokenTransferSupported accepts decimals at the on-card upper bound (20)","","2026-09-14","passed","2026-09-14","","getTokenInfoArgument: official token payloads","assertTokenTransferSupported accepts decimals at the on-card upper bound (20)",""
"","113","Test XTZ SDK XTZ: sign reveal","","2026-09-14","passed","2026-09-14","","Test XTZ SDK","Test XTZ SDK XTZ: sign reveal",""
"","1","Test Sui SDK Test Sign Coin Transfer Test Coin Transfer Transaction Failed With 0 As Gas Budget","","2026-09-14","passed","2026-09-14","","Test Sui SDK","Test Sui SDK Test Sign Coin Transfer Test Coin Transfer Transaction Failed With 0 As Gas Budget",""
"","1577","Test ADA SDK Test sign transaction StakeWithdraw with token","","2026-09-14","passed","2026-09-14","","Test ADA SDK","Test ADA SDK Test sign transaction StakeWithdraw with token",""
"","1","assertTokenTransferSupported rejects a policyId that is not 28 bytes hex","","2026-09-14","passed","2026-09-14","","getTokenInfoArgument: official token payloads","assertTokenTransferSupported rejects a policyId that is not 28 bytes hex",""
"","419","Test Sui SDK Test Sign Token Transfer Transaction Test Token Transfer Transaction Success With 100000000 USDC","","2026-09-14","passed","2026-09-14","","Test Sui SDK","Test Sui SDK Test Sign Token Transfer Transaction Test Token Transfer Transaction Success With 100000000 USDC",""
"","169","Test Solana SDK Test SPL Token Transaction QTUMon","","2026-09-14","passed","2026-09-14","","Test Solana SDK","Test Solana SDK Test SPL Token Transaction QTUMon",""
"","171","Test Solana SDK Test SPL Token Transaction SCCOon","","2026-09-14","passed","2026-09-14","","Test Solana SDK","Test Solana SDK Test SPL Token Transaction SCCOon",""
"","176","Test Solana SDK Test SPL Token Transaction APPon","","2026-09-14","passed","2026-09-14","","Test Solana SDK","Test Solana SDK Test SPL Token Transaction APPon",""
"","171","Test Solana SDK Test SPL Token Transaction USFRon","","2026-09-14","passed","2026-09-14","","Test Solana SDK","Test Solana SDK Test SPL Token Transaction USFRon",""
"","171","Test Solana SDK Test SPL Token Transaction BZon","","2026-09-14","passed","2026-09-14","","Test Solana SDK","Test Solana SDK Test SPL Token Transaction BZon",""
"","1","Test Sui SDK Test Sign Coin Transfer Test Coin Transfer Transaction Failed With Invalid String As Gas Price","","2026-09-14","passed","2026-09-14","","Test Sui SDK","Test Sui SDK Test Sign Coin Transfer Test Coin Transfer Transaction Failed With Invalid String As Gas Price",""
"","172","Test Solana SDK Test SPL Token Transaction GRABon","","2026-09-14","passed","2026-09-14","","Test Solana SDK","Test Solana SDK Test SPL Token Transaction GRABon",""
"","170","Test Solana SDK Test SPL Token Transaction POWIon","","2026-09-14","passed","2026-09-14","","Test Solana SDK","Test Solana SDK Test SPL Token Transaction POWIon",""
"","1","assertTokenTransferSupported rejects a token amount above uint64 max (2^64)","","2026-09-14","passed","2026-09-14","","getTokenInfoArgument: official token payloads","assertTokenTransferSupported rejects a token amount above uint64 max (2^64)",""
"","173","Test Solana SDK Test SPL Token Transaction FLEXon","","2026-09-14","passed","2026-09-14","","Test Solana SDK","Test Solana SDK Test SPL Token Transaction FLEXon",""
"","170","Test Solana SDK Test SPL Token Transaction EWJon","","2026-09-14","passed","2026-09-14","","Test Solana SDK","Test Solana SDK Test SPL Token Transaction EWJon",""
"","1","Test scriptUtil.getXXXArguments function getDelegateAndCreateAccountArguments with base58 hex","","2026-09-14","passed","2026-09-14","","Test scriptUtil.getXXXArguments function","Test scriptUtil.getXXXArguments function getDelegateAndCreateAccountArguments with base58 hex",""
"","168","Test Solana SDK Test SPL Token Transaction VSTon","","2026-09-14","passed","2026-09-14","","Test Solana SDK","Test Solana SDK Test SPL Token Transaction VSTon",""
"","172","Test Solana SDK Test SPL Token Transaction TCOMon","","2026-09-14","passed","2026-09-14","","Test Solana SDK","Test Solana SDK Test SPL Token Transaction TCOMon",""
"","116","Test XRP SDK Test Transfer XRP transfer with address 0","","2026-09-14","passed","2026-09-14","","Test XRP SDK","Test XRP SDK Test Transfer XRP transfer with address 0",""
"","304","Test DOT SDK Test DOT Nominate nominate with address 0 and single hash","","2026-09-14","passed","2026-09-14","","Test DOT SDK","Test DOT SDK Test DOT Nominate nominate with address 0 and single hash",""
"","0","genCROSigFromSESig signature is always 64 bytes when s has a leading-zero byte","","2026-09-14","passed","2026-09-14","","genCROSigFromSESig","genCROSigFromSESig signature is always 64 bytes when s has a leading-zero byte",""
"","171","Test Solana SDK Test SPL Token Transaction MEIon","","2026-09-14","passed","2026-09-14","","Test Solana SDK","Test Solana SDK Test SPL Token Transaction MEIon",""
"","177","Test Solana SDK Test SPL Token Transaction ACMRon","","2026-09-14","passed","2026-09-14","","Test Solana SDK","Test Solana SDK Test SPL Token Transaction ACMRon",""
"","1","Test KAS SDK Test addressToOutScript with script P2SH address","","2026-09-14","passed","2026-09-14","","Test KAS SDK","Test KAS SDK Test addressToOutScript with script P2SH address",""
"","2","buildMultiAssetCbor canonical ordering produces the same bytes regardless of input order (canonicalizes)","","2026-09-14","passed","2026-09-14","","buildMultiAssetCbor canonical ordering","buildMultiAssetCbor canonical ordering produces the same bytes regardless of input order (canonicalizes)",""
"","172","Test Solana SDK Test SPL Token Transaction NFLXon","","2026-09-14","passed","2026-09-14","","Test Solana SDK","Test Solana SDK Test SPL Token Transaction NFLXon",""
"","172","Test Solana SDK Test SPL Token Transaction ONTOon","","2026-09-14","passed","2026-09-14","","Test Solana SDK","Test Solana SDK Test SPL Token Transaction ONTOon",""
"","171","Test Solana SDK Test SPL Token Transaction IWFon","","2026-09-14","passed","2026-09-14","","Test Solana SDK","Test Solana SDK Test SPL Token Transaction IWFon",""
"","180","Test Solana SDK Test Create Token Account and SPL Token Transfer With Compute Budget","","2026-09-14","passed","2026-09-14","","Test Solana SDK","Test Solana SDK Test Create Token Account and SPL Token Transfer With Compute Budget",""
"","169","Test Solana SDK Test SPL Token Transaction SHYon","","2026-09-14","passed","2026-09-14","","Test Solana SDK","Test Solana SDK Test SPL Token Transaction SHYon",""
"","101","Test XLM SDK Test KAG CoinType Test Sign Transfer KAG Transaction for protocol BIP44","","2026-09-14","passed","2026-09-14","","Test XLM SDK","Test XLM SDK Test KAG CoinType Test Sign Transfer KAG Transaction for protocol BIP44",""
"","1","isBase58Format rejects a 64-char hex pubkey that happens to contain no ""0"" (CW-29159)","","2026-09-14","passed","2026-09-14","","isBase58Format","isBase58Format rejects a 64-char hex pubkey that happens to contain no ""0"" (CW-29159)",""
"","341","Test ADA SDK Test sign message signMessage with addressIndex 0","","2026-09-14","passed","2026-09-14","","Test ADA SDK","Test ADA SDK Test sign message signMessage with addressIndex 0",""
"","178","Test Solana SDK Test SPL Token Transaction MARAon","","2026-09-14","passed","2026-09-14","","Test Solana SDK","Test Solana SDK Test SPL Token Transaction MARAon",""
"","906","Test ADA SDK Test sign transaction TokenTransfer empty asset name","","2026-09-14","passed","2026-09-14","","Test ADA SDK","Test ADA SDK Test sign transaction TokenTransfer empty asset name",""
"","175","Test Solana SDK Test SPL Token Transaction AMDon","","2026-09-14","passed","2026-09-14","","Test Solana SDK","Test Solana SDK Test SPL Token Transaction AMDon",""
"","171","Test Solana SDK Test SPL Token Transaction IONQon","","2026-09-14","passed","2026-09-14","","Test Solana SDK","Test Solana SDK Test SPL Token Transaction IONQon",""
"","171","Test Solana SDK Test SPL Token Transaction INODon","","2026-09-14","passed","2026-09-14","","Test Solana SDK","Test Solana SDK Test SPL Token Transaction INODon",""
"","173","Test Solana SDK Test SPL Token Transaction FUTUon","","2026-09-14","passed","2026-09-14","","Test Solana SDK","Test Solana SDK Test SPL Token Transaction FUTUon",""
"","178","Test Solana SDK Test SPL Token Transaction HYGon","","2026-09-14","passed","2026-09-14","","Test Solana SDK","Test Solana SDK Test SPL Token Transaction HYGon",""
"","174","Test Solana SDK Test SPL Token Transaction INTUon","","2026-09-14","passed","2026-09-14","","Test Solana SDK","Test Solana SDK Test SPL Token Transaction INTUon",""
"","173","Test Solana SDK Test SPL Token Transaction EFVon","","2026-09-14","passed","2026-09-14","","Test Solana SDK","Test Solana SDK Test SPL Token Transaction EFVon",""
"","0","Test KAS SDK Test validateOutputs Test output without 0 value","","2026-09-14","passed","2026-09-14","","Test KAS SDK","Test KAS SDK Test validateOutputs Test output without 0 value",""
"","1","Test Sui SDK Test Sign Token Transfer Transaction Test Token Transfer Transaction Failed With Empty String As Gas Budget","","2026-09-14","passed","2026-09-14","","Test Sui SDK","Test Sui SDK Test Sign Token Transfer Transaction Test Token Transfer Transaction Failed With Empty String As Gas Budget",""
"","1","assertTokenTransferSupported rejects an empty symbol (the card symbol-length slot is 1..7)","","2026-09-14","passed","2026-09-14","","getTokenInfoArgument: official token payloads","assertTokenTransferSupported rejects an empty symbol (the card symbol-length slot is 1..7)",""
"","173","Test Solana SDK Test SPL Token Transaction HDon","","2026-09-14","passed","2026-09-14","","Test Solana SDK","Test Solana SDK Test SPL Token Transaction HDon",""
"","171","Test Solana SDK Test SPL Token Transaction TSMon","","2026-09-14","passed","2026-09-14","","Test Solana SDK","Test Solana SDK Test SPL Token Transaction TSMon",""
"","0","assertTokenTransferSupported rejects an assetName longer than 32 bytes","","2026-09-14","passed","2026-09-14","","getTokenInfoArgument: official token payloads","assertTokenTransferSupported rejects an assetName longer than 32 bytes",""
"","171","Test Solana SDK Test SPL Token Transaction LMTon","","2026-09-14","passed","2026-09-14","","Test Solana SDK","Test Solana SDK Test SPL Token Transaction LMTon",""
"","168","Test Solana SDK Test SPL Token Transaction VTIon","","2026-09-14","passed","2026-09-14","","Test Solana SDK","Test Solana SDK Test SPL Token Transaction VTIon",""
"","312","Test ICX SDK sign tx: from address starts with 0","","2026-09-14","passed","2026-09-14","","Test ICX SDK","Test ICX SDK sign tx: from address starts with 0",""
"","27","Test TRX SDK Test Get Address returns address from address publicKey","","2026-09-14","passed","2026-09-14","","Test TRX SDK","Test TRX SDK Test Get Address returns address from address publicKey",""
"","168","Test Solana SDK Test SPL Token Transaction URNMon","","2026-09-14","passed","2026-09-14","","Test Solana SDK","Test Solana SDK Test SPL Token Transaction URNMon",""
"","170","Test Solana SDK Test SPL Token Transaction METAon","","2026-09-14","passed","2026-09-14","","Test Solana SDK","Test Solana SDK Test SPL Token Transaction METAon",""
"","168","Test Solana SDK Test SPL Token Transaction VCXon","","2026-09-14","passed","2026-09-14","","Test Solana SDK","Test Solana SDK Test SPL Token Transaction VCXon",""
"","169","Test Solana SDK Test SPL Token Transaction UECon","","2026-09-14","passed","2026-09-14","","Test Solana SDK","Test Solana SDK Test SPL Token Transaction UECon",""
"","168","Test Solana SDK Test SPL Token Transaction REGNon","","2026-09-14","passed","2026-09-14","","Test Solana SDK","Test Solana SDK Test SPL Token Transaction REGNon",""
"","909","Test ADA SDK Test sign transaction TokenTransfer sends official token STRIKE (verified symbol once signed, otherwise @STRIKE)","","2026-09-14","passed","2026-09-14","","Test ADA SDK","Test ADA SDK Test sign transaction TokenTransfer sends official token STRIKE (verified symbol once signed, otherwise @STRIKE)",""
"","170","Test Solana SDK Test SPL Token Transaction SYSBon","","2026-09-14","passed","2026-09-14","","Test Solana SDK","Test Solana SDK Test SPL Token Transaction SYSBon",""
"","188","Test Solana SDK Test SPL Token Transaction CVXon","","2026-09-14","passed","2026-09-14","","Test Solana SDK","Test Solana SDK Test SPL Token Transaction CVXon",""
"","167","Test Solana SDK Test Normal Transfer With SignTransferTransaction","","2026-09-14","passed","2026-09-14","","Test Solana SDK","Test Solana SDK Test Normal Transfer With SignTransferTransaction",""
"","171","Test Solana SDK Test SPL Token Transaction EFAon","","2026-09-14","passed","2026-09-14","","Test Solana SDK","Test Solana SDK Test SPL Token Transaction EFAon",""
"","170","Test Solana SDK Test SPL Token Transaction RIOTon","","2026-09-14","passed","2026-09-14","","Test Solana SDK","Test Solana SDK Test SPL Token Transaction RIOTon",""
"","297","Test DOT SDK Test DOT BondExtra bond extra with address 0","","2026-09-14","passed","2026-09-14","","Test DOT SDK","Test DOT SDK Test DOT BondExtra bond extra with address 0",""
"","168","Test Solana SDK Test SPL Token Transaction NOCon","","2026-09-14","passed","2026-09-14","","Test Solana SDK","Test Solana SDK Test SPL Token Transaction NOCon",""
"","176","Test Solana SDK Test SPL Token Transaction BINCon","","2026-09-14","passed","2026-09-14","","Test Solana SDK","Test Solana SDK Test SPL Token Transaction BINCon",""
"","172","Test Solana SDK Test SPL Token Transaction LITon","","2026-09-14","passed","2026-09-14","","Test Solana SDK","Test Solana SDK Test SPL Token Transaction LITon",""
"","185","Test Solana SDK Test SPL Token Transaction LINK","","2026-09-14","passed","2026-09-14","","Test Solana SDK","Test Solana SDK Test SPL Token Transaction LINK",""
"","174","Test Solana SDK Test SPL Token Transaction BAon","","2026-09-14","passed","2026-09-14","","Test Solana SDK","Test Solana SDK Test SPL Token Transaction BAon",""
"","169","Test Solana SDK Test SPL Token Transaction WLKon","","2026-09-14","passed","2026-09-14","","Test Solana SDK","Test Solana SDK Test SPL Token Transaction WLKon",""
"","2","addressToOutScript P2PKH: L-prefix address → scriptType P2PKH with 20-byte hash","","2026-09-14","passed","2026-09-14","","addressToOutScript","addressToOutScript P2PKH: L-prefix address → scriptType P2PKH with 20-byte hash",""
"","170","Test Solana SDK Test SPL Token Transaction FIGon","","2026-09-14","passed","2026-09-14","","Test Solana SDK","Test Solana SDK Test SPL Token Transaction FIGon",""
"","173","Test Solana SDK Test SPL Token Transaction BTDRon","","2026-09-14","passed","2026-09-14","","Test Solana SDK","Test Solana SDK Test SPL Token Transaction BTDRon",""
"","175","Test Solana SDK Test SPL Token Transaction HLITon","","2026-09-14","passed","2026-09-14","","Test Solana SDK","Test Solana SDK Test SPL Token Transaction HLITon",""
"","175","Test Solana SDK Test SPL Token Transaction ENLVon","","2026-09-14","passed","2026-09-14","","Test Solana SDK","Test Solana SDK Test SPL Token Transaction ENLVon",""
"","172","Test Solana SDK Test SPL Token Transaction CSCOon","","2026-09-14","passed","2026-09-14","","Test Solana SDK","Test Solana SDK Test SPL Token Transaction CSCOon",""
"","172","Test Solana SDK Test SPL Token Transaction IDEFon","","2026-09-14","passed","2026-09-14","","Test Solana SDK","Test Solana SDK Test SPL Token Transaction IDEFon",""
"","465","Test BSC SDK Test Get Address index 0 address","","2026-09-14","passed","2026-09-14","","Test BSC SDK","Test BSC SDK Test Get Address index 0 address",""
"","177","Test Solana SDK Test SPL Token Transaction NATon","","2026-09-14","passed","2026-09-14","","Test Solana SDK","Test Solana SDK Test SPL Token Transaction NATon",""
"","176","Test Solana SDK Test SPL Token Transaction FIGRon","","2026-09-14","passed","2026-09-14","","Test Solana SDK","Test Solana SDK Test SPL Token Transaction FIGRon",""
"","172","Test Solana SDK Test SPL Token Transaction HUTon","","2026-09-14","passed","2026-09-14","","Test Solana SDK","Test Solana SDK Test SPL Token Transaction HUTon",""
"","172","Test Solana SDK Test SPL Token Transaction CBRSon","","2026-09-14","passed","2026-09-14","","Test Solana SDK","Test Solana SDK Test SPL Token Transaction CBRSon",""
"","173","Test Solana SDK Test SPL Token Transaction HIMSon","","2026-09-14","passed","2026-09-14","","Test Solana SDK","Test Solana SDK Test SPL Token Transaction HIMSon",""
"","172","Test Solana SDK Test SPL Token Transaction GFSon","","2026-09-14","passed","2026-09-14","","Test Solana SDK","Test Solana SDK Test SPL Token Transaction GFSon",""
"","175","Test Solana SDK Test SPL Token Transaction BWETon","","2026-09-14","passed","2026-09-14","","Test Solana SDK","Test Solana SDK Test SPL Token Transaction BWETon",""
"","0","Test Sui SDK Test Sign Coin Transfer Test Coin Transfer Transaction Failed With 0 As Gas Price","","2026-09-14","passed","2026-09-14","","Test Sui SDK","Test Sui SDK Test Sign Coin Transfer Test Coin Transfer Transaction Failed With 0 As Gas Price",""
"","172","Test Solana SDK Test SPL Token Transaction ECHon","","2026-09-14","passed","2026-09-14","","Test Solana SDK","Test Solana SDK Test SPL Token Transaction ECHon",""
"","75","Test Sui SDK Test Sign Smart Transaction Test Smart Transaction Failed With 0 As Gas Budget","","2026-09-14","passed","2026-09-14","","Test Sui SDK","Test Sui SDK Test Sign Smart Transaction Test Smart Transaction Failed With 0 As Gas Budget",""
"","381","Test BSC SDK Test Sign Typed Data","","2026-09-14","passed","2026-09-14","","Test BSC SDK","Test BSC SDK Test Sign Typed Data",""
"","170","Test Solana SDK Test SPL Token Transaction TERon","","2026-09-14","passed","2026-09-14","","Test Solana SDK","Test Solana SDK Test SPL Token Transaction TERon",""
"","108","Test Solana SDK Test Get Address","","2026-09-14","passed","2026-09-14","","Test Solana SDK","Test Solana SDK Test Get Address",""
"","0","genCROSigFromSESig signature is always 64 bytes when both r and s have leading-zero bytes","","2026-09-14","passed","2026-09-14","","genCROSigFromSESig","genCROSigFromSESig signature is always 64 bytes when both r and s have leading-zero bytes",""
"","0","getTokenInfoArgument: official token payloads MIN: stored payload equals the SDK-built token-info union","","2026-09-14","passed","2026-09-14","","getTokenInfoArgument: official token payloads","getTokenInfoArgument: official token payloads MIN: stored payload equals the SDK-built token-info union",""
"","177","Test Solana SDK Test SPL Token Transaction TSLAon","","2026-09-14","passed","2026-09-14","","Test Solana SDK","Test Solana SDK Test SPL Token Transaction TSLAon",""
"","173","Test Solana SDK Test SPL Token Transaction NVTon","","2026-09-14","passed","2026-09-14","","Test Solana SDK","Test Solana SDK Test SPL Token Transaction NVTon",""
"","170","Test Solana SDK Test SPL Token Transaction CAMTon","","2026-09-14","passed","2026-09-14","","Test Solana SDK","Test Solana SDK Test SPL Token Transaction CAMTon",""
"","172","Test Solana SDK Test SPL Token Transaction SOXSon","","2026-09-14","passed","2026-09-14","","Test Solana SDK","Test Solana SDK Test SPL Token Transaction SOXSon",""
"","172","Test Solana SDK Test SPL Token Transaction PSQon","","2026-09-14","passed","2026-09-14","","Test Solana SDK","Test Solana SDK Test SPL Token Transaction PSQon",""
"","166","Test Solana SDK Test SPL Token Transaction UNPon","","2026-09-14","passed","2026-09-14","","Test Solana SDK","Test Solana SDK Test SPL Token Transaction UNPon",""
"","171","Test Solana SDK Test SPL Token Transaction BACon","","2026-09-14","passed","2026-09-14","","Test Solana SDK","Test Solana SDK Test SPL Token Transaction BACon",""
"","173","Test Solana SDK Test SPL Token Transaction IJSon","","2026-09-14","passed","2026-09-14","","Test Solana SDK","Test Solana SDK Test SPL Token Transaction IJSon",""
"","1556","Test ADA SDK Test sign transaction Abstain without token","","2026-09-14","passed","2026-09-14","","Test ADA SDK","Test ADA SDK Test sign transaction Abstain without token",""
"","172","Test Solana SDK Test SPL Token Transaction LEMBon","","2026-09-14","passed","2026-09-14","","Test Solana SDK","Test Solana SDK Test SPL Token Transaction LEMBon",""
"","0","getTokenInfoArgument: official token payloads NIGHT: stored payload equals the SDK-built token-info union","","2026-09-14","passed","2026-09-14","","getTokenInfoArgument: official token payloads","getTokenInfoArgument: official token payloads NIGHT: stored payload equals the SDK-built token-info union",""
"","174","Test Solana SDK Test SPL Token Transaction COINon","","2026-09-14","passed","2026-09-14","","Test Solana SDK","Test Solana SDK Test SPL Token Transaction COINon",""
"","0","assertTokenTransferSupported accepts a large token amount passed as a string (up to uint64)","","2026-09-14","passed","2026-09-14","","getTokenInfoArgument: official token payloads","assertTokenTransferSupported accepts a large token amount passed as a string (up to uint64)",""
"","169","Test Solana SDK Test SPL Token Transaction TNKon","","2026-09-14","passed","2026-09-14","","Test Solana SDK","Test Solana SDK Test SPL Token Transaction TNKon",""
"","169","Test Solana SDK Test SPL Token Transaction NVDAon","","2026-09-14","passed","2026-09-14","","Test Solana SDK","Test Solana SDK Test SPL Token Transaction NVDAon",""
"","0","getTokenInfoArgument: official token payloads HOSKY: stored payload equals the SDK-built token-info union","","2026-09-14","passed","2026-09-14","","getTokenInfoArgument: official token payloads","getTokenInfoArgument: official token payloads HOSKY: stored payload equals the SDK-built token-info union",""
"","1","isBase58Format rejects empty or undefined input","","2026-09-14","passed","2026-09-14","","isBase58Format","isBase58Format rejects empty or undefined input",""
"","106","Test XLM SDK Test KAU CoinType Test Sign Transfer KAG Transaction for protocol SLIP0010","","2026-09-14","passed","2026-09-14","","Test XLM SDK","Test XLM SDK Test KAU CoinType Test Sign Transfer KAG Transaction for protocol SLIP0010",""
"","171","Test Solana SDK Test SPL Token Transaction GEVon","","2026-09-14","passed","2026-09-14","","Test Solana SDK","Test Solana SDK Test SPL Token Transaction GEVon",""
"","114","Test CRO SDK Test Get Address CRO test get address 0","","2026-09-14","passed","2026-09-14","","Test CRO SDK","Test CRO SDK Test Get Address CRO test get address 0",""
"","170","Test Solana SDK Test SPL Token Transaction KLACon","","2026-09-14","passed","2026-09-14","","Test Solana SDK","Test Solana SDK Test SPL Token Transaction KLACon",""
"","0","Test KAS SDK Test validateAmountCanDisplayOnProCard Test normal transfer amount","","2026-09-14","passed","2026-09-14","","Test KAS SDK","Test KAS SDK Test validateAmountCanDisplayOnProCard Test normal transfer amount",""
"","175","Test Solana SDK Test SPL Token Transaction MKSIon","","2026-09-14","passed","2026-09-14","","Test Solana SDK","Test Solana SDK Test SPL Token Transaction MKSIon",""
"","173","Test Solana SDK Test SPL Token Transaction CORZon","","2026-09-14","passed","2026-09-14","","Test Solana SDK","Test Solana SDK Test SPL Token Transaction CORZon",""
"","1","Test KAS SDK Test validateDustThreshold with 600 dust Test normal transfer amount","","2026-09-14","passed","2026-09-14","","Test KAS SDK","Test KAS SDK Test validateDustThreshold with 600 dust Test normal transfer amount",""
"","12","addressToOutScript unsupported address → throws","","2026-09-14","passed","2026-09-14","","addressToOutScript","addressToOutScript unsupported address → throws",""
"","175","Test Solana SDK Test SPL Token Transaction AMATon","","2026-09-14","passed","2026-09-14","","Test Solana SDK","Test Solana SDK Test SPL Token Transaction AMATon",""
"","174","Test Solana SDK Test SPL Token Transaction FSOLon","","2026-09-14","passed","2026-09-14","","Test Solana SDK","Test Solana SDK Test SPL Token Transaction FSOLon",""
"","1","TRX signature assembly is always 65 bytes when r has a leading-zero byte","","2026-09-14","passed","2026-09-14","","TRX signature assembly","TRX signature assembly is always 65 bytes when r has a leading-zero byte",""
"","170","Test Solana SDK Test SPL Token Transaction KOPNon","","2026-09-14","passed","2026-09-14","","Test Solana SDK","Test Solana SDK Test SPL Token Transaction KOPNon",""
"","169","Test Solana SDK Test SPL Token Transaction PGon","","2026-09-14","passed","2026-09-14","","Test Solana SDK","Test Solana SDK Test SPL Token Transaction PGon",""
"","106","Test XRP SDK Test IOU Transfer RLUSD iou transfer with RLUSD token and amount 0","","2026-09-14","passed","2026-09-14","","Test XRP SDK","Test XRP SDK Test IOU Transfer RLUSD iou transfer with RLUSD token and amount 0",""
"","174","Test Solana SDK Test SPL Token Transaction DRSon","","2026-09-14","passed","2026-09-14","","Test Solana SDK","Test Solana SDK Test SPL Token Transaction DRSon",""
"","171","Test Solana SDK Test SPL Token Transaction FTGCon","","2026-09-14","passed","2026-09-14","","Test Solana SDK","Test Solana SDK Test SPL Token Transaction FTGCon",""
"","1","Test KAS SDK Test validateInputs Test input without tx id","","2026-09-14","passed","2026-09-14","","Test KAS SDK","Test KAS SDK Test validateInputs Test input without tx id",""
"","181","Test Solana SDK Test SPL Token Transaction MXLon","","2026-09-14","passed","2026-09-14","","Test Solana SDK","Test Solana SDK Test SPL Token Transaction MXLon",""
"","171","Test Solana SDK Test SPL Token Transaction SOUNon","","2026-09-14","passed","2026-09-14","","Test Solana SDK","Test Solana SDK Test SPL Token Transaction SOUNon",""
"","169","Test Solana SDK Test SPL Token Transaction SBUXon","","2026-09-14","passed","2026-09-14","","Test Solana SDK","Test Solana SDK Test SPL Token Transaction SBUXon",""
"","0","isBase58Format rejects a base58-charset string that decodes to more than 32 bytes","","2026-09-14","passed","2026-09-14","","isBase58Format","isBase58Format rejects a base58-charset string that decodes to more than 32 bytes",""
"","172","Test Solana SDK Test SPL Token Transaction BLCRon","","2026-09-14","passed","2026-09-14","","Test Solana SDK","Test Solana SDK Test SPL Token Transaction BLCRon",""
"","111","Test XRP SDK Test Transfer XRP with new script transfer with memo","","2026-09-14","passed","2026-09-14","","Test XRP SDK","Test XRP SDK Test Transfer XRP with new script transfer with memo",""
"","169","Test Solana SDK Test SPL Token Transaction QQQon","","2026-09-14","passed","2026-09-14","","Test Solana SDK","Test Solana SDK Test SPL Token Transaction QQQon",""
"","173","Test Solana SDK Test SPL Token Transaction IGEBon","","2026-09-14","passed","2026-09-14","","Test Solana SDK","Test Solana SDK Test SPL Token Transaction IGEBon",""
"","4","Test scriptUtil.getXXXArguments function getSplTokenTransferArguments","","2026-09-14","passed","2026-09-14","","Test scriptUtil.getXXXArguments function","Test scriptUtil.getXXXArguments function getSplTokenTransferArguments",""
"","174","Test Solana SDK Test SPL Token Transaction CCJon","","2026-09-14","passed","2026-09-14","","Test Solana SDK","Test Solana SDK Test SPL Token Transaction CCJon",""
"","505","Test DOT SDK Test DOT Transfer transfer with address 0 and metadatahash","","2026-09-14","passed","2026-09-14","","Test DOT SDK","Test DOT SDK Test DOT Transfer transfer with address 0 and metadatahash",""
"","0","encodeOutputValue wraps [coin, multiasset] when assets are present","","2026-09-14","passed","2026-09-14","","buildMultiAssetCbor canonical ordering","encodeOutputValue wraps [coin, multiasset] when assets are present",""
"","172","Test Solana SDK Test SPL Token Transaction LITEon","","2026-09-14","passed","2026-09-14","","Test Solana SDK","Test Solana SDK Test SPL Token Transaction LITEon",""
"","173","Test Solana SDK Test SPL Token Transaction GLWon","","2026-09-14","passed","2026-09-14","","Test Solana SDK","Test Solana SDK Test SPL Token Transaction GLWon",""
"","172","Test Solana SDK Test SPL Token Transaction IEFAon","","2026-09-14","passed","2026-09-14","","Test Solana SDK","Test Solana SDK Test SPL Token Transaction IEFAon",""
"","1","Test KAS SDK Test addressToOutScript with P2PK_SCHNORR script address","","2026-09-14","passed","2026-09-14","","Test KAS SDK","Test KAS SDK Test addressToOutScript with P2PK_SCHNORR script address",""
"","171","Test Solana SDK Test SPL Token Transaction HSAIon","","2026-09-14","passed","2026-09-14","","Test Solana SDK","Test Solana SDK Test SPL Token Transaction HSAIon",""
"","304","Test KSM SDK Test KSM Withdraw withdraw with address 0","","2026-09-14","passed","2026-09-14","","Test DOT SDK","Test KSM SDK Test KSM Withdraw withdraw with address 0",""
"","192","Test Solana SDK Test SPL Token Transaction AXPon","","2026-09-14","passed","2026-09-14","","Test Solana SDK","Test Solana SDK Test SPL Token Transaction AXPon",""
"","0","Test KAS SDK Test pubkeyOrScriptHashToPayment with script P2PK_SCHNORR","","2026-09-14","passed","2026-09-14","","Test KAS SDK","Test KAS SDK Test pubkeyOrScriptHashToPayment with script P2PK_SCHNORR",""
"","1","Test KAS SDK Test pubkeyOrScriptHashToPayment with script P2PK_ECDSA","","2026-09-14","passed","2026-09-14","","Test KAS SDK","Test KAS SDK Test pubkeyOrScriptHashToPayment with script P2PK_ECDSA",""
"","182","Test Solana SDK Test SPL Token Transaction SRM","","2026-09-14","passed","2026-09-14","","Test Solana SDK","Test Solana SDK Test SPL Token Transaction SRM",""
"","1","Test KAS SDK Test getAddressByPublicKey with version 1","","2026-09-14","passed","2026-09-14","","Test KAS SDK","Test KAS SDK Test getAddressByPublicKey with version 1",""
"","2","Test KAS SDK Test validateTransaction Test transaction with insufficient fee","","2026-09-14","passed","2026-09-14","","Test KAS SDK","Test KAS SDK Test validateTransaction Test transaction with insufficient fee",""
"","172","Test Solana SDK Test SPL Token Transaction DRAMon","","2026-09-14","passed","2026-09-14","","Test Solana SDK","Test Solana SDK Test SPL Token Transaction DRAMon",""
"","168","Test Solana SDK Test SPL Token Transaction VRTon","","2026-09-14","passed","2026-09-14","","Test Solana SDK","Test Solana SDK Test SPL Token Transaction VRTon",""
"","0","Test Sui SDK Test Sign Token Transfer Transaction Test Token Transfer Transaction Failed With Invalid String As Gas Budget","","2026-09-14","passed","2026-09-14","","Test Sui SDK","Test Sui SDK Test Sign Token Transfer Transaction Test Token Transfer Transaction Failed With Invalid String As Gas Budget",""
"","180","Test Solana SDK Test SPL Token Transaction ECOon","","2026-09-14","passed","2026-09-14","","Test Solana SDK","Test Solana SDK Test SPL Token Transaction ECOon",""
"","174","Test Solana SDK Test SPL Token Transaction AMCon","","2026-09-14","passed","2026-09-14","","Test Solana SDK","Test Solana SDK Test SPL Token Transaction AMCon",""
"","875","Test ADA SDK Test sign transaction TokenTransfer sends official token USDA (verified symbol once signed, otherwise @USDA)","","2026-09-14","passed","2026-09-14","","Test ADA SDK","Test ADA SDK Test sign transaction TokenTransfer sends official token USDA (verified symbol once signed, otherwise @USDA)",""
"","174","Test Solana SDK Test SPL Token Transaction IBMon","","2026-09-14","passed","2026-09-14","","Test Solana SDK","Test Solana SDK Test SPL Token Transaction IBMon",""
"","173","Test Solana SDK Test SPL Token Transaction CAPRon","","2026-09-14","passed","2026-09-14","","Test Solana SDK","Test Solana SDK Test SPL Token Transaction CAPRon",""
"","170","Test Solana SDK Test SPL Token Transaction NBISon","","2026-09-14","passed","2026-09-14","","Test Solana SDK","Test Solana SDK Test SPL Token Transaction NBISon",""
"","0","Test KAS SDK Test validateInputs Test input with invalid public key","","2026-09-14","passed","2026-09-14","","Test KAS SDK","Test KAS SDK Test validateInputs Test input with invalid public key",""
"","0","Test KAS SDK Test addressToOutScript with P2PK_ECDSA script address","","2026-09-14","passed","2026-09-14","","Test KAS SDK","Test KAS SDK Test addressToOutScript with P2PK_ECDSA script address",""
"","82","Test XLM SDK Test KAU CoinType Test Get index 0 address","","2026-09-14","passed","2026-09-14","","Test XLM SDK","Test XLM SDK Test KAU CoinType Test Get index 0 address",""
"","171","Test Solana SDK Test SPL Token Transaction DBCon","","2026-09-14","passed","2026-09-14","","Test Solana SDK","Test Solana SDK Test SPL Token Transaction DBCon",""
"","287","Test BCH SDK BCH signTransaction to address starts with 1","","2026-09-14","passed","2026-09-14","","Test BCH SDK","Test BCH SDK BCH signTransaction to address starts with 1",""
"","170","Test Solana SDK Test SPL Token Transaction IEFon","","2026-09-14","passed","2026-09-14","","Test Solana SDK","Test Solana SDK Test SPL Token Transaction IEFon",""
"","303","Test KSM SDK Test KSM Nominate nominate with address 0 and single hash","","2026-09-14","passed","2026-09-14","","Test DOT SDK","Test KSM SDK Test KSM Nominate nominate with address 0 and single hash",""
"","174","Test Solana SDK Test SPL Token Transaction SECUon","","2026-09-14","passed","2026-09-14","","Test Solana SDK","Test Solana SDK Test SPL Token Transaction SECUon",""
"","81","Test XLM SDK Test KAG CoinType Test Get index 1 address","","2026-09-14","passed","2026-09-14","","Test XLM SDK","Test XLM SDK Test KAG CoinType Test Get index 1 address",""
"","173","Test Solana SDK Test SPL Token Transaction Von","","2026-09-14","passed","2026-09-14","","Test Solana SDK","Test Solana SDK Test SPL Token Transaction Von",""
"","169","Test Solana SDK Test SPL Token Transaction SPOTon","","2026-09-14","passed","2026-09-14","","Test Solana SDK","Test Solana SDK Test SPL Token Transaction SPOTon",""
"","452","Test TRX SDK Test Get Address Address","","2026-09-14","passed","2026-09-14","","Test TRX SDK","Test TRX SDK Test Get Address Address",""
"","1","Test Sui SDK Test Sign Coin Transfer Test Coin Transfer Transaction Failed With Empty String As Gas Price","","2026-09-14","passed","2026-09-14","","Test Sui SDK","Test Sui SDK Test Sign Coin Transfer Test Coin Transfer Transaction Failed With Empty String As Gas Price",""
"","0","Test Sui SDK Test Sign Token Transfer Transaction Test Token Transfer Transaction Failed With Invalid Gas Payment Object Id","","2026-09-14","passed","2026-09-14","","Test Sui SDK","Test Sui SDK Test Sign Token Transfer Transaction Test Token Transfer Transaction Failed With Invalid Gas Payment Object Id",""
"","168","Test Solana SDK Test Staking Withdraw with Same toPubkey","","2026-09-14","passed","2026-09-14","","Test Solana SDK","Test Solana SDK Test Staking Withdraw with Same toPubkey",""
"","0","getTokenInfoArgument: official token payloads USDA: stored payload equals the SDK-built token-info union","","2026-09-14","passed","2026-09-14","","getTokenInfoArgument: official token payloads","getTokenInfoArgument: official token payloads USDA: stored payload equals the SDK-built token-info union",""
"","1","addressToOutScript P2SH_P2WPKH: M-prefix address → scriptType P2SH_P2WPKH with 20-byte hash","","2026-09-14","passed","2026-09-14","","addressToOutScript","addressToOutScript P2SH_P2WPKH: M-prefix address → scriptType P2SH_P2WPKH with 20-byte hash",""
"","175","Test Solana SDK Test SPL Token Transaction BILon","","2026-09-14","passed","2026-09-14","","Test Solana SDK","Test Solana SDK Test SPL Token Transaction BILon",""
"","0","Test Sui SDK Test Sign Token Transfer Transaction Test Token Transfer Transaction Failed With 0 As Gas Budget","","2026-09-14","passed","2026-09-14","","Test Sui SDK","Test Sui SDK Test Sign Token Transfer Transaction Test Token Transfer Transaction Failed With 0 As Gas Budget",""
"","1","assertTokenTransferSupported rejects a Byron (legacy) receiver — it cannot hold native tokens","","2026-09-14","passed","2026-09-14","","getTokenInfoArgument: official token payloads","assertTokenTransferSupported rejects a Byron (legacy) receiver — it cannot hold native tokens",""
"","173","Test Solana SDK Test SPL Token Transaction CEVAon","","2026-09-14","passed","2026-09-14","","Test Solana SDK","Test Solana SDK Test SPL Token Transaction CEVAon",""
"","172","Test Solana SDK Test SPL Token Transaction MTSIon","","2026-09-14","passed","2026-09-14","","Test Solana SDK","Test Solana SDK Test SPL Token Transaction MTSIon",""
"","173","Test Solana SDK Test SPL Token Transaction OKLOon","","2026-09-14","passed","2026-09-14","","Test Solana SDK","Test Solana SDK Test SPL Token Transaction OKLOon",""
"","1542","Test ADA SDK Test sign transaction StakeWithdraw without token","","2026-09-14","passed","2026-09-14","","Test ADA SDK","Test ADA SDK Test sign transaction StakeWithdraw without token",""
"","0","Test Sui SDK Test Sign Coin Transfer Test Coin Transfer Transaction Failed With Empty String As Gas Budget","","2026-09-14","passed","2026-09-14","","Test Sui SDK","Test Sui SDK Test Sign Coin Transfer Test Coin Transfer Transaction Failed With Empty String As Gas Budget",""
"","1","Test scriptUtil.getXXXArguments function getUndelegateArguments","","2026-09-14","passed","2026-09-14","","Test scriptUtil.getXXXArguments function","Test scriptUtil.getXXXArguments function getUndelegateArguments",""
"","2","Test KAS SDK Test getTransferArgument with v1 output address","","2026-09-14","passed","2026-09-14","","Test KAS SDK","Test KAS SDK Test getTransferArgument with v1 output address",""
"","1","genCROSigFromSESig signature is always 64 bytes when r has a leading-zero byte","","2026-09-14","passed","2026-09-14","","genCROSigFromSESig","genCROSigFromSESig signature is always 64 bytes when r has a leading-zero byte",""
"","173","Test Solana SDK Test SPL Token Transaction KWEBon","","2026-09-14","passed","2026-09-14","","Test Solana SDK","Test Solana SDK Test SPL Token Transaction KWEBon",""
"","176","Test Solana SDK Test SPL Token Transaction BOTZon","","2026-09-14","passed","2026-09-14","","Test Solana SDK","Test Solana SDK Test SPL Token Transaction BOTZon",""
"","299","Test KSM SDK Test KSM Transfer transfer with address 0","","2026-09-14","passed","2026-09-14","","Test DOT SDK","Test KSM SDK Test KSM Transfer transfer with address 0",""
"","168","Test Solana SDK Test SPL Token Transaction VRSNon","","2026-09-14","passed","2026-09-14","","Test Solana SDK","Test Solana SDK Test SPL Token Transaction VRSNon",""
"","170","Test Solana SDK Test SPL Token Transaction IWNon","","2026-09-14","passed","2026-09-14","","Test Solana SDK","Test Solana SDK Test SPL Token Transaction IWNon",""
"","104","Test XLM SDK Test XLM CoinType Test Get index 0 address","","2026-09-14","passed","2026-09-14","","Test XLM SDK","Test XLM SDK Test XLM CoinType Test Get index 0 address",""
"","106","Test XRP SDK Test Transfer XRP with new script transfer without flags and destination tag","","2026-09-14","passed","2026-09-14","","Test XRP SDK","Test XRP SDK Test Transfer XRP with new script transfer without flags and destination tag",""
"","425","Test Sui SDK Test Sign Token Transfer Transaction Test Token Transfer Transaction Success With 99999999 USDC","","2026-09-14","passed","2026-09-14","","Test Sui SDK","Test Sui SDK Test Sign Token Transfer Transaction Test Token Transfer Transaction Success With 99999999 USDC",""
"","170","Test Solana SDK Test SPL Token Transaction WDCon","","2026-09-14","passed","2026-09-14","","Test Solana SDK","Test Solana SDK Test SPL Token Transaction WDCon",""
"","178","Test Solana SDK Test SPL Token Transaction CRCLon","","2026-09-14","passed","2026-09-14","","Test Solana SDK","Test Solana SDK Test SPL Token Transaction CRCLon",""
"","180","Test Solana SDK Test SPL Token Transaction ISRGon","","2026-09-14","passed","2026-09-14","","Test Solana SDK","Test Solana SDK Test SPL Token Transaction ISRGon",""
"","171","Test Solana SDK Test SPL Token Transaction INCEon","","2026-09-14","passed","2026-09-14","","Test Solana SDK","Test Solana SDK Test SPL Token Transaction INCEon",""
"","172","Test Solana SDK Test SPL Token Transaction ATKRon","","2026-09-14","passed","2026-09-14","","Test Solana SDK","Test Solana SDK Test SPL Token Transaction ATKRon",""
"","104","Test XRP SDK Test Trust Set RLUSD trust set with RLUSD token","","2026-09-14","passed","2026-09-14","","Test XRP SDK","Test XRP SDK Test Trust Set RLUSD trust set with RLUSD token",""
"","1","Test scriptUtil.getXXXArguments function getWithdrawArguments with compute budget","","2026-09-14","passed","2026-09-14","","Test scriptUtil.getXXXArguments function","Test scriptUtil.getXXXArguments function getWithdrawArguments with compute budget",""
"","172","Test Solana SDK Test SPL Token Transaction GSon","","2026-09-14","passed","2026-09-14","","Test Solana SDK","Test Solana SDK Test SPL Token Transaction GSon",""
"","168","Test Solana SDK Test SPL Token Transaction NEMon","","2026-09-14","passed","2026-09-14","","Test Solana SDK","Test Solana SDK Test SPL Token Transaction NEMon",""
"","174","Test Solana SDK Test SPL Token Transaction CLOAon","","2026-09-14","passed","2026-09-14","","Test Solana SDK","Test Solana SDK Test SPL Token Transaction CLOAon",""
"","173","Test Solana SDK Test SPL Token Transaction BTGOon","","2026-09-14","passed","2026-09-14","","Test Solana SDK","Test Solana SDK Test SPL Token Transaction BTGOon",""
"","169","Test Solana SDK Test SPL Token Transaction LINon","","2026-09-14","passed","2026-09-14","","Test Solana SDK","Test Solana SDK Test SPL Token Transaction LINon",""
"","298","Test DOT SDK Test DOT Chill chill with address 0","","2026-09-14","passed","2026-09-14","","Test DOT SDK","Test DOT SDK Test DOT Chill chill with address 0",""
"","918","Test ETC SDK Test transfer ETC transfer with address 0","","2026-09-14","passed","2026-09-14","","Test ETC SDK","Test ETC SDK Test transfer ETC transfer with address 0",""
"","1","Test scriptUtil.getXXXArguments function getDelegateAndCreateAccountArguments","","2026-09-14","passed","2026-09-14","","Test scriptUtil.getXXXArguments function","Test scriptUtil.getXXXArguments function getDelegateAndCreateAccountArguments",""
"","172","Test Solana SDK Test SPL Token Transaction PRIMon","","2026-09-14","passed","2026-09-14","","Test Solana SDK","Test Solana SDK Test SPL Token Transaction PRIMon",""
"","171","Test Solana SDK Test SPL Token Transaction RGTIon","","2026-09-14","passed","2026-09-14","","Test Solana SDK","Test Solana SDK Test SPL Token Transaction RGTIon",""
"","175","Test Solana SDK Test Delegate And CreateAccountWithSeed","","2026-09-14","passed","2026-09-14","","Test Solana SDK","Test Solana SDK Test Delegate And CreateAccountWithSeed",""
"","0","getTokenInfoArgument: asset name encoding encodes a 32-byte asset name with a 2-byte CBOR header, filling the slot exactly","","2026-09-14","passed","2026-09-14","","getTokenInfoArgument: official token payloads","getTokenInfoArgument: asset name encoding encodes a 32-byte asset name with a 2-byte CBOR header, filling the slot exactly",""
"","171","Test Solana SDK Test SPL Token Transaction QBTSon","","2026-09-14","passed","2026-09-14","","Test Solana SDK","Test Solana SDK Test SPL Token Transaction QBTSon",""
"","170","Test Solana SDK Test SPL Token Transaction OUSTon","","2026-09-14","passed","2026-09-14","","Test Solana SDK","Test Solana SDK Test SPL Token Transaction OUSTon",""
"","172","Test Solana SDK Test SPL Token Transaction GRNDon","","2026-09-14","passed","2026-09-14","","Test Solana SDK","Test Solana SDK Test SPL Token Transaction GRNDon",""
"","174","Test Solana SDK Test SPL Token Transaction PPLTon","","2026-09-14","passed","2026-09-14","","Test Solana SDK","Test Solana SDK Test SPL Token Transaction PPLTon",""
"","130","Test ICX SDK get address","","2026-09-14","passed","2026-09-14","","Test ICX SDK","Test ICX SDK get address",""
"","172","Test Solana SDK Test SPL Token Transaction IALTon","","2026-09-14","passed","2026-09-14","","Test Solana SDK","Test Solana SDK Test SPL Token Transaction IALTon",""
"","169","Test Solana SDK Test SPL Token Transaction LIon","","2026-09-14","passed","2026-09-14","","Test Solana SDK","Test Solana SDK Test SPL Token Transaction LIon",""
"","2","Test scriptUtil.getXXXArguments function getDelegateAndCreateAccountArguments with compute budget","","2026-09-14","passed","2026-09-14","","Test scriptUtil.getXXXArguments function","Test scriptUtil.getXXXArguments function getDelegateAndCreateAccountArguments with compute budget",""
"","0","ICX signature assembly is always 65 bytes for normal r and s values","","2026-09-14","passed","2026-09-14","","ICX signature assembly","ICX signature assembly is always 65 bytes for normal r and s values",""
"","1","Test Sui SDK Test Sign Coin Transfer Test Coin Transfer Transaction Failed With Empty Gas Payment","","2026-09-14","passed","2026-09-14","","Test Sui SDK","Test Sui SDK Test Sign Coin Transfer Test Coin Transfer Transaction Failed With Empty Gas Payment",""
"","1","buildMultiAssetCbor canonical ordering orders policies by decoded byte value, not by hex-string case","","2026-09-14","passed","2026-09-14","","buildMultiAssetCbor canonical ordering","buildMultiAssetCbor canonical ordering orders policies by decoded byte value, not by hex-string case",""
"","172","Test Solana SDK Test SPL Token Transaction KEYSon","","2026-09-14","passed","2026-09-14","","Test Solana SDK","Test Solana SDK Test SPL Token Transaction KEYSon",""
"","198","Test Solana SDK Test SPL Token Transaction ETNon","","2026-09-14","passed","2026-09-14","","Test Solana SDK","Test Solana SDK Test SPL Token Transaction ETNon",""
"","178","Test Solana SDK Test SPL Token Transaction ACLSon","","2026-09-14","passed","2026-09-14","","Test Solana SDK","Test Solana SDK Test SPL Token Transaction ACLSon",""
"","184","Test Solana SDK Test SPL Token Transaction GMT","","2026-09-14","passed","2026-09-14","","Test Solana SDK","Test Solana SDK Test SPL Token Transaction GMT",""
"","171","Test Solana SDK Test SPL Token Transaction COHRon","","2026-09-14","passed","2026-09-14","","Test Solana SDK","Test Solana SDK Test SPL Token Transaction COHRon",""
"","169","Test Solana SDK Test SPL Token Transaction SGOVon","","2026-09-14","passed","2026-09-14","","Test Solana SDK","Test Solana SDK Test SPL Token Transaction SGOVon",""
"","178","Test Solana SDK Test SPL Token Transaction RKLBon","","2026-09-14","passed","2026-09-14","","Test Solana SDK","Test Solana SDK Test SPL Token Transaction RKLBon",""
"","291","Test KSM SDK Test KSM Unbond unbond with address 0","","2026-09-14","passed","2026-09-14","","Test DOT SDK","Test KSM SDK Test KSM Unbond unbond with address 0",""
"","171","Test Solana SDK Test SPL Token Transaction SYMon","","2026-09-14","passed","2026-09-14","","Test Solana SDK","Test Solana SDK Test SPL Token Transaction SYMon",""
"","167","Test Solana SDK Test SPL Token Transaction WSon","","2026-09-14","passed","2026-09-14","","Test Solana SDK","Test Solana SDK Test SPL Token Transaction WSon",""
"","176","Test Solana SDK Test SPL Token Transaction ANETon","","2026-09-14","passed","2026-09-14","","Test Solana SDK","Test Solana SDK Test SPL Token Transaction ANETon",""
"","173","Test Solana SDK Test SPL Token Transaction COPon","","2026-09-14","passed","2026-09-14","","Test Solana SDK","Test Solana SDK Test SPL Token Transaction COPon",""
"","171","Test Solana SDK Test SPL Token Transaction PEPon","","2026-09-14","passed","2026-09-14","","Test Solana SDK","Test Solana SDK Test SPL Token Transaction PEPon",""
"","179","Test Solana SDK Test SPL Token Transaction CIBRon","","2026-09-14","passed","2026-09-14","","Test Solana SDK","Test Solana SDK Test SPL Token Transaction CIBRon",""
"","873","Test ADA SDK Test sign transaction TokenTransfer sends official token MIN (verified symbol once signed, otherwise @MIN)","","2026-09-14","passed","2026-09-14","","Test ADA SDK","Test ADA SDK Test sign transaction TokenTransfer sends official token MIN (verified symbol once signed, otherwise @MIN)",""
"","171","Test Solana SDK Test SPL Token Transaction MYRGon","","2026-09-14","passed","2026-09-14","","Test Solana SDK","Test Solana SDK Test SPL Token Transaction MYRGon",""
"","172","Test Solana SDK Test SPL Token Transaction NETon","","2026-09-14","passed","2026-09-14","","Test Solana SDK","Test Solana SDK Test SPL Token Transaction NETon",""
"","170","Test Solana SDK Test SPL Token Transaction MELIon","","2026-09-14","passed","2026-09-14","","Test Solana SDK","Test Solana SDK Test SPL Token Transaction MELIon",""
"","0","Test KAS SDK Test validateDustThreshold with 600 dust Test transfer 546 sompi","","2026-09-14","passed","2026-09-14","","Test KAS SDK","Test KAS SDK Test validateDustThreshold with 600 dust Test transfer 546 sompi",""
"","166","Test Solana SDK Test SPL Token Transaction WMon","","2026-09-14","passed","2026-09-14","","Test Solana SDK","Test Solana SDK Test SPL Token Transaction WMon",""
"","171","Test Solana SDK Test SPL Token Transaction ENBon","","2026-09-14","passed","2026-09-14","","Test Solana SDK","Test Solana SDK Test SPL Token Transaction ENBon",""
"","1","buildMultiAssetCbor canonical ordering pins the exact canonical bytes for a two-policy bundle","","2026-09-14","passed","2026-09-14","","buildMultiAssetCbor canonical ordering","buildMultiAssetCbor canonical ordering pins the exact canonical bytes for a two-policy bundle",""
"","171","Test Solana SDK Test SPL Token Transaction SATAon","","2026-09-14","passed","2026-09-14","","Test Solana SDK","Test Solana SDK Test SPL Token Transaction SATAon",""
"","526","Test Sui SDK Test Sign Coin Transfer Test Coin Transfer Transaction Success With 0.1 SUI","","2026-09-14","passed","2026-09-14","","Test Sui SDK","Test Sui SDK Test Sign Coin Transfer Test Coin Transfer Transaction Success With 0.1 SUI",""
"","174","Test Solana SDK Test SPL Token Transaction INDAon","","2026-09-14","passed","2026-09-14","","Test Solana SDK","Test Solana SDK Test SPL Token Transaction INDAon",""
"","170","Test Solana SDK Test SPL Token Transaction IJHon","","2026-09-14","passed","2026-09-14","","Test Solana SDK","Test Solana SDK Test SPL Token Transaction IJHon",""
"","169","Test Solana SDK Test SPL Token Transaction MTZon","","2026-09-14","passed","2026-09-14","","Test Solana SDK","Test Solana SDK Test SPL Token Transaction MTZon",""
"","0","isBase58Format accepts the System Program ID, whose leading zero bytes shrink it to 32 chars","","2026-09-14","passed","2026-09-14","","isBase58Format","isBase58Format accepts the System Program ID, whose leading zero bytes shrink it to 32 chars",""
"","474","Test ETC SDK Test Get Address index 0 address","","2026-09-14","passed","2026-09-14","","Test ETC SDK","Test ETC SDK Test Get Address index 0 address",""
"","189","Test Solana SDK Test SPL Token Transaction COPXon","","2026-09-14","passed","2026-09-14","","Test Solana SDK","Test Solana SDK Test SPL Token Transaction COPXon",""
"","349","Test BSC SDK Test Sign Transfer BSC Transaction","","2026-09-14","passed","2026-09-14","","Test BSC SDK","Test BSC SDK Test Sign Transfer BSC Transaction",""
"","171","Test Solana SDK Test SPL Token Transaction NVTSon","","2026-09-14","passed","2026-09-14","","Test Solana SDK","Test Solana SDK Test SPL Token Transaction NVTSon",""
"","1","Test Sui SDK Test Sign Coin Transfer Test Coin Transfer Transaction Failed With 0 SUI","","2026-09-14","passed","2026-09-14","","Test Sui SDK","Test Sui SDK Test Sign Coin Transfer Test Coin Transfer Transaction Failed With 0 SUI",""
"","1","addressToOutScript P2WPKH: ltc1q address (43 chars) → scriptType P2WPKH with 20-byte hash","","2026-09-14","passed","2026-09-14","","addressToOutScript","addressToOutScript P2WPKH: ltc1q address (43 chars) → scriptType P2WPKH with 20-byte hash",""
"","175","Test Solana SDK Test SPL Token Transaction ARMon","","2026-09-14","passed","2026-09-14","","Test Solana SDK","Test Solana SDK Test SPL Token Transaction ARMon",""
"","1","Test KAS SDK Test retrieving the address at index 0 of the P2SH script type.","","2026-09-14","passed","2026-09-14","","Test KAS SDK","Test KAS SDK Test retrieving the address at index 0 of the P2SH script type.",""
"","0","Test KAS SDK Test pubkeyOrScriptHashToPayment with script P2SH","","2026-09-14","passed","2026-09-14","","Test KAS SDK","Test KAS SDK Test pubkeyOrScriptHashToPayment with script P2SH",""
"","21","getChangeArgument: change value size limit throws when the change value exceeds 2048 bytes","","2026-09-14","passed","2026-09-14","","getTokenInfoArgument: official token payloads","getChangeArgument: change value size limit throws when the change value exceeds 2048 bytes",""
"","0","Test Sui SDK Test Sign Coin Transfer Test Coin Transfer Transaction Failed With Invalid String As Gas Budget","","2026-09-14","passed","2026-09-14","","Test Sui SDK","Test Sui SDK Test Sign Coin Transfer Test Coin Transfer Transaction Failed With Invalid String As Gas Budget",""
"","178","Test Solana SDK Test SPL Token Transaction AEHRon","","2026-09-14","passed","2026-09-14","","Test Solana SDK","Test Solana SDK Test SPL Token Transaction AEHRon",""
"","174","Test Solana SDK Test SPL Token Transaction GOOGLon","","2026-09-14","passed","2026-09-14","","Test Solana SDK","Test Solana SDK Test SPL Token Transaction GOOGLon",""
"","1","Test KAS SDK Test validateOutputs Test normal output","","2026-09-14","passed","2026-09-14","","Test KAS SDK","Test KAS SDK Test validateOutputs Test normal output",""
"","173","Test Solana SDK Test SPL Token Transaction YEARon","","2026-09-14","passed","2026-09-14","","Test Solana SDK","Test Solana SDK Test SPL Token Transaction YEARon",""
"","171","Test Solana SDK Test SPL Token Transaction ROKon","","2026-09-14","passed","2026-09-14","","Test Solana SDK","Test Solana SDK Test SPL Token Transaction ROKon",""
"","178","Test Solana SDK Test SPL Token Transaction PYPLon","","2026-09-14","passed","2026-09-14","","Test Solana SDK","Test Solana SDK Test SPL Token Transaction PYPLon",""
"","184","Test Solana SDK Test SPL Token Transaction AALon","","2026-09-14","passed","2026-09-14","","Test Solana SDK","Test Solana SDK Test SPL Token Transaction AALon",""
"","0","Test KAS SDK Test validateOutputs Test without outputs","","2026-09-14","passed","2026-09-14","","Test KAS SDK","Test KAS SDK Test validateOutputs Test without outputs",""
"","172","Test Solana SDK Test SPL Token Transaction LSCCon","","2026-09-14","passed","2026-09-14","","Test Solana SDK","Test Solana SDK Test SPL Token Transaction LSCCon",""
"","182","Test Solana SDK Test SPL Token Transaction ETHAon","","2026-09-14","passed","2026-09-14","","Test Solana SDK","Test Solana SDK Test SPL Token Transaction ETHAon",""
"","308","Test DOT SDK Test DOT Nominate nominate with address 0 and double hash","","2026-09-14","passed","2026-09-14","","Test DOT SDK","Test DOT SDK Test DOT Nominate nominate with address 0 and double hash",""
"","172","Test Solana SDK Test SPL Token Transaction REMXon","","2026-09-14","passed","2026-09-14","","Test Solana SDK","Test Solana SDK Test SPL Token Transaction REMXon",""
"","177","Test Solana SDK Test SPL Token Transaction CRDOon","","2026-09-14","passed","2026-09-14","","Test Solana SDK","Test Solana SDK Test SPL Token Transaction CRDOon",""
"","671","Test ADA SDK Test Get Address index 0 address","","2026-09-14","passed","2026-09-14","","Test ADA SDK","Test ADA SDK Test Get Address index 0 address",""
"","171","Test Solana SDK Test SPL Token Transaction DEon","","2026-09-14","passed","2026-09-14","","Test Solana SDK","Test Solana SDK Test SPL Token Transaction DEon",""
"","174","Test Solana SDK Test SPL Token Transaction ALABon","","2026-09-14","passed","2026-09-14","","Test Solana SDK","Test Solana SDK Test SPL Token Transaction ALABon",""
"","169","Test Solana SDK Test SPL Token Transaction WFCon","","2026-09-14","passed","2026-09-14","","Test Solana SDK","Test Solana SDK Test SPL Token Transaction WFCon",""
"","171","Test Solana SDK Test SPL Token Transaction BMNRon","","2026-09-14","passed","2026-09-14","","Test Solana SDK","Test Solana SDK Test SPL Token Transaction BMNRon",""
"","177","Test Solana SDK Test SPL Token Transaction APHon","","2026-09-14","passed","2026-09-14","","Test Solana SDK","Test Solana SDK Test SPL Token Transaction APHon",""
"","175","Test Solana SDK Test SPL Token Transaction CLFon","","2026-09-14","passed","2026-09-14","","Test Solana SDK","Test Solana SDK Test SPL Token Transaction CLFon",""
"","174","Test Solana SDK Test SPL Token Transaction DGRWon","","2026-09-14","passed","2026-09-14","","Test Solana SDK","Test Solana SDK Test SPL Token Transaction DGRWon",""
"","176","Test Solana SDK Test SPL Token Transaction BTGon","","2026-09-14","passed","2026-09-14","","Test Solana SDK","Test Solana SDK Test SPL Token Transaction BTGon",""
"","179","Test Solana SDK Test SPL Token Transaction AMGNon","","2026-09-14","passed","2026-09-14","","Test Solana SDK","Test Solana SDK Test SPL Token Transaction AMGNon",""
"","174","Test Solana SDK Test SPL Token Transaction SPCXon","","2026-09-14","passed","2026-09-14","","Test Solana SDK","Test Solana SDK Test SPL Token Transaction SPCXon",""
"","75","Test Sui SDK Test Sign Smart Transaction Test Smart Transaction Failed With Different Sender","","2026-09-14","passed","2026-09-14","","Test Sui SDK","Test Sui SDK Test Sign Smart Transaction Test Smart Transaction Failed With Different Sender",""
"","432","Test XRP SDK Test Get Address index 0 address","","2026-09-14","passed","2026-09-14","","Test XRP SDK","Test XRP SDK Test Get Address index 0 address",""
"","862","Test ADA SDK Test sign transaction TokenTransfer no change output","","2026-09-14","passed","2026-09-14","","Test ADA SDK","Test ADA SDK Test sign transaction TokenTransfer no change output",""
"","173","Test Solana SDK Test SPL Token Transaction JAAAon","","2026-09-14","passed","2026-09-14","","Test Solana SDK","Test Solana SDK Test SPL Token Transaction JAAAon",""
"","365","Test ICX SDK sign tx","","2026-09-14","passed","2026-09-14","","Test ICX SDK","Test ICX SDK sign tx",""
"","559","Test LTC SDK Test Sign Transfer LTC Transaction","","2026-09-14","passed","2026-09-14","","Test LTC SDK","Test LTC SDK Test Sign Transfer LTC Transaction",""
"","171","Test Solana SDK Test SPL Token Transaction RDDTon","","2026-09-14","passed","2026-09-14","","Test Solana SDK","Test Solana SDK Test SPL Token Transaction RDDTon",""
"","1","Test KAS SDK Test validateInputs Test normal input","","2026-09-14","passed","2026-09-14","","Test KAS SDK","Test KAS SDK Test validateInputs Test normal input",""
"","169","Test Solana SDK Test SPL Token Transaction TTon","","2026-09-14","passed","2026-09-14","","Test Solana SDK","Test Solana SDK Test SPL Token Transaction TTon",""
"","9","Test Solana SDK Test Get Token Address","","2026-09-14","passed","2026-09-14","","Test Solana SDK","Test Solana SDK Test Get Token Address",""
"","171","Test Solana SDK Test SPL Token Transaction NNEon","","2026-09-14","passed","2026-09-14","","Test Solana SDK","Test Solana SDK Test SPL Token Transaction NNEon",""
"","173","Test Solana SDK Test SPL Token Transaction STXon","","2026-09-14","passed","2026-09-14","","Test Solana SDK","Test Solana SDK Test SPL Token Transaction STXon",""
"","171","Test Solana SDK Test SPL Token Transaction SLVon","","2026-09-14","passed","2026-09-14","","Test Solana SDK","Test Solana SDK Test SPL Token Transaction SLVon",""
"","172","Test Solana SDK Test SPL Token Transaction HUBBon","","2026-09-14","passed","2026-09-14","","Test Solana SDK","Test Solana SDK Test SPL Token Transaction HUBBon",""
"","171","Test Solana SDK Test SPL Token Transaction MRKon","","2026-09-14","passed","2026-09-14","","Test Solana SDK","Test Solana SDK Test SPL Token Transaction MRKon",""
"","171","Test Solana SDK Test SPL Token Transaction LWLGon","","2026-09-14","passed","2026-09-14","","Test Solana SDK","Test Solana SDK Test SPL Token Transaction LWLGon",""
"","168","Test Solana SDK Test SPL Token Transaction SNAPon","","2026-09-14","passed","2026-09-14","","Test Solana SDK","Test Solana SDK Test SPL Token Transaction SNAPon",""
"","170","Test Solana SDK Test SPL Token Transaction JDon","","2026-09-14","passed","2026-09-14","","Test Solana SDK","Test Solana SDK Test SPL Token Transaction JDon",""
"","419","Test Sui SDK Test Sign Token Transfer Transaction Test Token Transfer Transaction Success With 0.001 USDC","","2026-09-14","passed","2026-09-14","","Test Sui SDK","Test Sui SDK Test Sign Token Transfer Transaction Test Token Transfer Transaction Success With 0.001 USDC",""
"","171","Test Solana SDK Test SPL Token Transaction TASKon","","2026-09-14","passed","2026-09-14","","Test Solana SDK","Test Solana SDK Test SPL Token Transaction TASKon",""
"","1574","Test ADA SDK Test sign transaction StakeDelegate without token","","2026-09-14","passed","2026-09-14","","Test ADA SDK","Test ADA SDK Test sign transaction StakeDelegate without token",""
"","170","Test Solana SDK Test SPL Token Transaction KOon","","2026-09-14","passed","2026-09-14","","Test Solana SDK","Test Solana SDK Test SPL Token Transaction KOon",""
"","169","Test Solana SDK Test SPL Token Transaction JPMon","","2026-09-14","passed","2026-09-14","","Test Solana SDK","Test Solana SDK Test SPL Token Transaction JPMon",""
"","171","Test Solana SDK Test SPL Token Transaction PDDon","","2026-09-14","passed","2026-09-14","","Test Solana SDK","Test Solana SDK Test SPL Token Transaction PDDon",""
"","1","assertTokenTransferSupported rejects a token amount passed as an unsafe JS number","","2026-09-14","passed","2026-09-14","","getTokenInfoArgument: official token payloads","assertTokenTransferSupported rejects a token amount passed as an unsafe JS number",""
"","170","Test Solana SDK Test SPL Token Transaction XOMon","","2026-09-14","passed","2026-09-14","","Test Solana SDK","Test Solana SDK Test SPL Token Transaction XOMon",""
"","1","isBase58Format accepts a valid 44-char base58 pubkey","","2026-09-14","passed","2026-09-14","","isBase58Format","isBase58Format accepts a valid 44-char base58 pubkey",""
"","169","Test Solana SDK Test SPL Token Transaction VTVon","","2026-09-14","passed","2026-09-14","","Test Solana SDK","Test Solana SDK Test SPL Token Transaction VTVon",""
"","173","Test Solana SDK Test SPL Token Transaction EXTRon","","2026-09-14","passed","2026-09-14","","Test Solana SDK","Test Solana SDK Test SPL Token Transaction EXTRon",""
"","1","Test Sui SDK Test Sign Token Transfer Transaction Test Token Transfer Transaction Failed With Invalid To Address","","2026-09-14","passed","2026-09-14","","Test Sui SDK","Test Sui SDK Test Sign Token Transfer Transaction Test Token Transfer Transaction Failed With Invalid To Address",""
"","178","Test Solana SDK Test SPL Token Transaction INSWon","","2026-09-14","passed","2026-09-14","","Test Solana SDK","Test Solana SDK Test SPL Token Transaction INSWon",""
"","170","Test Solana SDK Test SPL Token Transaction HIVEon","","2026-09-14","passed","2026-09-14","","Test Solana SDK","Test Solana SDK Test SPL Token Transaction HIVEon",""
"","170","Test Solana SDK Test SPL Token Transaction QYLDon","","2026-09-14","passed","2026-09-14","","Test Solana SDK","Test Solana SDK Test SPL Token Transaction QYLDon",""
"","1","Test KAS SDK Test getTransferArgument with v8 output address","","2026-09-14","passed","2026-09-14","","Test KAS SDK","Test KAS SDK Test getTransferArgument with v8 output address",""
"","167","Test Solana SDK Test SPL Token Transaction SHOPon","","2026-09-14","passed","2026-09-14","","Test Solana SDK","Test Solana SDK Test SPL Token Transaction SHOPon",""
"","170","Test Solana SDK Test SPL Token Transaction SNDKon","","2026-09-14","passed","2026-09-14","","Test Solana SDK","Test Solana SDK Test SPL Token Transaction SNDKon",""
"","170","Test Solana SDK Test SPL Token Transaction Con","","2026-09-14","passed","2026-09-14","","Test Solana SDK","Test Solana SDK Test SPL Token Transaction Con",""
"","170","Test Solana SDK Test SPL Token Transaction WOLFon","","2026-09-14","passed","2026-09-14","","Test Solana SDK","Test Solana SDK Test SPL Token Transaction WOLFon",""
"","171","Test Solana SDK Test SPL Token Transaction WULFon","","2026-09-14","passed","2026-09-14","","Test Solana SDK","Test Solana SDK Test SPL Token Transaction WULFon",""
"","169","Test Solana SDK Test SPL Token Transaction LUNRon","","2026-09-14","passed","2026-09-14","","Test Solana SDK","Test Solana SDK Test SPL Token Transaction LUNRon",""
"","172","Test Solana SDK Test SPL Token Transaction PINSon","","2026-09-14","passed","2026-09-14","","Test Solana SDK","Test Solana SDK Test SPL Token Transaction PINSon",""
"","171","Test Solana SDK Test SPL Token Transaction RDWon","","2026-09-14","passed","2026-09-14","","Test Solana SDK","Test Solana SDK Test SPL Token Transaction RDWon",""
"","865","Test ADA SDK Test sign transaction TokenTransfer change carrying many leftover tokens (enlarged change slot)","","2026-09-14","passed","2026-09-14","","Test ADA SDK","Test ADA SDK Test sign transaction TokenTransfer change carrying many leftover tokens (enlarged change slot)",""
"","170","Test Solana SDK Test SPL Token Transaction NIKLon","","2026-09-14","passed","2026-09-14","","Test Solana SDK","Test Solana SDK Test SPL Token Transaction NIKLon",""
"","175","Test Solana SDK Test SPL Token Transaction NEEon","","2026-09-14","passed","2026-09-14","","Test Solana SDK","Test Solana SDK Test SPL Token Transaction NEEon",""
"","168","Test Solana SDK Test SPL Token Transaction SOFIon","","2026-09-14","passed","2026-09-14","","Test Solana SDK","Test Solana SDK Test SPL Token Transaction SOFIon",""
"","171","Test Solana SDK Test SPL Token Transaction SQQQon","","2026-09-14","passed","2026-09-14","","Test Solana SDK","Test Solana SDK Test SPL Token Transaction SQQQon",""
"","2","Test scriptUtil.getXXXArguments function getSplTokenTransferArguments preserves the token symbol case","","2026-09-14","passed","2026-09-14","","Test scriptUtil.getXXXArguments function","Test scriptUtil.getXXXArguments function getSplTokenTransferArguments preserves the token symbol case",""
"","172","Test Solana SDK Test SPL Token Transaction NVMIon","","2026-09-14","passed","2026-09-14","","Test Solana SDK","Test Solana SDK Test SPL Token Transaction NVMIon",""
"","172","Test Solana SDK Test SPL Token Transaction GNRCon","","2026-09-14","passed","2026-09-14","","Test Solana SDK","Test Solana SDK Test SPL Token Transaction GNRCon",""
"","173","Test Solana SDK Test SPL Token Transaction COHUon","","2026-09-14","passed","2026-09-14","","Test Solana SDK","Test Solana SDK Test SPL Token Transaction COHUon",""
"","1","Test Sui SDK Test Sign Token Transfer Transaction Test Token Transfer Transaction Failed With Invalid String As Gas Price","","2026-09-14","passed","2026-09-14","","Test Sui SDK","Test Sui SDK Test Sign Token Transfer Transaction Test Token Transfer Transaction Failed With Invalid String As Gas Price",""
"","177","Test Solana SDK Test SPL Token Transaction HOODon","","2026-09-14","passed","2026-09-14","","Test Solana SDK","Test Solana SDK Test SPL Token Transaction HOODon",""
"","170","Test Solana SDK Test SPL Token Transaction POWLon","","2026-09-14","passed","2026-09-14","","Test Solana SDK","Test Solana SDK Test SPL Token Transaction POWLon",""
"","94","Test DOT SDK Test Get DOT Address test get index 0 address","","2026-09-14","passed","2026-09-14","","Test DOT SDK","Test DOT SDK Test Get DOT Address test get index 0 address",""
"","169","Test Solana SDK Test SPL Token Transaction ORBXon","","2026-09-14","passed","2026-09-14","","Test Solana SDK","Test Solana SDK Test SPL Token Transaction ORBXon",""
"","1","Test KAS SDK Test retrieving the address at index 0 of the P2PK_ECDSA script type.","","2026-09-14","passed","2026-09-14","","Test KAS SDK","Test KAS SDK Test retrieving the address at index 0 of the P2PK_ECDSA script type.",""
"","172","Test Solana SDK Test SPL Token Transaction KEELon","","2026-09-14","passed","2026-09-14","","Test Solana SDK","Test Solana SDK Test SPL Token Transaction KEELon",""
"","169","Test Solana SDK Test SPL Token Transaction STNGon","","2026-09-14","passed","2026-09-14","","Test Solana SDK","Test Solana SDK Test SPL Token Transaction STNGon",""
"","0","DOT signature assembly is always 65 bytes when r has a leading-zero byte","","2026-09-14","passed","2026-09-14","","DOT signature assembly","DOT signature assembly is always 65 bytes when r has a leading-zero byte",""
"","171","Test Solana SDK Test SPL Token Transaction CRWDon","","2026-09-14","passed","2026-09-14","","Test Solana SDK","Test Solana SDK Test SPL Token Transaction CRWDon",""
"","185","Test Solana SDK Test SPL Token Transaction BNOon","","2026-09-14","passed","2026-09-14","","Test Solana SDK","Test Solana SDK Test SPL Token Transaction BNOon",""
"","172","Test Solana SDK Test SPL Token Transaction EMRon","","2026-09-14","passed","2026-09-14","","Test Solana SDK","Test Solana SDK Test SPL Token Transaction EMRon",""
"","303","Test DOT SDK Test DOT Withdraw withdraw with address 0","","2026-09-14","passed","2026-09-14","","Test DOT SDK","Test DOT SDK Test DOT Withdraw withdraw with address 0",""
"","0","genCROSigFromSESig signature is always 64 bytes for normal r and s values","","2026-09-14","passed","2026-09-14","","genCROSigFromSESig","genCROSigFromSESig signature is always 64 bytes for normal r and s values",""
"","173","Test Solana SDK Test SPL Token Transaction BLSHon","","2026-09-14","passed","2026-09-14","","Test Solana SDK","Test Solana SDK Test SPL Token Transaction BLSHon",""
"","169","Test Solana SDK Test SPL Token Transaction UNHon","","2026-09-14","passed","2026-09-14","","Test Solana SDK","Test Solana SDK Test SPL Token Transaction UNHon",""
"","0","Test Sui SDK Test Sign Token Transfer Transaction Test Token Transfer Transaction Failed With Empty Gas Payment","","2026-09-14","passed","2026-09-14","","Test Sui SDK","Test Sui SDK Test Sign Token Transfer Transaction Test Token Transfer Transaction Failed With Empty Gas Payment",""
"","172","Test Solana SDK Test SPL Token Transaction PWRon","","2026-09-14","passed","2026-09-14","","Test Solana SDK","Test Solana SDK Test SPL Token Transaction PWRon",""
"","0","DOT signature assembly is always 65 bytes for normal r value","","2026-09-14","passed","2026-09-14","","DOT signature assembly","DOT signature assembly is always 65 bytes for normal r value",""
"","175","Test Solana SDK Test SPL Token Transaction AIPon","","2026-09-14","passed","2026-09-14","","Test Solana SDK","Test Solana SDK Test SPL Token Transaction AIPon",""
"","174","Test Solana SDK Test SPL Token Transaction EUHYon","","2026-09-14","passed","2026-09-14","","Test Solana SDK","Test Solana SDK Test SPL Token Transaction EUHYon",""
"","350","Test Sui SDK Test Sign Smart Transaction Test Smart Transaction Success With 0.1 SUI","","2026-09-14","passed","2026-09-14","","Test Sui SDK","Test Sui SDK Test Sign Smart Transaction Test Smart Transaction Success With 0.1 SUI",""
"","179","Test Solana SDK Test SPL Token Transaction USDS","","2026-09-14","passed","2026-09-14","","Test Solana SDK","Test Solana SDK Test SPL Token Transaction USDS",""
"","168","Test Solana SDK Test SPL Token Transaction RMBSon","","2026-09-14","passed","2026-09-14","","Test Solana SDK","Test Solana SDK Test SPL Token Transaction RMBSon",""
"","171","Test Solana SDK Test SPL Token Transaction LPTHon","","2026-09-14","passed","2026-09-14","","Test Solana SDK","Test Solana SDK Test SPL Token Transaction LPTHon",""
"","169","Test Solana SDK Test Staking Withdraw with different toPubkey","","2026-09-14","passed","2026-09-14","","Test Solana SDK","Test Solana SDK Test Staking Withdraw with different toPubkey",""
"","863","Test ADA SDK Test sign transaction TokenTransfer long asset name (2-byte CBOR header)","","2026-09-14","passed","2026-09-14","","Test ADA SDK","Test ADA SDK Test sign transaction TokenTransfer long asset name (2-byte CBOR header)",""
"","0","ICX signature assembly is always 65 bytes when both r and s have leading-zero bytes","","2026-09-14","passed","2026-09-14","","ICX signature assembly","ICX signature assembly is always 65 bytes when both r and s have leading-zero bytes",""
"","1","encodeOutputValue encodes an ADA-only value as a bare uint","","2026-09-14","passed","2026-09-14","","buildMultiAssetCbor canonical ordering","encodeOutputValue encodes an ADA-only value as a bare uint",""
"","5","addressToOutScript P2WSH: ltc1q address (63 chars) → scriptType P2WSH with 32-byte hash","","2026-09-14","passed","2026-09-14","","addressToOutScript","addressToOutScript P2WSH: ltc1q address (63 chars) → scriptType P2WSH with 32-byte hash",""
"","171","Test Solana SDK Test SPL Token Transaction SHVon","","2026-09-14","passed","2026-09-14","","Test Solana SDK","Test Solana SDK Test SPL Token Transaction SHVon",""
"","176","Test Solana SDK Test SPL Token Transaction ACNon","","2026-09-14","passed","2026-09-14","","Test Solana SDK","Test Solana SDK Test SPL Token Transaction ACNon",""
"","0","Test scriptUtil.getXXXArguments function getUndelegateArguments with compute budget","","2026-09-14","passed","2026-09-14","","Test scriptUtil.getXXXArguments function","Test scriptUtil.getXXXArguments function getUndelegateArguments with compute budget",""
"","1","getTokenInfoArgument: official token payloads SNEK: stored payload equals the SDK-built token-info union","","2026-09-14","passed","2026-09-14","","getTokenInfoArgument: official token payloads","getTokenInfoArgument: official token payloads SNEK: stored payload equals the SDK-built token-info union",""
"","1","assertTokenTransferSupported rejects decimals above 20, or >= 256 (which would overflow the 1-byte field)","","2026-09-14","passed","2026-09-14","","getTokenInfoArgument: official token payloads","assertTokenTransferSupported rejects decimals above 20, or >= 256 (which would overflow the 1-byte field)",""
"","188","Test Solana SDK Test SPL Token Transaction EEMon","","2026-09-14","passed","2026-09-14","","Test Solana SDK","Test Solana SDK Test SPL Token Transaction EEMon",""
"","168","Test Solana SDK Test SPL Token Transaction TMon","","2026-09-14","passed","2026-09-14","","Test Solana SDK","Test Solana SDK Test SPL Token Transaction TMon",""
"","1","Test scriptUtil.getXXXArguments function getSignVersionedArguments","","2026-09-14","passed","2026-09-14","","Test scriptUtil.getXXXArguments function","Test scriptUtil.getXXXArguments function getSignVersionedArguments",""
"","169","Test Solana SDK Test SPL Token Transaction SOXXon","","2026-09-14","passed","2026-09-14","","Test Solana SDK","Test Solana SDK Test SPL Token Transaction SOXXon",""
"","169","Test Solana SDK Test SPL Token Transaction RTXon","","2026-09-14","passed","2026-09-14","","Test Solana SDK","Test Solana SDK Test SPL Token Transaction RTXon",""
"","170","Test Solana SDK Test SPL Token Transaction PCGon","","2026-09-14","passed","2026-09-14","","Test Solana SDK","Test Solana SDK Test SPL Token Transaction PCGon",""
"","1","Test KAS SDK Test validateTransaction Test normal transaction","","2026-09-14","passed","2026-09-14","","Test KAS SDK","Test KAS SDK Test validateTransaction Test normal transaction",""
"","168","Test Solana SDK Test SPL Token Transaction SAPon","","2026-09-14","passed","2026-09-14","","Test Solana SDK","Test Solana SDK Test SPL Token Transaction SAPon",""
"","170","Test Solana SDK Test SPL Token Transaction IRDMon","","2026-09-14","passed","2026-09-14","","Test Solana SDK","Test Solana SDK Test SPL Token Transaction IRDMon",""
"","882","Test ADA SDK Test sign transaction TokenTransfer sends official token USDM (verified symbol once signed, otherwise @USDM)","","2026-09-14","passed","2026-09-14","","Test ADA SDK","Test ADA SDK Test sign transaction TokenTransfer sends official token USDM (verified symbol once signed, otherwise @USDM)",""
"","181","Test Solana SDK Test SPL Token Transaction BBAIon","","2026-09-14","passed","2026-09-14","","Test Solana SDK","Test Solana SDK Test SPL Token Transaction BBAIon",""
"","104","Test XLM SDK Test KAU CoinType Test Sign Transfer KAG Transaction for protocol BIP44","","2026-09-14","passed","2026-09-14","","Test XLM SDK","Test XLM SDK Test KAU CoinType Test Sign Transfer KAG Transaction for protocol BIP44",""
"","171","Test Solana SDK Test SPL Token Transaction JNJon","","2026-09-14","passed","2026-09-14","","Test Solana SDK","Test Solana SDK Test SPL Token Transaction JNJon",""
"","0","buildMultiAssetCbor canonical ordering orders asset names by byte length first, then bytewise","","2026-09-14","passed","2026-09-14","","buildMultiAssetCbor canonical ordering","buildMultiAssetCbor canonical ordering orders asset names by byte length first, then bytewise",""
"","0","assertTokenTransferSupported rejects a zero token amount","","2026-09-14","passed","2026-09-14","","getTokenInfoArgument: official token payloads","assertTokenTransferSupported rejects a zero token amount",""
"","0","Test Sui SDK Test Sign Token Transfer Transaction Test Token Transfer Transaction Failed With Empty String As Gas Price","","2026-09-14","passed","2026-09-14","","Test Sui SDK","Test Sui SDK Test Sign Token Transfer Transaction Test Token Transfer Transaction Failed With Empty String As Gas Price",""
"","1","Test KAS SDK Test getAddressByPublicKey with version 0","","2026-09-14","passed","2026-09-14","","Test KAS SDK","Test KAS SDK Test getAddressByPublicKey with version 0",""
"","169","Test Solana SDK Test SPL Token Transaction SMCIon","","2026-09-14","passed","2026-09-14","","Test Solana SDK","Test Solana SDK Test SPL Token Transaction SMCIon",""
"","174","Test Solana SDK Test SPL Token Transaction CRMon","","2026-09-14","passed","2026-09-14","","Test Solana SDK","Test Solana SDK Test SPL Token Transaction CRMon",""
"","172","Test Solana SDK Test SPL Token Transaction IWMon","","2026-09-14","passed","2026-09-14","","Test Solana SDK","Test Solana SDK Test SPL Token Transaction IWMon",""
"","170","Test Solana SDK Test SPL Token Transaction Ton","","2026-09-14","passed","2026-09-14","","Test Solana SDK","Test Solana SDK Test SPL Token Transaction Ton",""
"","1547","Test ADA SDK Test sign transaction StakeRegister with token","","2026-09-14","passed","2026-09-14","","Test ADA SDK","Test ADA SDK Test sign transaction StakeRegister with token",""
"","176","Test Solana SDK Test SPL Token Transaction ASMLon","","2026-09-14","passed","2026-09-14","","Test Solana SDK","Test Solana SDK Test SPL Token Transaction ASMLon",""
"","171","Test Solana SDK Test SPL Token Transaction PDBCon","","2026-09-14","passed","2026-09-14","","Test Solana SDK","Test Solana SDK Test SPL Token Transaction PDBCon",""
"","193","Test KAS SDK Test signing a transaction with 2 outputs, where one output is 0.2 KAS with the version 8 address","","2026-09-14","passed","2026-09-14","","Test KAS SDK","Test KAS SDK Test signing a transaction with 2 outputs, where one output is 0.2 KAS with the version 8 address",""
"","174","Test Solana SDK Test SPL Token Transaction BEon","","2026-09-14","passed","2026-09-14","","Test Solana SDK","Test Solana SDK Test SPL Token Transaction BEon",""
"","172","Test Solana SDK Test SPL Token Transaction ITOTon","","2026-09-14","passed","2026-09-14","","Test Solana SDK","Test Solana SDK Test SPL Token Transaction ITOTon",""
"","153","Test KAS SDK Test signing a transaction with 1 output, where the output is below 0.2 KAS","","2026-09-14","passed","2026-09-14","","Test KAS SDK","Test KAS SDK Test signing a transaction with 1 output, where the output is below 0.2 KAS",""
"","104","Test XLM SDK Test KAG CoinType Test Sign Transfer KAG Transaction for protocol SLIP0010","","2026-09-14","passed","2026-09-14","","Test XLM SDK","Test XLM SDK Test KAG CoinType Test Sign Transfer KAG Transaction for protocol SLIP0010",""
"","495","Test LTC SDK Test Get index 0 address","","2026-09-14","passed","2026-09-14","","Test LTC SDK","Test LTC SDK Test Get index 0 address",""
"","173","Test Solana SDK Test SPL Token Transaction MBLYon","","2026-09-14","passed","2026-09-14","","Test Solana SDK","Test Solana SDK Test SPL Token Transaction MBLYon",""
"","177","Test Solana SDK Test SPL Token Transaction ABTon","","2026-09-14","passed","2026-09-14","","Test Solana SDK","Test Solana SDK Test SPL Token Transaction ABTon",""
"","1","Test Sui SDK Test Sign Token Transfer Transaction Test Token Transfer Transaction Failed With Invalid Coin Objects Id","","2026-09-14","passed","2026-09-14","","Test Sui SDK","Test Sui SDK Test Sign Token Transfer Transaction Test Token Transfer Transaction Failed With Invalid Coin Objects Id",""
"","1","Test scriptUtil.getXXXArguments function getWithdrawArguments","","2026-09-14","passed","2026-09-14","","Test scriptUtil.getXXXArguments function","Test scriptUtil.getXXXArguments function getWithdrawArguments",""
"","489","Test KSM SDK Test KSM Nominate nominate with address 0 and double hash","","2026-09-14","passed","2026-09-14","","Test DOT SDK","Test KSM SDK Test KSM Nominate nominate with address 0 and double hash",""
"","179","Test Solana SDK Test SPL Token Transaction BABAon","","2026-09-14","passed","2026-09-14","","Test Solana SDK","Test Solana SDK Test SPL Token Transaction BABAon",""
"","168","Test Solana SDK Test SPL Token Transaction VICRon","","2026-09-14","passed","2026-09-14","","Test Solana SDK","Test Solana SDK Test SPL Token Transaction VICRon",""
"","169","Test Solana SDK Test SPL Token Transaction RIVNon","","2026-09-14","passed","2026-09-14","","Test Solana SDK","Test Solana SDK Test SPL Token Transaction RIVNon",""
"","178","Test Solana SDK Test SPL Token Transaction ADBEon","","2026-09-14","passed","2026-09-14","","Test Solana SDK","Test Solana SDK Test SPL Token Transaction ADBEon",""
"","90","Test XTZ SDK XTZ: sign undelegation","","2026-09-14","passed","2026-09-14","","Test XTZ SDK","Test XTZ SDK XTZ: sign undelegation",""
"","171","Test Solana SDK Test SPL Token Transaction STMon","","2026-09-14","passed","2026-09-14","","Test Solana SDK","Test Solana SDK Test SPL Token Transaction STMon",""
"","172","Test Solana SDK Test SPL Token Transaction ICHRon","","2026-09-14","passed","2026-09-14","","Test Solana SDK","Test Solana SDK Test SPL Token Transaction ICHRon",""
"","245","Test BCH SDK BCH signTransaction to address starts with 3","","2026-09-14","passed","2026-09-14","","Test BCH SDK","Test BCH SDK BCH signTransaction to address starts with 3",""
"","173","Test Solana SDK Test SPL Token Transaction GLDon","","2026-09-14","passed","2026-09-14","","Test Solana SDK","Test Solana SDK Test SPL Token Transaction GLDon",""
"","169","Test Solana SDK Test SPL Token Transaction ONon","","2026-09-14","passed","2026-09-14","","Test Solana SDK","Test Solana SDK Test SPL Token Transaction ONon",""
"","1","assertTokenTransferSupported accepts a normal token transfer output","","2026-09-14","passed","2026-09-14","","getTokenInfoArgument: official token payloads","assertTokenTransferSupported accepts a normal token transfer output",""
"","172","Test Solana SDK Test SPL Token Transaction CLOIon","","2026-09-14","passed","2026-09-14","","Test Solana SDK","Test Solana SDK Test SPL Token Transaction CLOIon",""
"","439","Test Sui SDK Test Sign Coin Transfer Test Coin Transfer Transaction Success With 99999999 SUI","","2026-09-14","passed","2026-09-14","","Test Sui SDK","Test Sui SDK Test Sign Coin Transfer Test Coin Transfer Transaction Success With 99999999 SUI",""
"","173","Test Solana SDK Test SPL Token Transaction IAUon","","2026-09-14","passed","2026-09-14","","Test Solana SDK","Test Solana SDK Test SPL Token Transaction IAUon",""
"","169","Test Solana SDK Test SPL Token Transaction VZon","","2026-09-14","passed","2026-09-14","","Test Solana SDK","Test Solana SDK Test SPL Token Transaction VZon",""
"","94","Test XLM SDK Test XLM CoinType Test Get index 1 address","","2026-09-14","passed","2026-09-14","","Test XLM SDK","Test XLM SDK Test XLM CoinType Test Get index 1 address",""
"","488","Test KSM SDK Test KSM Transfer transfer with address 0 and metadatahash","","2026-09-14","passed","2026-09-14","","Test DOT SDK","Test KSM SDK Test KSM Transfer transfer with address 0 and metadatahash",""
"","100","Test XTZ SDK XTZ: sign delegation","","2026-09-14","passed","2026-09-14","","Test XTZ SDK","Test XTZ SDK XTZ: sign delegation",""
"","100","Test APTOS SDK Test Get Address index 0 address","","2026-09-14","passed","2026-09-14","","Test APTOS SDK","Test APTOS SDK Test Get Address index 0 address",""
"","0","Test KAS SDK Test validateAmountCanDisplayOnProCard Test more than 8 bits transfer amount","","2026-09-14","passed","2026-09-14","","Test KAS SDK","Test KAS SDK Test validateAmountCanDisplayOnProCard Test more than 8 bits transfer amount",""
"","173","Test Solana SDK Test SPL Token Transaction DTCRon","","2026-09-14","passed","2026-09-14","","Test Solana SDK","Test Solana SDK Test SPL Token Transaction DTCRon",""
"","171","Test Solana SDK Test SPL Token Transaction IEMGon","","2026-09-14","passed","2026-09-14","","Test Solana SDK","Test Solana SDK Test SPL Token Transaction IEMGon",""
"","175","Test Solana SDK Test SPL Token Transaction SCHWon","","2026-09-14","passed","2026-09-14","","Test Solana SDK","Test Solana SDK Test SPL Token Transaction SCHWon",""
"","886","Test ADA SDK Test sign transaction TokenTransfer sends official token NIGHT (verified symbol once signed, otherwise @NIGHT)","","2026-09-14","passed","2026-09-14","","Test ADA SDK","Test ADA SDK Test sign transaction TokenTransfer sends official token NIGHT (verified symbol once signed, otherwise @NIGHT)",""
"","175","Test Solana SDK Test SPL Token Transaction QUBTon","","2026-09-14","passed","2026-09-14","","Test Solana SDK","Test Solana SDK Test SPL Token Transaction QUBTon",""
"","170","Test Solana SDK Test SPL Token Transaction NKEon","","2026-09-14","passed","2026-09-14","","Test Solana SDK","Test Solana SDK Test SPL Token Transaction NKEon",""
"","1","Test KAS SDK Test decodeAddress throws error if address with unknown version","","2026-09-14","passed","2026-09-14","","Test KAS SDK","Test KAS SDK Test decodeAddress throws error if address with unknown version",""
"","1560","Test ADA SDK Test sign transaction StakeDeregister with token","","2026-09-14","passed","2026-09-14","","Test ADA SDK","Test ADA SDK Test sign transaction StakeDeregister with token",""
"","171","Test Solana SDK Test SPL Token Transaction SPYon","","2026-09-14","passed","2026-09-14","","Test Solana SDK","Test Solana SDK Test SPL Token Transaction SPYon",""
"","175","Test Solana SDK Test SPL Token Transaction GGOVon","","2026-09-14","passed","2026-09-14","","Test Solana SDK","Test Solana SDK Test SPL Token Transaction GGOVon",""
"","170","Test Solana SDK Test SPL Token Transaction LASRon","","2026-09-14","passed","2026-09-14","","Test Solana SDK","Test Solana SDK Test SPL Token Transaction LASRon",""
"","173","Test Solana SDK Test SPL Token Transaction FLQLon","","2026-09-14","passed","2026-09-14","","Test Solana SDK","Test Solana SDK Test SPL Token Transaction FLQLon",""
"","171","Test Solana SDK Test SPL Token Transaction PENGon","","2026-09-14","passed","2026-09-14","","Test Solana SDK","Test Solana SDK Test SPL Token Transaction PENGon",""
"","0","Test KAS SDK Test getUtxoArgument","","2026-09-14","passed","2026-09-14","","Test KAS SDK","Test KAS SDK Test getUtxoArgument",""
"","176","Test Solana SDK Test SPL Token Transaction BRTRon","","2026-09-14","passed","2026-09-14","","Test Solana SDK","Test Solana SDK Test SPL Token Transaction BRTRon",""
"","173","Test Solana SDK Test SPL Token Transaction CLSon","","2026-09-14","passed","2026-09-14","","Test Solana SDK","Test Solana SDK Test SPL Token Transaction CLSon",""
"","170","Test Solana SDK Test SPL Token Transaction PANWon","","2026-09-14","passed","2026-09-14","","Test Solana SDK","Test Solana SDK Test SPL Token Transaction PANWon",""
"","172","Test Solana SDK Test SPL Token Transaction FGDLon","","2026-09-14","passed","2026-09-14","","Test Solana SDK","Test Solana SDK Test SPL Token Transaction FGDLon",""
"","176","Test Solana SDK Test SPL Token Transaction ALOYon","","2026-09-14","passed","2026-09-14","","Test Solana SDK","Test Solana SDK Test SPL Token Transaction ALOYon",""
"","873","Test ADA SDK Test sign transaction TokenTransfer receiver is an enterprise address","","2026-09-14","passed","2026-09-14","","Test ADA SDK","Test ADA SDK Test sign transaction TokenTransfer receiver is an enterprise address",""
"","168","Test Solana SDK Test SPL Token Transaction TQQQon","","2026-09-14","passed","2026-09-14","","Test Solana SDK","Test Solana SDK Test SPL Token Transaction TQQQon",""
"","170","Test Solana SDK Test SPL Token Transaction LECOon","","2026-09-14","passed","2026-09-14","","Test Solana SDK","Test Solana SDK Test SPL Token Transaction LECOon",""
"","174","Test Solana SDK Test SPL Token Transaction CIFRon","","2026-09-14","passed","2026-09-14","","Test Solana SDK","Test Solana SDK Test SPL Token Transaction CIFRon",""
"","118","Test XLM SDK Test XLM CoinType Test Sign Transfer XLM Transaction for protocol BIP44","","2026-09-14","passed","2026-09-14","","Test XLM SDK","Test XLM SDK Test XLM CoinType Test Sign Transfer XLM Transaction for protocol BIP44",""
"","171","Test Solana SDK Test SPL Token Transaction HYGWon","","2026-09-14","passed","2026-09-14","","Test Solana SDK","Test Solana SDK Test SPL Token Transaction HYGWon",""
"","170","Test Solana SDK Test SPL Token Transaction IGVon","","2026-09-14","passed","2026-09-14","","Test Solana SDK","Test Solana SDK Test SPL Token Transaction IGVon",""
"","172","Test Solana SDK Test SPL Token Transaction PLUGon","","2026-09-14","passed","2026-09-14","","Test Solana SDK","Test Solana SDK Test SPL Token Transaction PLUGon",""
"","0","Test Sui SDK Test Sign Token Transfer Transaction Test Token Transfer Transaction Failed With Empty Coin Objects","","2026-09-14","passed","2026-09-14","","Test Sui SDK","Test Sui SDK Test Sign Token Transfer Transaction Test Token Transfer Transaction Failed With Empty Coin Objects",""
"","174","Test Solana SDK Test SPL Token Transaction AIQon","","2026-09-14","passed","2026-09-14","","Test Solana SDK","Test Solana SDK Test SPL Token Transaction AIQon",""
"","172","Test Solana SDK Test SPL Token Transaction SNOWon","","2026-09-14","passed","2026-09-14","","Test Solana SDK","Test Solana SDK Test SPL Token Transaction SNOWon",""
"","172","Test Solana SDK Test SPL Token Transaction ENPHon","","2026-09-14","passed","2026-09-14","","Test Solana SDK","Test Solana SDK Test SPL Token Transaction ENPHon",""
"","1","Test KAS SDK Test validateChange Test normal change","","2026-09-14","passed","2026-09-14","","Test KAS SDK","Test KAS SDK Test validateChange Test normal change",""
